{"type": "FeatureCollection", "name": "Stadtbezirke Hamm (OSM admin_level 9, ODbL)", "features": [{"type": "Feature", "properties": {"name": "Uentrop", "osm_id": 17005558, "stadt": "Hamm"}, "geometry": {"type": "MultiPolygon", "coordinates": [[[[7.8356608, 51.6918225], [7.8398204, 51.6929354], [7.8433298, 51.6938801], [7.8447324, 51.6958707], [7.8467139, 51.6968751], [7.849545, 51.697759], [7.8512448, 51.6976861], [7.8530134, 51.6966692], [7.8542624, 51.696549], [7.8566293, 51.69742], [7.8570137, 51.6973364], [7.8572262, 51.6971355], [7.8574593, 51.6961748], [7.8580795, 51.6957801], [7.8587043, 51.6959441], [7.8593639, 51.6968173], [7.8605588, 51.6969227], [7.8630462, 51.6963893], [7.8650907, 51.6967226], [7.865382, 51.6969977], [7.8658322, 51.6974231], [7.8665793, 51.6980458], [7.8674117, 51.6982559], [7.8680451, 51.69818], [7.8686489, 51.6980064], [7.869603, 51.697406], [7.870269, 51.697044], [7.8707404, 51.6967631], [7.8712784, 51.6964885], [7.8716025, 51.6964116], [7.8719188, 51.696409], [7.8729055, 51.6966081], [7.8741048, 51.6969249], [7.8748746, 51.6973845], [7.8753275, 51.6979253], [7.8756347, 51.6986981], [7.8767175, 51.6994343], [7.8779302, 51.7001975], [7.8793177, 51.7004798], [7.88045, 51.7003863], [7.8819935, 51.7003296], [7.889707, 51.7025946], [7.890458, 51.7028276], [7.8907083, 51.7029607], [7.8909018, 51.7031415], [7.8911613, 51.7035569], [7.8912408, 51.703801], [7.8913435, 51.7039832], [7.8915174, 51.7041558], [7.8917925, 51.7043521], [7.8922241, 51.7044445], [7.8931241, 51.7044647], [7.8935339, 51.7045025], [7.8941255, 51.7046444], [7.8945988, 51.7048271], [7.894667, 51.7048553], [7.8952855, 51.7051886], [7.8956343, 51.7053113], [7.895973, 51.7053491], [7.896373, 51.7052548], [7.8966141, 51.7048281], [7.8967865, 51.7046301], [7.8970765, 51.7044768], [7.8972967, 51.7044165], [7.8978403, 51.7044321], [7.8990667, 51.7046247], [7.8992141, 51.7046551], [7.8994475, 51.704698], [7.9001592, 51.7048334], [7.9015155, 51.7050319], [7.9020332, 51.7050726], [7.9028002, 51.7051162], [7.9030753, 51.7050378], [7.9032616, 51.7048923], [7.9034844, 51.7043927], [7.9036345, 51.703949], [7.903829, 51.7036009], [7.9040389, 51.7033245], [7.9045937, 51.7028878], [7.9049314, 51.7028171], [7.9052296, 51.7028751], [7.9054482, 51.7029832], [7.9056796, 51.7031838], [7.9057212, 51.7032216], [7.9058404, 51.703454], [7.9059491, 51.7037978], [7.9061342, 51.7040091], [7.9064273, 51.7040463], [7.9065547, 51.7045575], [7.9112961, 51.7044596], [7.9131996, 51.7044061], [7.9133796, 51.7043878], [7.9130658, 51.7045918], [7.912985, 51.70467], [7.9129149, 51.7047605], [7.912817, 51.7049367], [7.9127936, 51.7050443], [7.9127609, 51.7052893], [7.9127337, 51.7055178], [7.9126292, 51.7063746], [7.9148678, 51.706075], [7.915101, 51.7060524], [7.9154985, 51.7060964], [7.9161984, 51.7061815], [7.9162113, 51.7061489], [7.9168306, 51.7057229], [7.9169735, 51.7056721], [7.9171071, 51.7056487], [7.9172735, 51.7056436], [7.9174294, 51.7056451], [7.9186679, 51.7058118], [7.9188953, 51.7058501], [7.9193408, 51.7059493], [7.9205656, 51.7063103], [7.9207528, 51.7063241], [7.9209483, 51.7063061], [7.9213818, 51.706213], [7.9217085, 51.7062187], [7.9220737, 51.7062314], [7.9227607, 51.7060197], [7.9226517, 51.7046728], [7.9228022, 51.7046032], [7.9229759, 51.7046716], [7.9232767, 51.7046761], [7.9236105, 51.7046158], [7.9247495, 51.7042845], [7.9250904, 51.7042428], [7.9255314, 51.7043108], [7.9257993, 51.7044361], [7.9260703, 51.7046197], [7.9263427, 51.7048565], [7.9266186, 51.7050969], [7.926678, 51.705148], [7.9268996, 51.7052889], [7.927087, 51.7053762], [7.9272936, 51.7054049], [7.9274679, 51.7053715], [7.92766, 51.7052388], [7.9278399, 51.7049891], [7.9279215, 51.7046698], [7.9279151, 51.7042181], [7.9279294, 51.7041111], [7.9280077, 51.7039562], [7.9281667, 51.703825], [7.928508, 51.7035993], [7.9288407, 51.7034856], [7.9292975, 51.7033666], [7.9295251, 51.703329], [7.9303533, 51.7032591], [7.9307656, 51.7032781], [7.9309628, 51.7033061], [7.9311579, 51.7034004], [7.9312841, 51.7035038], [7.9316381, 51.7039157], [7.9318958, 51.7041101], [7.9324261, 51.7043532], [7.9328368, 51.7045187], [7.9332206, 51.7046131], [7.9334057, 51.7046317], [7.9335794, 51.7045394], [7.9336698, 51.7042435], [7.9336901, 51.7041031], [7.9337255, 51.703775], [7.933787, 51.7035858], [7.9339131, 51.7033603], [7.9340408, 51.7032034], [7.9341358, 51.7031063], [7.934253, 51.7029849], [7.9345063, 51.7028986], [7.9348767, 51.7028921], [7.9353502, 51.7029957], [7.9360545, 51.7031884], [7.9365616, 51.7033485], [7.9368307, 51.7034436], [7.9372516, 51.7035867], [7.9375566, 51.7036794], [7.9377609, 51.7037474], [7.9382224, 51.7038396], [7.9386009, 51.7038546], [7.9388644, 51.7038205], [7.9390572, 51.7037682], [7.9392696, 51.7036451], [7.9394411, 51.7034551], [7.9395247, 51.7033033], [7.9395262, 51.703154], [7.9393893, 51.7029888], [7.9391104, 51.7028394], [7.9384031, 51.7026428], [7.9377823, 51.7024764], [7.9374598, 51.7023492], [7.9369009, 51.7020567], [7.9367057, 51.701933], [7.9366943, 51.70176], [7.936914, 51.7015013], [7.9373652, 51.7010985], [7.9376438, 51.7009685], [7.9381063, 51.7008668], [7.9384995, 51.7008037], [7.9390544, 51.7007466], [7.9394246, 51.7007693], [7.9400669, 51.700976], [7.9404183, 51.701099], [7.9407028, 51.7011765], [7.9412726, 51.70119], [7.9417185, 51.7011133], [7.9419887, 51.7009618], [7.9423271, 51.7006925], [7.9426647, 51.7003483], [7.9428554, 51.7002237], [7.9431608, 51.7001457], [7.9435628, 51.7001442], [7.9441613, 51.7003027], [7.944363, 51.7003795], [7.9446202, 51.7004515], [7.9449995, 51.7004665], [7.9450712, 51.7004508], [7.94528, 51.7004092], [7.9456445, 51.7002119], [7.9459676, 51.6999478], [7.9460838, 51.6997412], [7.946109, 51.6994502], [7.9462092, 51.6992517], [7.9466836, 51.6987869], [7.9468434, 51.6986767], [7.94713, 51.6983929], [7.9471949, 51.6981891], [7.947351, 51.6982047], [7.94741, 51.6982262], [7.9474924, 51.6982203], [7.9480868, 51.6979886], [7.9481967, 51.6978026], [7.9483987, 51.6976681], [7.9487042, 51.6976274], [7.9488001, 51.6976508], [7.94905, 51.6975601], [7.9493403, 51.6975945], [7.9493577, 51.697652], [7.9494123, 51.6977019], [7.9494716, 51.6976978], [7.9495097, 51.6976818], [7.9495817, 51.6977402], [7.9506193, 51.697397], [7.950956, 51.69729], [7.9514665, 51.697062], [7.9515831, 51.6969791], [7.9516358, 51.6970027], [7.9519976, 51.6966372], [7.9520392, 51.6965511], [7.9522014, 51.6963856], [7.9523915, 51.6964534], [7.952645, 51.6964716], [7.9532299, 51.6965946], [7.9534691, 51.6966668], [7.9539654, 51.6967617], [7.954326, 51.6967936], [7.9546449, 51.6967726], [7.954966, 51.6967216], [7.9555547, 51.6965641], [7.9559396, 51.6964381], [7.9565041, 51.6962197], [7.957289, 51.6958805], [7.9575509, 51.6957856], [7.9579867, 51.6956134], [7.9583604, 51.6954776], [7.9588069, 51.6952664], [7.9591386, 51.695035], [7.959551, 51.6946741], [7.960091, 51.6943634], [7.9615041, 51.6935296], [7.9616811, 51.6934346], [7.9619617, 51.6933417], [7.9622157, 51.6932835], [7.962361, 51.6932625], [7.9625876, 51.6932392], [7.9631633, 51.6932653], [7.9636511, 51.6933355], [7.9640318, 51.6933276], [7.9642374, 51.6932645], [7.9643204, 51.6932415], [7.9645083, 51.6931655], [7.9647249, 51.6930714], [7.9650571, 51.6928189], [7.96524, 51.6926527], [7.9655488, 51.6922015], [7.9655747, 51.6921278], [7.9656698, 51.6920268], [7.966104, 51.6918149], [7.9662211, 51.691789], [7.9664299, 51.6917747], [7.9667133, 51.6917835], [7.9672266, 51.6918854], [7.967608, 51.6920088], [7.9681517, 51.692181], [7.9683753, 51.6922701], [7.9684393, 51.6922629], [7.9687953, 51.6923942], [7.9689967, 51.6924003], [7.9691833, 51.6923826], [7.9695761, 51.6923036], [7.9698794, 51.6922642], [7.9706312, 51.6922553], [7.970892, 51.6921934], [7.9711048, 51.6920855], [7.9712509, 51.6917499], [7.9712791, 51.6916585], [7.9712512, 51.6914279], [7.9713164, 51.6913017], [7.9714301, 51.6912569], [7.9716054, 51.6912411], [7.9722107, 51.6912977], [7.9727505, 51.6914449], [7.9730314, 51.6914957], [7.9731599, 51.6914977], [7.9733577, 51.6914456], [7.9735316, 51.6914316], [7.9736562, 51.6912845], [7.9736562, 51.6911044], [7.973563, 51.6908089], [7.9735576, 51.6906565], [7.9736683, 51.6904545], [7.9738618, 51.6901695], [7.9739803, 51.6901158], [7.9744377, 51.6900158], [7.974905, 51.6900321], [7.9753483, 51.6899873], [7.9763456, 51.6898239], [7.9766925, 51.6896899], [7.9767835, 51.68956], [7.976791, 51.6894281], [7.9765946, 51.6892881], [7.9763962, 51.6892649], [7.9760487, 51.689318], [7.9756877, 51.6892983], [7.97551, 51.6892217], [7.9753619, 51.6890572], [7.9753487, 51.6889268], [7.9754537, 51.6888296], [7.9755787, 51.688782], [7.9760686, 51.6886451], [7.9770199, 51.6883594], [7.9776504, 51.6882162], [7.9778154, 51.6881491], [7.9779556, 51.6880386], [7.9779874, 51.6879307], [7.9778985, 51.687695], [7.977772, 51.6875242], [7.9777815, 51.6874872], [7.9775839, 51.6872731], [7.9775331, 51.6870464], [7.9775803, 51.6869887], [7.9776599, 51.6868233], [7.9776641, 51.6867837], [7.9777354, 51.6867183], [7.9778564, 51.6866566], [7.9780226, 51.6865971], [7.9782505, 51.6865993], [7.9784834, 51.6866293], [7.9787358, 51.6867163], [7.9793354, 51.686889], [7.9795383, 51.6869754], [7.979719, 51.6869902], [7.9798761, 51.6869742], [7.980043, 51.6869053], [7.980104, 51.6868173], [7.9801357, 51.6866109], [7.9801211, 51.6863397], [7.9800673, 51.6858607], [7.9801131, 51.6853556], [7.9802556, 51.6850705], [7.9804163, 51.6848966], [7.9807471, 51.6846617], [7.9807727, 51.6846154], [7.9809428, 51.6845429], [7.9812549, 51.6844675], [7.9814774, 51.6844481], [7.9817794, 51.6844388], [7.9820636, 51.6844727], [7.98237, 51.6845405], [7.9826927, 51.6845597], [7.9828416, 51.6845365], [7.9829256, 51.6845095], [7.9832956, 51.6843645], [7.9834435, 51.6843226], [7.9836325, 51.6842616], [7.9839205, 51.6841696], [7.9841734, 51.6840866], [7.9842694, 51.6840596], [7.9844364, 51.6840216], [7.9847053, 51.6839566], [7.9853722, 51.6838416], [7.9854932, 51.6838036], [7.9862211, 51.6835786], [7.9863981, 51.6835217], [7.986707, 51.6834187], [7.9870576, 51.6832089], [7.9873382, 51.682968], [7.9876976, 51.6823995], [7.9878112, 51.6822126], [7.9877801, 51.6819878], [7.9873883, 51.6814294], [7.9870433, 51.6811456], [7.9868385, 51.6808153], [7.9868535, 51.6805144], [7.9872215, 51.6803311], [7.9878409, 51.6800778], [7.9880481, 51.679956], [7.9881115, 51.6796809], [7.9880899, 51.679462], [7.9878682, 51.6789117], [7.9879023, 51.6787101], [7.9880443, 51.6785331], [7.9882251, 51.6784373], [7.9883789, 51.6784614], [7.9886967, 51.6786022], [7.9892523, 51.6791253], [7.9895022, 51.679213], [7.9901368, 51.6790883], [7.9905233, 51.6788103], [7.9908402, 51.6786232], [7.9914504, 51.6784552], [7.9916669, 51.6783942], [7.9919625, 51.6782186], [7.992129, 51.6780104], [7.9924409, 51.6776203], [7.9926877, 51.6775147], [7.99296, 51.6774445], [7.9939668, 51.677294], [7.9942809, 51.6772178], [7.9945395, 51.6771027], [7.9947869, 51.6769644], [7.9950758, 51.6768004], [7.9955608, 51.6764185], [7.9965396, 51.6756446], [7.9967286, 51.6754726], [7.9969537, 51.6752316], [7.9971792, 51.6747992], [7.997203, 51.6745741], [7.9974351, 51.6742749], [7.9971805, 51.6739402], [7.9964092, 51.6728614], [7.9961957, 51.672738], [7.9960715, 51.6724955], [7.9958307, 51.6725349], [7.9957517, 51.6725022], [7.9955749, 51.6724817], [7.9953929, 51.6724684], [7.9951308, 51.672501], [7.9948148, 51.6725837], [7.9945576, 51.6726305], [7.9943459, 51.6726455], [7.9940668, 51.6726094], [7.9935915, 51.6724826], [7.9928837, 51.6724064], [7.9926012, 51.6724759], [7.99186, 51.6726583], [7.9915403, 51.6726331], [7.989938, 51.6727866], [7.9895732, 51.672858], [7.9863362, 51.6731449], [7.9849659, 51.6714367], [7.9790642, 51.6728874], [7.9689764, 51.6753262], [7.9683424, 51.6755569], [7.9674421, 51.675744], [7.9674481, 51.6755346], [7.9670703, 51.6755225], [7.9658182, 51.6753152], [7.9646132, 51.6750748], [7.9642982, 51.6750277], [7.9640734, 51.6750385], [7.9640863, 51.6757111], [7.9635195, 51.6757925], [7.962796, 51.6756196], [7.9607183, 51.6748197], [7.9587809, 51.6741502], [7.958582, 51.6739451], [7.9582482, 51.6738558], [7.9570136, 51.6740877], [7.9569267, 51.6735508], [7.955106, 51.6733369], [7.9555306, 51.6726048], [7.9533106, 51.6726695], [7.9548632, 51.6702629], [7.9556474, 51.6689228], [7.9523632, 51.6671295], [7.9516237, 51.6670197], [7.9514764, 51.6669006], [7.9529057, 51.6667143], [7.9528533, 51.6666375], [7.9526702, 51.666346], [7.9527546, 51.6662398], [7.9527001, 51.666209], [7.9527229, 51.6660769], [7.9527934, 51.6658126], [7.9528475, 51.6651021], [7.9528182, 51.6647013], [7.9528482, 51.6642727], [7.9529246, 51.6638287], [7.9530803, 51.6632894], [7.9535306, 51.6624014], [7.9541065, 51.6611326], [7.9540959, 51.6608917], [7.9540617, 51.6607265], [7.953644, 51.6603136], [7.9535976, 51.660074], [7.9535379, 51.6597004], [7.9534535, 51.6593727], [7.9534421, 51.6593286], [7.9533884, 51.65873], [7.9533836, 51.6586762], [7.953337, 51.6584871], [7.9532692, 51.658212], [7.9530134, 51.6570886], [7.9529422, 51.6564761], [7.9528977, 51.6559922], [7.952779, 51.6556254], [7.9526826, 51.6553426], [7.9526273, 51.6552088], [7.9526076, 51.6550904], [7.9524867, 51.6551076], [7.9524835, 51.655018], [7.9524184, 51.6550645], [7.9506565, 51.6553066], [7.9497196, 51.6533109], [7.9496984, 51.6533319], [7.9486689, 51.6534867], [7.948682, 51.653426], [7.9484233, 51.652665], [7.948084, 51.6521071], [7.9480101, 51.6519509], [7.9479657, 51.6518602], [7.9476355, 51.651888], [7.9474031, 51.6517785], [7.9473197, 51.6516294], [7.9469132, 51.6508627], [7.9467818, 51.6505649], [7.9467456, 51.6504725], [7.9467791, 51.6504226], [7.9471313, 51.6503434], [7.946991, 51.6498118], [7.9467964, 51.6492533], [7.9460381, 51.6468374], [7.9494932, 51.6462102], [7.9487407, 51.6445569], [7.9486925, 51.6445252], [7.9491523, 51.6444047], [7.9496563, 51.6443521], [7.9497827, 51.6442329], [7.9498812, 51.6442123], [7.9495985, 51.64342], [7.9497676, 51.6433405], [7.9487661, 51.6422549], [7.9486814, 51.6420119], [7.94917, 51.6419852], [7.9481873, 51.6412335], [7.9481051, 51.6412131], [7.9481051, 51.641156], [7.9467112, 51.6411589], [7.9462831, 51.6403143], [7.9458331, 51.6402134], [7.9453899, 51.6401429], [7.9450532, 51.6400631], [7.9444208, 51.6382405], [7.9444045, 51.6381556], [7.9443852, 51.6381516], [7.9437205, 51.6380319], [7.9434445, 51.6379818], [7.9432535, 51.6379707], [7.9412166, 51.638134], [7.941106, 51.6381429], [7.9406932, 51.6382186], [7.9404564, 51.6382934], [7.9402006, 51.6384166], [7.9399466, 51.6386066], [7.9397786, 51.6388189], [7.9396483, 51.639485], [7.9395291, 51.6396292], [7.9392645, 51.6397796], [7.9390598, 51.6398873], [7.9388198, 51.6399673], [7.9386486, 51.6399959], [7.9384571, 51.6400113], [7.9375218, 51.6399711], [7.9368977, 51.6398998], [7.9366846, 51.6399211], [7.9366285, 51.6399387], [7.9365249, 51.640004], [7.9364318, 51.6400745], [7.936208, 51.6402681], [7.9361569, 51.6403241], [7.9361186, 51.6403838], [7.9361124, 51.6404012], [7.936099, 51.640447], [7.9360848, 51.640511], [7.9360476, 51.640696], [7.9360245, 51.6408139], [7.9360128, 51.6408738], [7.9359891, 51.640999], [7.9359665, 51.6410499], [7.9359625, 51.6410551], [7.9359413, 51.6410888], [7.9359003, 51.6411219], [7.9358536, 51.641152], [7.9357957, 51.6411734], [7.9357382, 51.6411862], [7.9357317, 51.6411878], [7.935665, 51.6411971], [7.9353259, 51.64119], [7.9352352, 51.6411903], [7.9350954, 51.6412136], [7.9350109, 51.641239], [7.9348966, 51.641293], [7.9348346, 51.6413369], [7.934781, 51.6413845], [7.9347386, 51.6414362], [7.9346732, 51.6415846], [7.9346524, 51.6416241], [7.9346156, 51.6416599], [7.9345824, 51.6416957], [7.9345412, 51.6417281], [7.9344992, 51.6417587], [7.9344535, 51.6417883], [7.9344034, 51.6418152], [7.934351, 51.6418422], [7.9336367, 51.6420967], [7.9335067, 51.6421595], [7.9334219, 51.6422094], [7.9333286, 51.6422671], [7.9329469, 51.642503], [7.9324461, 51.6428123], [7.9323885, 51.6428459], [7.9323083, 51.6428959], [7.9322148, 51.6429357], [7.9321197, 51.6429743], [7.9320462, 51.6429915], [7.9320069, 51.6429954], [7.931914, 51.6430047], [7.9318007, 51.6430067], [7.9317413, 51.643004], [7.9315231, 51.6429935], [7.9314796, 51.6429922], [7.9314464, 51.6429975], [7.9313734, 51.6430229], [7.9311833, 51.6431368], [7.9310303, 51.6431771], [7.9309065, 51.6431757], [7.9306464, 51.6430983], [7.9305674, 51.6430278], [7.9305638, 51.6429996], [7.9305906, 51.6429689], [7.9306903, 51.6428453], [7.930735, 51.6427542], [7.9307676, 51.6425575], [7.9307535, 51.6425092], [7.9307378, 51.6424811], [7.9306829, 51.6424601], [7.9306338, 51.6424601], [7.9305163, 51.6424758], [7.930318, 51.642573], [7.9303155, 51.6425854], [7.9301705, 51.6426834], [7.930112, 51.6427245], [7.9299502, 51.6428226], [7.9298568, 51.6428395], [7.9297869, 51.642838], [7.9295505, 51.6427576], [7.9294037, 51.6426636], [7.9293677, 51.642609], [7.929405, 51.6425069], [7.9294817, 51.6423634], [7.929652, 51.6422408], [7.929665, 51.6422245], [7.9296592, 51.6422034], [7.92964, 51.6421861], [7.9295894, 51.6421472], [7.9292922, 51.6420027], [7.9292297, 51.6419824], [7.9291815, 51.6419789], [7.9291428, 51.6419942], [7.9291058, 51.6420334], [7.9290925, 51.642076], [7.9290932, 51.6422037], [7.9290068, 51.6422548], [7.9288743, 51.6422459], [7.9286413, 51.6422345], [7.9285313, 51.6422504], [7.9283536, 51.6422949], [7.9281954, 51.6423654], [7.9282055, 51.6423713], [7.9281072, 51.6424763], [7.9277096, 51.6429652], [7.9276196, 51.6430525], [7.9275149, 51.6431336], [7.9273911, 51.6432034], [7.9272519, 51.6432605], [7.926751, 51.6434238], [7.9266674, 51.6434553], [7.9265909, 51.6434929], [7.926523, 51.6435366], [7.9264579, 51.6435821], [7.9264073, 51.6436342], [7.9263628, 51.6436882], [7.9263312, 51.6437457], [7.9263104, 51.6438057], [7.9262437, 51.6440344], [7.9262013, 51.6441362], [7.9261394, 51.6442338], [7.9260558, 51.6443253], [7.9259636, 51.6444027], [7.9259544, 51.6444104], [7.925833, 51.6444845], [7.9256955, 51.6445476], [7.9255474, 51.6446002], [7.9253873, 51.6446378], [7.9252053, 51.6446596], [7.9250532, 51.6446687], [7.9248848, 51.6446584], [7.9247175, 51.6446404], [7.924555, 51.6446084], [7.9244039, 51.6445583], [7.924263, 51.6444997], [7.9241371, 51.6444299], [7.92353, 51.6440286], [7.9234801, 51.644], [7.9234227, 51.6439779], [7.9233579, 51.6439654], [7.9232926, 51.6439556], [7.9232266, 51.643958], [7.9231619, 51.643969], [7.9231006, 51.643987], [7.9230443, 51.6440106], [7.9228281, 51.6441185], [7.9227609, 51.6441471], [7.9226881, 51.6441701], [7.9226089, 51.6441822], [7.9225271, 51.6441861], [7.9224455, 51.6441785], [7.9223688, 51.6441604], [7.9222998, 51.6441332], [7.9222372, 51.6440999], [7.9220844, 51.6440021], [7.9220318, 51.6439697], [7.9219706, 51.6439433], [7.9219501, 51.643937], [7.9219044, 51.6439229], [7.9218351, 51.6439064], [7.9217612, 51.6439014], [7.9216873, 51.6439057], [7.9216154, 51.6439157], [7.9215444, 51.6439265], [7.9209313, 51.6440676], [7.9206768, 51.6441262], [7.9205494, 51.6441456], [7.9204187, 51.6441538], [7.9202861, 51.6441489], [7.9201601, 51.6441222], [7.9198923, 51.6440559], [7.9195665, 51.6439753], [7.9195034, 51.6439639], [7.9194732, 51.6439585], [7.9193752, 51.643948], [7.9192813, 51.6439475], [7.9189426, 51.6440119], [7.9188848, 51.644038], [7.918867, 51.6440461], [7.9186657, 51.6441401], [7.9183196, 51.6443018], [7.9181122, 51.6443988], [7.9180167, 51.644441], [7.9179066, 51.6444684], [7.9177904, 51.6444813], [7.9176729, 51.6444849], [7.9176287, 51.6444829], [7.9173274, 51.6444692], [7.9172116, 51.6444762], [7.9171044, 51.6445038], [7.9170561, 51.6445313], [7.9170178, 51.6445531], [7.9169623, 51.6446173], [7.9169486, 51.6446415], [7.916826, 51.644858], [7.9167961, 51.6448998], [7.9167581, 51.6449393], [7.9167111, 51.6449744], [7.9166589, 51.6450057], [7.9166017, 51.6450349], [7.9165378, 51.6450576], [7.9164702, 51.6450769], [7.9163986, 51.6450884], [7.9162835, 51.6451045], [7.9161981, 51.6451184], [7.9161162, 51.6451413], [7.9160403, 51.6451709], [7.9159747, 51.6452095], [7.915875, 51.6452829], [7.9158355, 51.6453126], [7.9158013, 51.6453443], [7.9157693, 51.6453778], [7.9157453, 51.6454117], [7.915724, 51.6454608], [7.9156862, 51.6455197], [7.915629, 51.6455713], [7.9155604, 51.6456169], [7.9154819, 51.6456555], [7.9151012, 51.6458024], [7.9149916, 51.6458532], [7.914897, 51.6459152], [7.9148172, 51.6459851], [7.9147557, 51.6460617], [7.9144859, 51.646485], [7.914397, 51.6465667], [7.9142715, 51.6466821], [7.9133214, 51.6472072], [7.9131256, 51.6473049], [7.9129087, 51.6473315], [7.9126086, 51.6472878], [7.9123186, 51.647244], [7.9119144, 51.6473176], [7.9115236, 51.6475259], [7.9113757, 51.6477419], [7.9111516, 51.647952], [7.9108891, 51.6480793], [7.9106205, 51.6481454], [7.9102959, 51.6481475], [7.9099792, 51.6480663], [7.9095327, 51.6479396], [7.9090968, 51.6478906], [7.9086685, 51.6479695], [7.9083131, 51.6481271], [7.9080923, 51.6482719], [7.9079401, 51.6483688], [7.907683, 51.6484508], [7.9073838, 51.6484745], [7.9072584, 51.6484742], [7.9071344, 51.6484771], [7.9068181, 51.6485452], [7.9066508, 51.6486354], [7.9064989, 51.648858], [7.9064185, 51.649074], [7.9062559, 51.6492704], [7.906097, 51.6493889], [7.9060169, 51.6494195], [7.9059475, 51.649394], [7.9057977, 51.6492235], [7.9057143, 51.649209], [7.9055831, 51.6492559], [7.9055066, 51.6493417], [7.9054685, 51.6494718], [7.9054871, 51.6495325], [7.9055254, 51.649593], [7.9056824, 51.6496913], [7.9058258, 51.6497594], [7.9058419, 51.6498093], [7.9057762, 51.6498576], [7.9054947, 51.649925], [7.9053242, 51.6499008], [7.904955, 51.6496949], [7.904752, 51.6495956], [7.9044829, 51.6494274], [7.9040775, 51.6492929], [7.9038567, 51.6492676], [7.9036689, 51.6493095], [7.903354, 51.6494788], [7.9031277, 51.6496352], [7.9027319, 51.6498209], [7.9020692, 51.6499808], [7.9015144, 51.6500758], [7.9010128, 51.6502969], [7.9007914, 51.6505111], [7.9005752, 51.6507118], [7.9000675, 51.6508872], [7.8999601, 51.6511691], [7.9000083, 51.6514554], [7.8999536, 51.6516058], [7.8997001, 51.6517615], [7.8996236, 51.6519228], [7.8993496, 51.6520865], [7.8994231, 51.6521843], [7.8994553, 51.6522843], [7.8994079, 51.6523291], [7.8991784, 51.6524103], [7.8989319, 51.6524785], [7.8987457, 51.6525759], [7.8983572, 51.6528209], [7.8984596, 51.652961], [7.8984748, 51.6530421], [7.8984331, 51.6531551], [7.8983458, 51.6531975], [7.898196, 51.6532104], [7.8980196, 51.6531951], [7.8978963, 51.6533587], [7.897625, 51.6534953], [7.897173, 51.6536765], [7.8967112, 51.6537891], [7.8961053, 51.6538929], [7.8957679, 51.6538812], [7.8954533, 51.6537947], [7.8951145, 51.6536148], [7.8946661, 51.6533768], [7.8943794, 51.6533139], [7.8938709, 51.653372], [7.8933821, 51.6537003], [7.8928265, 51.6538809], [7.892046, 51.6539151], [7.8918395, 51.6539063], [7.8912735, 51.6538821], [7.8905041, 51.6538973], [7.8904091, 51.6539057], [7.8902639, 51.6539185], [7.8901396, 51.6539274], [7.8896109, 51.6539596], [7.8887761, 51.6539926], [7.8882367, 51.6539629], [7.8875729, 51.6539232], [7.8871646, 51.6539659], [7.8867347, 51.6540842], [7.8857304, 51.6546634], [7.8846198, 51.6550677], [7.8830722, 51.6553825], [7.8824883, 51.655564], [7.8823456, 51.6555706], [7.8820985, 51.6554545], [7.88186, 51.6553111], [7.8816357, 51.6552708], [7.8813458, 51.6552941], [7.8811483, 51.6554251], [7.8810205, 51.6557438], [7.8809317, 51.6558191], [7.8808275, 51.6557224], [7.8806209, 51.6556567], [7.8803793, 51.6556308], [7.8798914, 51.6556784], [7.879679, 51.6557808], [7.8796606, 51.6559439], [7.8796898, 51.6560245], [7.879576, 51.6560591], [7.879447, 51.6560289], [7.8792486, 51.6559901], [7.8790452, 51.6560154], [7.8789365, 51.6561651], [7.8790143, 51.656416], [7.878759, 51.6565215], [7.8782309, 51.656576], [7.8780373, 51.6565561], [7.8778017, 51.656527], [7.8768728, 51.6564973], [7.8764749, 51.6565107], [7.876118, 51.6564657], [7.8757785, 51.6563337], [7.8755201, 51.6561884], [7.8751372, 51.6560444], [7.874279, 51.655998], [7.8738551, 51.6561419], [7.873614, 51.6562418], [7.8735526, 51.6563253], [7.8735096, 51.6564081], [7.8734302, 51.6567467], [7.873561, 51.6569796], [7.8740452, 51.6574351], [7.8740211, 51.657583], [7.8739799, 51.6578363], [7.8737819, 51.6579613], [7.8735671, 51.6580866], [7.8727864, 51.6582541], [7.8720802, 51.6584358], [7.8718803, 51.6585397], [7.8716491, 51.6588321], [7.8712638, 51.6592317], [7.8710655, 51.6594183], [7.8707135, 51.6596719], [7.8701174, 51.6601968], [7.8699044, 51.6606632], [7.8698286, 51.6611374], [7.8697896, 51.6618314], [7.8698764, 51.6622242], [7.869939, 51.6624307], [7.8700072, 51.6625622], [7.8702267, 51.6630638], [7.8703106, 51.663374], [7.870312, 51.6634519], [7.8703555, 51.6640004], [7.8703716, 51.6642323], [7.8704777, 51.6646396], [7.8704926, 51.6648], [7.8704634, 51.6649037], [7.8704125, 51.6649745], [7.8702881, 51.6651186], [7.8690004, 51.6658478], [7.868465, 51.6660343], [7.8681304, 51.6661263], [7.867483, 51.6662622], [7.8672193, 51.6663028], [7.8668022, 51.666357], [7.8664328, 51.6664185], [7.8663404, 51.6664659], [7.8661951, 51.666595], [7.8661422, 51.6666318], [7.8660473, 51.6666651], [7.865896, 51.6666986], [7.8650352, 51.6668726], [7.8649044, 51.66692], [7.8647075, 51.6670152], [7.8645845, 51.6671189], [7.864485, 51.6672969], [7.864384, 51.667732], [7.8643334, 51.6678475], [7.8642504, 51.6679286], [7.864155, 51.6679898], [7.8640813, 51.6680239], [7.8639381, 51.6680583], [7.8637259, 51.6680613], [7.8635485, 51.6680257], [7.8627654, 51.6677854], [7.8626321, 51.6677754], [7.8610773, 51.6678871], [7.8603506, 51.6679431], [7.8595855, 51.6682708], [7.8590643, 51.6685343], [7.8589653, 51.6686622], [7.8589149, 51.6687846], [7.8588834, 51.6689269], [7.8589227, 51.6690078], [7.8591196, 51.6690943], [7.8592445, 51.6691583], [7.8593269, 51.6692527], [7.8593192, 51.6693566], [7.8589772, 51.6697014], [7.858844, 51.6697563], [7.858017, 51.6698229], [7.8573139, 51.6699147], [7.8561913, 51.6701968], [7.8558303, 51.6702798], [7.8554636, 51.6703406], [7.8547543, 51.6704228], [7.8546592, 51.6704405], [7.8542324, 51.6705195], [7.8539351, 51.6706595], [7.8538919, 51.6706877], [7.853457, 51.6705749], [7.8529384, 51.6703431], [7.8528165, 51.6703683], [7.85281, 51.6704195], [7.8529484, 51.6705918], [7.8529085, 51.6708386], [7.8530748, 51.6711798], [7.8529973, 51.6712707], [7.8526938, 51.6715531], [7.8525677, 51.6716723], [7.8524752, 51.6717596], [7.8522275, 51.671867], [7.8519879, 51.6718672], [7.8517678, 51.6717765], [7.8515846, 51.6717499], [7.8504217, 51.67191], [7.8503495, 51.6719247], [7.8502493, 51.6719615], [7.8501706, 51.6720095], [7.850119, 51.6720734], [7.8500936, 51.6721388], [7.8501019, 51.672218], [7.8501606, 51.6723065], [7.8502143, 51.6723567], [7.8503295, 51.6724574], [7.8503981, 51.6725635], [7.8504037, 51.6726207], [7.8503942, 51.6726734], [7.8503766, 51.672711], [7.8503312, 51.6727484], [7.850202, 51.6728089], [7.8499793, 51.6728743], [7.8499052, 51.6729037], [7.849838, 51.6729396], [7.84978, 51.6729975], [7.8497486, 51.6730781], [7.8497468, 51.6732075], [7.8499283, 51.6746784], [7.8498989, 51.6747944], [7.8497969, 51.6749065], [7.8494582, 51.6751206], [7.8492033, 51.6752387], [7.8489948, 51.6753687], [7.8489081, 51.6754808], [7.8488479, 51.6755989], [7.8490228, 51.6765381], [7.8489237, 51.6767345], [7.8487063, 51.6769877], [7.8483591, 51.6772136], [7.8483049, 51.6772433], [7.8481093, 51.6773507], [7.8478118, 51.6775237], [7.8477082, 51.6776097], [7.8476323, 51.677675], [7.8471785, 51.6782374], [7.8460981, 51.679591], [7.8446752, 51.681404], [7.8432026, 51.6833306], [7.8426839, 51.6840402], [7.8421103, 51.684686], [7.8417678, 51.6852221], [7.8413771, 51.6860936], [7.8410713, 51.6866717], [7.8408357, 51.6870382], [7.8405225, 51.6874956], [7.8403067, 51.6877785], [7.8402187, 51.6878931], [7.8400934, 51.6880503], [7.8394877, 51.6888069], [7.8386891, 51.689958], [7.8381907, 51.6904298], [7.8379238, 51.690786], [7.8377259, 51.6910249], [7.8373737, 51.6912308], [7.8370446, 51.6913026], [7.8367032, 51.6913862], [7.8359576, 51.691665], [7.8356608, 51.6918225]]]]}}, {"type": "Feature", "properties": {"name": "Bockum-Hövel", "osm_id": 17006145, "stadt": "Hamm"}, "geometry": {"type": "MultiPolygon", "coordinates": [[[[7.7023552, 51.7124373], [7.7028226, 51.7124425], [7.7028261, 51.7123853], [7.7031209, 51.7123428], [7.7044393, 51.7118111], [7.7052103, 51.7113302], [7.7046032, 51.7108581], [7.7044193, 51.7107131], [7.7042033, 51.7105411], [7.7040923, 51.7105071], [7.7034514, 51.7103011], [7.7031335, 51.7101981], [7.7018897, 51.7097972], [7.7020296, 51.7095112], [7.7020976, 51.7093742], [7.7019936, 51.7092672], [7.7018087, 51.7091942], [7.7016387, 51.7091292], [7.7015057, 51.7089843], [7.7013587, 51.7088243], [7.7009773, 51.7085325], [7.7003721, 51.7081554], [7.6995023, 51.7076101], [7.6991211, 51.7073334], [7.6990991, 51.7072455], [7.6991361, 51.7071075], [7.699629, 51.7056586], [7.7003349, 51.7057266], [7.7007147, 51.7038292], [7.7007539, 51.7036735], [7.7008281, 51.7035037], [7.7015843, 51.701747], [7.702024, 51.7016914], [7.7030319, 51.7015641], [7.7032826, 51.7010065], [7.703403, 51.7007385], [7.7038929, 51.6996486], [7.7042499, 51.6988544], [7.7056703, 51.6989691], [7.7033732, 51.6972905], [7.7031515, 51.6971206], [7.7028406, 51.6969116], [7.7021527, 51.6966477], [7.7013066, 51.6955685], [7.7013476, 51.6944591], [7.7015876, 51.6942067], [7.7016728, 51.6941084], [7.7021319, 51.6932021], [7.7029943, 51.6929016], [7.7040387, 51.69142], [7.7057252, 51.6901744], [7.7060921, 51.6898964], [7.7064941, 51.6898654], [7.7078188, 51.6877705], [7.7079714, 51.6877903], [7.7090532, 51.6878553], [7.7096052, 51.687896], [7.7099088, 51.6879317], [7.7105382, 51.6880873], [7.7107586, 51.6881087], [7.7106781, 51.6886012], [7.7105861, 51.6893889], [7.71328, 51.6899781], [7.7143342, 51.6902585], [7.7144988, 51.6898614], [7.7144859, 51.6897514], [7.7144899, 51.6895875], [7.7148508, 51.6881376], [7.7145239, 51.6881106], [7.7139979, 51.6881186], [7.7140029, 51.6879467], [7.7148598, 51.6875647], [7.7149648, 51.6875197], [7.7149618, 51.6871377], [7.7149588, 51.6869588], [7.7149878, 51.6868178], [7.7150137, 51.6866304], [7.7150264, 51.686392], [7.7149017, 51.6847406], [7.7157198, 51.6845495], [7.715794, 51.6846456], [7.7159342, 51.6847904], [7.7160351, 51.6848751], [7.7161569, 51.6848257], [7.7171198, 51.6845752], [7.7164877, 51.683516], [7.7165106, 51.6833701], [7.7166291, 51.6832273], [7.7170085, 51.6831022], [7.7171335, 51.6830452], [7.7176971, 51.6828128], [7.7178518, 51.6830189], [7.7180138, 51.6829605], [7.7182644, 51.6828667], [7.7184143, 51.6828352], [7.7192392, 51.6827006], [7.7192724, 51.6824276], [7.7192904, 51.6821886], [7.7193055, 51.6819585], [7.7193426, 51.6816724], [7.7193641, 51.6814547], [7.719584, 51.6814106], [7.7198457, 51.6812325], [7.7199863, 51.6811787], [7.72024, 51.6810523], [7.7204712, 51.6810143], [7.7207962, 51.6810476], [7.720881, 51.6810206], [7.7211571, 51.6809518], [7.7215175, 51.6808454], [7.7220454, 51.6806956], [7.7223812, 51.6806683], [7.7226557, 51.6805505], [7.7228556, 51.6804445], [7.7229522, 51.6800959], [7.7230603, 51.6798858], [7.7231858, 51.6797803], [7.723483, 51.6795216], [7.7237414, 51.6792781], [7.7239796, 51.6791328], [7.7241708, 51.6789542], [7.7244531, 51.6789655], [7.7248067, 51.6790784], [7.7251197, 51.679137], [7.7254383, 51.6792566], [7.7258637, 51.6794088], [7.7259793, 51.6792407], [7.7261082, 51.6791577], [7.7263865, 51.6790141], [7.7266239, 51.6789013], [7.7269427, 51.6787795], [7.7271028, 51.6786273], [7.7272336, 51.6784038], [7.7266035, 51.678187], [7.7277603, 51.6764326], [7.7279391, 51.6761814], [7.7281009, 51.676041], [7.7286278, 51.675747], [7.7286528, 51.6756371], [7.7285528, 51.6754841], [7.7283838, 51.6753351], [7.7282728, 51.6752861], [7.7281869, 51.6752471], [7.7279779, 51.6751791], [7.7278419, 51.6751371], [7.7276369, 51.6750721], [7.72751, 51.6750261], [7.7279889, 51.6747292], [7.7278339, 51.6744312], [7.7276289, 51.6740652], [7.727518, 51.6739313], [7.7274, 51.6738663], [7.7278373, 51.6738539], [7.733773, 51.6736851], [7.7379172, 51.6757753], [7.7393538, 51.6772486], [7.7428349, 51.6758781], [7.7448793, 51.6762892], [7.74394, 51.6778654], [7.7466475, 51.6780024], [7.7491397, 51.6787802], [7.7504299, 51.6791828], [7.7524803, 51.6781791], [7.7537436, 51.6786765], [7.7544099, 51.6791256], [7.7555542, 51.6806614], [7.7564378, 51.6811284], [7.7592913, 51.6794848], [7.76003, 51.6793771], [7.7627006, 51.6791549], [7.7633796, 51.6792426], [7.768189, 51.6808915], [7.7690094, 51.6814353], [7.7703603, 51.682536], [7.7711737, 51.6838735], [7.7717748, 51.684597], [7.7731186, 51.685189], [7.7745332, 51.6852767], [7.7753112, 51.6852767], [7.775488, 51.6828649], [7.7748161, 51.6818124], [7.7773149, 51.6819288], [7.7781472, 51.6819676], [7.7789111, 51.6822905], [7.7791589, 51.6824325], [7.7790237, 51.6824395], [7.7792152, 51.6827747], [7.7792565, 51.6826956], [7.7796808, 51.682514], [7.7806195, 51.682351], [7.7821928, 51.6820135], [7.7837435, 51.6816689], [7.7840852, 51.6815967], [7.784303, 51.6815641], [7.7845283, 51.6815572], [7.7847198, 51.6815572], [7.7848737, 51.6814594], [7.7851065, 51.6814082], [7.7854182, 51.6812638], [7.7856359, 51.6811916], [7.7857936, 51.6811474], [7.786049, 51.6811055], [7.7862517, 51.6810985], [7.7865446, 51.6810869], [7.7871191, 51.6811265], [7.7886511, 51.6812103], [7.7897062, 51.6812824], [7.7905585, 51.6813453], [7.7910203, 51.6813453], [7.791531, 51.6813895], [7.7918126, 51.6813383], [7.7923796, 51.681322], [7.7928302, 51.681329], [7.7931906, 51.6813453], [7.7934797, 51.6813756], [7.7939641, 51.6814175], [7.7941932, 51.6814361], [7.7948878, 51.6815572], [7.7955524, 51.6817178], [7.7957176, 51.6817475], [7.7961382, 51.6818144], [7.7969323, 51.6819547], [7.7969623, 51.6819611], [7.7971116, 51.6819745], [7.798423, 51.6820868], [7.7991589, 51.6821369], [7.8002422, 51.6822114], [7.8009744, 51.6822568], [7.801301, 51.6822835], [7.8020482, 51.6822742], [7.8032554, 51.682351], [7.8038787, 51.6823813], [7.8041378, 51.682365], [7.8049714, 51.6823266], [7.8056397, 51.6823441], [7.8058772, 51.6823478], [7.8057542, 51.6829587], [7.8056754, 51.6833893], [7.8056313, 51.6836245], [7.8057683, 51.6836571], [7.8057655, 51.683692], [7.8056303, 51.6843066], [7.8056679, 51.6843159], [7.8054839, 51.6847349], [7.80536, 51.684963], [7.8053112, 51.6850259], [7.8052623, 51.6850562], [7.805007, 51.6854636], [7.8048531, 51.6857196], [7.8048456, 51.6857685], [7.8048831, 51.685857], [7.8048794, 51.6859175], [7.8048531, 51.6859966], [7.8047742, 51.6861479], [7.8046616, 51.6863668], [7.8045715, 51.6865483], [7.8044926, 51.6867765], [7.8043762, 51.6870837], [7.8044926, 51.6871187], [7.8044889, 51.6872188], [7.8043049, 51.6875749], [7.804226, 51.6876634], [7.8038017, 51.6881638], [7.8036853, 51.6883198], [7.8035088, 51.6885014], [7.8033436, 51.6886713], [7.8030508, 51.6889343], [7.8026903, 51.6892614], [7.8026678, 51.6892974], [7.8025777, 51.6893696], [7.8019281, 51.6898468], [7.8011846, 51.690324], [7.7994968, 51.6912643], [7.7989749, 51.6915541], [7.7988792, 51.6915483], [7.7983047, 51.6918392], [7.7977433, 51.6921244], [7.7970938, 51.692477], [7.7964648, 51.6928156], [7.7960049, 51.693067], [7.7960255, 51.6930763], [7.7957927, 51.6931915], [7.7955749, 51.6931729], [7.7949516, 51.6935802], [7.7949929, 51.6936314], [7.7937839, 51.694318], [7.792083, 51.6952211], [7.7910767, 51.6957424], [7.7904045, 51.6960263], [7.7893232, 51.6965663], [7.7893795, 51.6965965], [7.7881892, 51.6973413], [7.7867061, 51.6981558], [7.7853938, 51.6988028], [7.7848268, 51.6990925], [7.7841284, 51.6994532], [7.7840063, 51.699594], [7.7841941, 51.6997244], [7.7845808, 51.6998593], [7.7852755, 51.7000106], [7.786278, 51.7001409], [7.7863794, 51.70022], [7.7861316, 51.7011137], [7.7867924, 51.7014115], [7.7865596, 51.7017001], [7.7857336, 51.7025471], [7.7852454, 51.7030218], [7.7849225, 51.7033988], [7.7844044, 51.7040643], [7.784104, 51.7049672], [7.7836534, 51.7057164], [7.7827748, 51.706959], [7.7815432, 51.7077221], [7.7809856, 51.7079641], [7.7804412, 51.7082154], [7.7800675, 51.708526], [7.7795813, 51.7089041], [7.7793616, 51.709067], [7.7791701, 51.7092368], [7.7796038, 51.7095067], [7.7802816, 51.7098883], [7.7811564, 51.7102955], [7.7824143, 51.7107701], [7.783323, 51.7110656], [7.7839876, 51.7112726], [7.785084, 51.711596], [7.7871679, 51.7121707], [7.7918164, 51.7134642], [7.7938853, 51.71399], [7.7939566, 51.7140761], [7.7938327, 51.7147275], [7.7935004, 51.7165502], [7.7933746, 51.7172725], [7.7930348, 51.7191334], [7.7928546, 51.7200941], [7.7927298, 51.7207615], [7.792591, 51.7207502], [7.7911193, 51.7293401], [7.7911838, 51.7297465], [7.7911358, 51.7297376], [7.7910432, 51.7297204], [7.7903053, 51.7295982], [7.7900413, 51.7295232], [7.7887997, 51.7291704], [7.7880739, 51.7289641], [7.7875159, 51.7287929], [7.786879, 51.7286133], [7.7851116, 51.7280976], [7.7847843, 51.7280056], [7.7843331, 51.7291697], [7.784292, 51.7292758], [7.7842709, 51.7293303], [7.7841451, 51.7296549], [7.7826556, 51.728983], [7.7826259, 51.7289696], [7.7813138, 51.7283766], [7.7811846, 51.7275595], [7.7811507, 51.7275627], [7.7811303, 51.7274166], [7.7810732, 51.7273723], [7.7806623, 51.7272432], [7.7806305, 51.7272226], [7.780584, 51.7272161], [7.7804598, 51.7271791], [7.7804047, 51.7271616], [7.7803794, 51.7271402], [7.7803224, 51.7271338], [7.7802012, 51.7270959], [7.7801647, 51.7270745], [7.7801182, 51.7270679], [7.7798417, 51.7269859], [7.7796617, 51.7270006], [7.7795312, 51.7270513], [7.7794365, 51.7270342], [7.7793409, 51.726972], [7.7791881, 51.7269702], [7.7791413, 51.7269983], [7.7790846, 51.7270607], [7.7790308, 51.7270827], [7.778984, 51.727078], [7.7788386, 51.7269879], [7.7787742, 51.726991], [7.7787085, 51.7270683], [7.7786467, 51.7270894], [7.7785498, 51.7270586], [7.7785112, 51.7270031], [7.7784156, 51.7270073], [7.7783508, 51.7271229], [7.7782998, 51.7271662], [7.7781927, 51.7272054], [7.7781081, 51.7271945], [7.7779621, 51.7271173], [7.777877, 51.7271238], [7.7777454, 51.7271757], [7.7776934, 51.7271737], [7.7776596, 51.7271287], [7.7776349, 51.7270361], [7.7774497, 51.7270414], [7.7773601, 51.7271818], [7.7772842, 51.7272406], [7.7771719, 51.7272636], [7.7770568, 51.7272221], [7.7770067, 51.727158], [7.7769037, 51.7271405], [7.7767571, 51.7271857], [7.7766592, 51.7271983], [7.7765903, 51.7271811], [7.7765511, 51.7271127], [7.7764708, 51.7270758], [7.7761397, 51.7270916], [7.7760242, 51.7269669], [7.7759406, 51.726965], [7.7758181, 51.7270431], [7.775778, 51.7271442], [7.7758429, 51.7272603], [7.7757981, 51.7272927], [7.7756861, 51.7273046], [7.7755672, 51.7272671], [7.775468, 51.7272775], [7.775336, 51.7273757], [7.7752371, 51.727394], [7.775137, 51.727367], [7.7750439, 51.7272839], [7.7750617, 51.7271867], [7.775084, 51.7270756], [7.7750444, 51.7270079], [7.7748193, 51.7269141], [7.7746693, 51.7269177], [7.774546, 51.7269873], [7.7744798, 51.7269766], [7.774348, 51.7269396], [7.7742895, 51.7268688], [7.7741503, 51.7268514], [7.7740374, 51.726894], [7.7739606, 51.7269058], [7.7725389, 51.7267087], [7.7723694, 51.726675], [7.7722782, 51.7266263], [7.7722423, 51.7265702], [7.7722606, 51.7265602], [7.7722759, 51.726518], [7.7725807, 51.7257066], [7.7719279, 51.7255117], [7.7719612, 51.7252594], [7.771882, 51.7247279], [7.7719003, 51.7243815], [7.771907, 51.7243594], [7.7713032, 51.7242195], [7.7711917, 51.7241936], [7.7695276, 51.7238143], [7.769499, 51.7238078], [7.7694553, 51.7237917], [7.7694228, 51.723767], [7.7693321, 51.7237931], [7.7694137, 51.7241027], [7.7693987, 51.724328], [7.7693075, 51.7248771], [7.7692756, 51.7250692], [7.7691918, 51.7255733], [7.7691758, 51.72567], [7.7690918, 51.725853], [7.7689425, 51.7262251], [7.7687681, 51.7265987], [7.7686395, 51.7268744], [7.7685382, 51.7270914], [7.7673218, 51.7268819], [7.7664398, 51.7267299], [7.7664117, 51.726726], [7.7663958, 51.7267711], [7.7663654, 51.7267978], [7.7659178, 51.7269503], [7.7658869, 51.7269767], [7.7655894, 51.7279286], [7.7655849, 51.7279469], [7.7655714, 51.7280018], [7.7655674, 51.7280179], [7.7652611, 51.728998], [7.7645192, 51.7303697], [7.764472, 51.7303861], [7.7598627, 51.7297595], [7.7598493, 51.7297575], [7.7597928, 51.729749], [7.7597704, 51.7297456], [7.7597487, 51.7297423], [7.7597384, 51.7297615], [7.7596285, 51.7299679], [7.7593857, 51.7304238], [7.7591551, 51.730856], [7.7584984, 51.7320861], [7.7584679, 51.7321436], [7.7584163, 51.7322407], [7.7583885, 51.732293], [7.7582729, 51.7325097], [7.7578841, 51.7332384], [7.7575154, 51.733164], [7.7571574, 51.7330916], [7.757122, 51.7330845], [7.7570592, 51.7332607], [7.7570384, 51.7333191], [7.7557048, 51.7331326], [7.7551121, 51.7334262], [7.7549724, 51.733643], [7.7549437, 51.7336874], [7.754841, 51.7338462], [7.7543882, 51.7345465], [7.7540081, 51.7344965], [7.7539178, 51.7346565], [7.7538009, 51.7348637], [7.7537895, 51.7348836], [7.7537846, 51.7348921], [7.7537769, 51.7349054], [7.7536862, 51.7350672], [7.7531546, 51.736016], [7.752841, 51.7365757], [7.7525012, 51.7371822], [7.7523232, 51.7377631], [7.7523158, 51.7377872], [7.752203, 51.7381568], [7.7518639, 51.7392683], [7.7511626, 51.7392094], [7.7504395, 51.7391285], [7.7496951, 51.739035], [7.7491971, 51.7389725], [7.7488163, 51.7389438], [7.7482689, 51.7388751], [7.7476043, 51.7387916], [7.7464767, 51.7386558], [7.7464495, 51.7386528], [7.7464353, 51.7386513], [7.7464056, 51.738648], [7.7462486, 51.7386313], [7.7455825, 51.73856], [7.7450564, 51.7384888], [7.7449789, 51.7384795], [7.7449234, 51.7384729], [7.74488, 51.7384677], [7.7448225, 51.7384608], [7.7447481, 51.7384518], [7.7425358, 51.7381992], [7.7418891, 51.7381283], [7.7405927, 51.7379682], [7.7398751, 51.7378818], [7.7391174, 51.7378235], [7.7389368, 51.7378309], [7.7384708, 51.73785], [7.7384168, 51.7378522], [7.7383696, 51.7378541], [7.7383639, 51.7378547], [7.7383194, 51.7378593], [7.7375162, 51.7379414], [7.7374774, 51.7379385], [7.7374581, 51.737937], [7.7373295, 51.7379273], [7.7372657, 51.7379225], [7.737252, 51.7374168], [7.737262, 51.7369462], [7.7372746, 51.7366352], [7.7371643, 51.7336356], [7.7371563, 51.7334636], [7.7371759, 51.7303639], [7.7361637, 51.7303285], [7.7355375, 51.730316], [7.7351536, 51.7303339], [7.7343157, 51.7304199], [7.7339957, 51.7304349], [7.7332665, 51.7305115], [7.7326899, 51.7305548], [7.7321653, 51.730544], [7.7314508, 51.7304205], [7.730914, 51.730295], [7.7305234, 51.7301513], [7.7300353, 51.7301525], [7.7293729, 51.730139], [7.7281534, 51.7298601], [7.7264049, 51.729428], [7.7262409, 51.729386], [7.725985, 51.729317], [7.725929, 51.729252], [7.7260704, 51.7289759], [7.7261833, 51.7286301], [7.7260286, 51.7285558], [7.7258183, 51.7284577], [7.7251686, 51.7281835], [7.7248013, 51.7280872], [7.7242586, 51.7279605], [7.7238734, 51.727938], [7.723556, 51.7278982], [7.7234631, 51.7278158], [7.7235573, 51.7277705], [7.7236527, 51.7277572], [7.7237114, 51.7274517], [7.7240263, 51.7259109], [7.724248, 51.7247954], [7.7232105, 51.7246035], [7.7203637, 51.7240725], [7.7203442, 51.7240544], [7.7206168, 51.7239526], [7.7211641, 51.7234684], [7.7215315, 51.7231732], [7.7219782, 51.7230352], [7.7224723, 51.7226702], [7.7224411, 51.722642], [7.7209578, 51.7225838], [7.7198754, 51.7225397], [7.7191413, 51.7224953], [7.7191554, 51.722423], [7.7188231, 51.7223764], [7.7181202, 51.7222309], [7.7177374, 51.7221801], [7.718584, 51.7195939], [7.71903, 51.7185862], [7.7185641, 51.7184376], [7.7184521, 51.7184192], [7.7182029, 51.7183471], [7.7180673, 51.7186129], [7.7180044, 51.718667], [7.7156883, 51.7195401], [7.7153515, 51.7196424], [7.7147817, 51.7197915], [7.7149287, 51.7193801], [7.7149657, 51.7192961], [7.7150096, 51.7191931], [7.7153201, 51.718474], [7.7150026, 51.7183991], [7.7154019, 51.7175266], [7.715178, 51.7174425], [7.7150426, 51.7174132], [7.714906, 51.7173747], [7.7148741, 51.7172809], [7.7145888, 51.7172129], [7.7137443, 51.7168962], [7.7121713, 51.7166276], [7.7116996, 51.7165146], [7.7110305, 51.716423], [7.7106212, 51.7163497], [7.7099697, 51.7162151], [7.7076997, 51.715532], [7.7075308, 51.7154787], [7.7081526, 51.7145943], [7.7069229, 51.7142147], [7.7065399, 51.7140737], [7.7056061, 51.7137267], [7.704279, 51.7131946], [7.7035286, 51.7139513], [7.7023431, 51.7134446], [7.7023552, 51.7124373]]]]}}, {"type": "Feature", "properties": {"name": "Heessen", "osm_id": 17006153, "stadt": "Hamm"}, "geometry": {"type": "MultiPolygon", "coordinates": [[[[7.7911838, 51.7297465], [7.7911193, 51.7293401], [7.792591, 51.7207502], [7.7927298, 51.7207615], [7.7928546, 51.7200941], [7.7930348, 51.7191334], [7.7933746, 51.7172725], [7.7935004, 51.7165502], [7.7938327, 51.7147275], [7.7939566, 51.7140761], [7.7938853, 51.71399], [7.7918164, 51.7134642], [7.7871679, 51.7121707], [7.785084, 51.711596], [7.7839876, 51.7112726], [7.783323, 51.7110656], [7.7824143, 51.7107701], [7.7811564, 51.7102955], [7.7802816, 51.7098883], [7.7796038, 51.7095067], [7.7791701, 51.7092368], [7.7793616, 51.709067], [7.7795813, 51.7089041], [7.7800675, 51.708526], [7.7804412, 51.7082154], [7.7809856, 51.7079641], [7.7815432, 51.7077221], [7.7827748, 51.706959], [7.7836534, 51.7057164], [7.784104, 51.7049672], [7.7844044, 51.7040643], [7.7849225, 51.7033988], [7.7852454, 51.7030218], [7.7857336, 51.7025471], [7.7865596, 51.7017001], [7.7867924, 51.7014115], [7.7861316, 51.7011137], [7.7863794, 51.70022], [7.786278, 51.7001409], [7.7852755, 51.7000106], [7.7845808, 51.6998593], [7.7841941, 51.6997244], [7.7840063, 51.699594], [7.7841284, 51.6994532], [7.7848268, 51.6990925], [7.7853938, 51.6988028], [7.7867061, 51.6981558], [7.7881892, 51.6973413], [7.7893795, 51.6965965], [7.7893232, 51.6965663], [7.7904045, 51.6960263], [7.7910767, 51.6957424], [7.792083, 51.6952211], [7.7937839, 51.694318], [7.7949929, 51.6936314], [7.7949516, 51.6935802], [7.7955749, 51.6931729], [7.7957927, 51.6931915], [7.7960255, 51.6930763], [7.7960049, 51.693067], [7.7964648, 51.6928156], [7.7970938, 51.692477], [7.7977433, 51.6921244], [7.7983047, 51.6918392], [7.7988792, 51.6915483], [7.7989749, 51.6915541], [7.7994968, 51.6912643], [7.8011846, 51.690324], [7.8019281, 51.6898468], [7.8025777, 51.6893696], [7.8026678, 51.6892974], [7.8026903, 51.6892614], [7.8030508, 51.6889343], [7.8033436, 51.6886713], [7.8035088, 51.6885014], [7.8036853, 51.6883198], [7.8038017, 51.6881638], [7.804226, 51.6876634], [7.8043049, 51.6875749], [7.8044889, 51.6872188], [7.8044926, 51.6871187], [7.8043762, 51.6870837], [7.8044926, 51.6867765], [7.8045715, 51.6865483], [7.8046616, 51.6863668], [7.8047742, 51.6861479], [7.8048531, 51.6859966], [7.8048794, 51.6859175], [7.8048831, 51.685857], [7.8048456, 51.6857685], [7.8048531, 51.6857196], [7.805007, 51.6854636], [7.8052623, 51.6850562], [7.8053112, 51.6850259], [7.80536, 51.684963], [7.8054839, 51.6847349], [7.8056679, 51.6843159], [7.8056303, 51.6843066], [7.8057655, 51.683692], [7.8057683, 51.6836571], [7.8056313, 51.6836245], [7.8056754, 51.6833893], [7.8057542, 51.6829587], [7.8058772, 51.6823478], [7.8061044, 51.6823475], [7.806967, 51.6823988], [7.8070065, 51.6824034], [7.8072411, 51.6824581], [7.8079639, 51.6825699], [7.8084783, 51.6827165], [7.808912, 51.6828376], [7.8093175, 51.6829843], [7.8096968, 51.6831053], [7.8097982, 51.6831891], [7.8113789, 51.6838317], [7.8125166, 51.6842717], [7.8131174, 51.6845277], [7.8134985, 51.684693], [7.8135117, 51.6847116], [7.8136731, 51.6847722], [7.8136844, 51.684785], [7.8142044, 51.6849898], [7.8147188, 51.685197], [7.8149761, 51.6852959], [7.8152351, 51.6853867], [7.8159504, 51.6856347], [7.8174955, 51.6861829], [7.8180925, 51.6863831], [7.8196377, 51.6868975], [7.8202215, 51.6870965], [7.8206928, 51.6872513], [7.8214982, 51.6875249], [7.8215413, 51.6874865], [7.8222754, 51.6877332], [7.8245058, 51.6884827], [7.8257298, 51.6889017], [7.8265334, 51.6892206], [7.8270215, 51.6894394], [7.8281479, 51.6900144], [7.8294997, 51.6907918], [7.829526, 51.6907173], [7.8297231, 51.690459], [7.8297193, 51.6904217], [7.8298132, 51.6902157], [7.830123, 51.6900633], [7.8308214, 51.6905334], [7.831501, 51.6908989], [7.8319966, 51.69112], [7.8327288, 51.6913504], [7.8335098, 51.6915529], [7.8346212, 51.6917601], [7.8347977, 51.6917997], [7.8353975, 51.6918602], [7.8355599, 51.6918788], [7.8356608, 51.6918225], [7.8398204, 51.6929354], [7.8433298, 51.6938801], [7.8447324, 51.6958707], [7.8467139, 51.6968751], [7.849545, 51.697759], [7.8512448, 51.6976861], [7.8530134, 51.6966692], [7.8542624, 51.696549], [7.8566293, 51.69742], [7.8570137, 51.6973364], [7.8572262, 51.6971355], [7.8574593, 51.6961748], [7.8580795, 51.6957801], [7.8587043, 51.6959441], [7.8593639, 51.6968173], [7.8605588, 51.6969227], [7.8630462, 51.6963893], [7.8650907, 51.6967226], [7.865382, 51.6969977], [7.8658322, 51.6974231], [7.8665793, 51.6980458], [7.8674117, 51.6982559], [7.8680451, 51.69818], [7.8686489, 51.6980064], [7.869603, 51.697406], [7.870269, 51.697044], [7.8707404, 51.6967631], [7.8712784, 51.6964885], [7.8716025, 51.6964116], [7.8719188, 51.696409], [7.8729055, 51.6966081], [7.8741048, 51.6969249], [7.8748746, 51.6973845], [7.8753275, 51.6979253], [7.8756347, 51.6986981], [7.8767175, 51.6994343], [7.8779302, 51.7001975], [7.8793177, 51.7004798], [7.88045, 51.7003863], [7.8819935, 51.7003296], [7.889707, 51.7025946], [7.8896154, 51.7026984], [7.8892728, 51.7033431], [7.889862, 51.703479], [7.8899203, 51.7036656], [7.8899461, 51.7040574], [7.8899536, 51.704383], [7.8895745, 51.7046292], [7.8892244, 51.7048605], [7.8884585, 51.7048398], [7.8883888, 51.7048833], [7.8885447, 51.7049101], [7.8886046, 51.7061889], [7.8886456, 51.7066415], [7.8886577, 51.7066405], [7.8886959, 51.7073942], [7.8887399, 51.7073954], [7.8886986, 51.7075426], [7.8888335, 51.708948], [7.8889722, 51.709087], [7.8889996, 51.7092365], [7.8889845, 51.7093298], [7.8888738, 51.7094492], [7.8888785, 51.7095594], [7.8888332, 51.7095521], [7.8889097, 51.7107226], [7.8885117, 51.710736], [7.8885985, 51.7122595], [7.8886786, 51.713294], [7.8884812, 51.7135971], [7.8883847, 51.7136226], [7.888651, 51.7136942], [7.8893396, 51.7138437], [7.8892684, 51.7139743], [7.888955, 51.7151057], [7.88886, 51.7154459], [7.8886499, 51.7162025], [7.888389, 51.7171463], [7.8882931, 51.7171704], [7.8883649, 51.7171877], [7.8883912, 51.7172177], [7.8881777, 51.7179979], [7.8881329, 51.7180236], [7.8874136, 51.7177565], [7.8871447, 51.7186607], [7.8852847, 51.7183071], [7.8850874, 51.7194836], [7.8848804, 51.7194743], [7.8846866, 51.719475], [7.884388, 51.7194976], [7.8838606, 51.7195341], [7.8832445, 51.71955], [7.8829443, 51.7205165], [7.882847, 51.7205695], [7.8826128, 51.7210323], [7.8813349, 51.7209137], [7.8802438, 51.720843], [7.8800108, 51.7207937], [7.8799126, 51.7223468], [7.8798722, 51.7225309], [7.8798197, 51.7226962], [7.8794595, 51.7233862], [7.8782845, 51.7256178], [7.8781941, 51.7258811], [7.8783941, 51.7258061], [7.8781576, 51.7262695], [7.8779823, 51.7264837], [7.8778167, 51.7266494], [7.8774373, 51.7270383], [7.8766788, 51.7275492], [7.8765262, 51.727691], [7.876212, 51.7280469], [7.8755611, 51.7284546], [7.8723612, 51.7304266], [7.8722052, 51.7303303], [7.8699383, 51.7289543], [7.8693592, 51.7285762], [7.8686183, 51.7281253], [7.8680929, 51.7278031], [7.8645555, 51.7256225], [7.8636535, 51.725065], [7.8630148, 51.7249143], [7.8618551, 51.7247795], [7.8612736, 51.7247216], [7.859164, 51.7244743], [7.8589948, 51.7250854], [7.8589742, 51.725093], [7.858574, 51.7253861], [7.8583574, 51.7256227], [7.8583194, 51.7256977], [7.8587137, 51.7266256], [7.8561708, 51.7268429], [7.8545064, 51.7269841], [7.8543855, 51.7269538], [7.8543148, 51.7270069], [7.8535902, 51.7270219], [7.8526497, 51.7271129], [7.8522543, 51.7271668], [7.852128, 51.727034], [7.8520266, 51.7270277], [7.8518866, 51.7270738], [7.8517308, 51.7271427], [7.8515145, 51.7272094], [7.8511228, 51.727304], [7.8497661, 51.7274502], [7.849589, 51.7274507], [7.8495285, 51.7273027], [7.8482815, 51.7273826], [7.8456051, 51.7275953], [7.8441627, 51.7277085], [7.8425966, 51.7281935], [7.8351957, 51.7304838], [7.8356166, 51.7308541], [7.8351678, 51.7311358], [7.8352287, 51.7311887], [7.8354007, 51.7312755], [7.8356949, 51.7314476], [7.8346784, 51.7324901], [7.8345422, 51.7326328], [7.8348176, 51.732848], [7.8347324, 51.732916], [7.8347106, 51.7329558], [7.8346794, 51.7330492], [7.8345586, 51.7331923], [7.8342355, 51.7336085], [7.834143, 51.7336844], [7.8338465, 51.734036], [7.8336473, 51.7341475], [7.8325419, 51.7345772], [7.8325631, 51.7357841], [7.8330816, 51.7379147], [7.8331031, 51.7387647], [7.833364, 51.7399831], [7.8335424, 51.740954], [7.8335264, 51.7415188], [7.8332628, 51.7420468], [7.8331797, 51.7423554], [7.8331337, 51.7424963], [7.8316153, 51.744254], [7.8313343, 51.7445818], [7.8302078, 51.7443904], [7.8289737, 51.7443435], [7.8261833, 51.744595], [7.825417, 51.7444907], [7.8246145, 51.7440453], [7.8236963, 51.7438653], [7.8234868, 51.7438107], [7.8235236, 51.7426021], [7.822922, 51.741982], [7.8208396, 51.7398984], [7.8208745, 51.7398925], [7.8203639, 51.7390689], [7.8166653, 51.7394418], [7.8131993, 51.7397878], [7.8130505, 51.7393533], [7.8128584, 51.7386624], [7.812804, 51.7385038], [7.8126765, 51.7381166], [7.8126919, 51.7379502], [7.8129301, 51.7379164], [7.8130589, 51.7378556], [7.8130409, 51.7376981], [7.8130842, 51.7376237], [7.8130528, 51.7375457], [7.8119015, 51.737588], [7.8110771, 51.7375291], [7.8105591, 51.7374485], [7.809727, 51.7372714], [7.8088184, 51.7371859], [7.8084146, 51.7370664], [7.8079493, 51.736815], [7.8082546, 51.7361074], [7.8084194, 51.7357066], [7.8062475, 51.7350864], [7.8062372, 51.7351103], [7.8042542, 51.7344733], [7.8042364, 51.7344915], [7.8040695, 51.7344381], [7.8039116, 51.7347531], [7.8038075, 51.7347842], [7.8018335, 51.7344693], [7.8026508, 51.7328676], [7.8035554, 51.7328209], [7.8036145, 51.7327998], [7.8041552, 51.7318159], [7.8041902, 51.7317333], [7.8040052, 51.7317469], [7.7997965, 51.731964], [7.7997966, 51.7319375], [7.7966143, 51.7321549], [7.795923, 51.7306571], [7.7959662, 51.7306071], [7.7940443, 51.7309569], [7.7919749, 51.7313277], [7.7918979, 51.7313668], [7.7918997, 51.731517], [7.7919978, 51.7321514], [7.7919178, 51.7322301], [7.7916745, 51.7323134], [7.7912749, 51.7323629], [7.7910861, 51.7318949], [7.7909884, 51.7314642], [7.7909946, 51.7311649], [7.791126, 51.7302595], [7.7911245, 51.7299729], [7.7911838, 51.7297465]]]]}}, {"type": "Feature", "properties": {"name": "Herringen", "osm_id": 17006285, "stadt": "Hamm"}, "geometry": {"type": "MultiPolygon", "coordinates": [[[[7.6747699, 51.6592908], [7.6748469, 51.6594658], [7.6749129, 51.6596078], [7.6749469, 51.6596878], [7.6749819, 51.6597678], [7.6750659, 51.6599547], [7.6752869, 51.6602827], [7.6753558, 51.6603857], [7.6754278, 51.6604317], [7.6757398, 51.6607367], [7.675789, 51.6607953], [7.6758648, 51.6608856], [7.6759498, 51.6609886], [7.6759667, 51.6610836], [7.6760197, 51.6613846], [7.6759148, 51.6617245], [7.6758338, 51.6619195], [7.6757478, 51.6620835], [7.6757148, 51.6623725], [7.6757298, 51.6624795], [7.6758388, 51.6625174], [7.6760347, 51.6625334], [7.6761127, 51.6625065], [7.6762337, 51.6624835], [7.6764057, 51.6623805], [7.6766246, 51.6622475], [7.6771336, 51.6614956], [7.6771746, 51.6612856], [7.6772546, 51.6608816], [7.6772766, 51.6607017], [7.6772916, 51.6605727], [7.6773235, 51.6603057], [7.6773875, 51.6601567], [7.6774695, 51.6600307], [7.6775425, 51.6598777], [7.6777535, 51.6598328], [7.6779275, 51.6598328], [7.6782424, 51.6598328], [7.6784004, 51.6598208], [7.6787133, 51.6598628], [7.6793552, 51.6601337], [7.6795122, 51.6601987], [7.6796342, 51.6602287], [7.6797772, 51.6603667], [7.6798362, 51.6605877], [7.6797552, 51.6607367], [7.6797812, 51.6608436], [7.6797402, 51.6609346], [7.6795682, 51.6611716], [7.6794602, 51.6614306], [7.6793752, 51.6616366], [7.6792733, 51.6618655], [7.6792483, 51.6619455], [7.6792203, 51.6620445], [7.6792223, 51.6623765], [7.6792862, 51.6625635], [7.6793242, 51.6626744], [7.6794412, 51.6628614], [7.6796022, 51.6629714], [7.6797242, 51.6630554], [7.6802171, 51.6632464], [7.680738, 51.6634454], [7.68082, 51.6634754], [7.681102, 51.6635593], [7.681191, 51.6635863], [7.6815009, 51.6636283], [7.6818349, 51.6637083], [7.6819148, 51.6637193], [7.6824698, 51.6638113], [7.6826337, 51.6638303], [7.6858862, 51.6642343], [7.6861242, 51.6642803], [7.6862792, 51.6643073], [7.6864562, 51.6643303], [7.6866371, 51.6643435], [7.6868241, 51.6643263], [7.687029, 51.6643139], [7.6870971, 51.6642913], [7.6872141, 51.6642423], [7.687327, 51.6641813], [7.687441, 51.6641013], [7.687572, 51.6640093], [7.687787, 51.6639213], [7.687882, 51.6637993], [7.6879559, 51.6637083], [7.6880389, 51.6636703], [7.6880859, 51.6634984], [7.6880189, 51.6631364], [7.6880259, 51.6630134], [7.6880329, 51.6629184], [7.6880589, 51.6625595], [7.6880729, 51.6623655], [7.6881269, 51.6619995], [7.6882659, 51.6618655], [7.6883899, 51.6618315], [7.6889128, 51.6616896], [7.6892308, 51.6616366], [7.6893127, 51.6616176], [7.6896557, 51.6616366], [7.6899966, 51.6617056], [7.6901346, 51.6617436], [7.6902756, 51.6617856], [7.6903516, 51.6618046], [7.6905456, 51.6618885], [7.6910415, 51.6621055], [7.6916794, 51.6624685], [7.6922213, 51.6629524], [7.6923813, 51.6630974], [7.6924963, 51.6632004], [7.6924703, 51.6633614], [7.6924243, 51.6636394], [7.6924383, 51.6639443], [7.6923753, 51.6644483], [7.6923733, 51.6646082], [7.692402, 51.6649624], [7.6925018, 51.6653082], [7.6926076, 51.6654353], [7.6926372, 51.6654631], [7.6926932, 51.6655541], [7.6928062, 51.6656501], [7.6929072, 51.6656951], [7.6930342, 51.6657301], [7.6933211, 51.6658061], [7.6934931, 51.6658021], [7.6936171, 51.6658021], [7.693999, 51.6657261], [7.69408, 51.6657111], [7.694232, 51.6656531], [7.694377, 51.6655851], [7.6945051, 51.6655232], [7.6947669, 51.6653862], [7.6948449, 51.6653332], [7.6950239, 51.6650962], [7.6951009, 51.6649972], [7.6952338, 51.6648412], [7.6953938, 51.6648102], [7.6955088, 51.6645203], [7.6957628, 51.6642233], [7.6958038, 51.6641353], [7.6958937, 51.6640323], [7.6959927, 51.6640363], [7.6961534, 51.6640388], [7.6962027, 51.6640403], [7.6964207, 51.6640173], [7.6966556, 51.6640633], [7.6968736, 51.6640933], [7.6971906, 51.6643413], [7.6973145, 51.6644143], [7.6974255, 51.6645893], [7.6976495, 51.6648062], [7.6977355, 51.6649402], [7.6978894, 51.6651772], [7.6980134, 51.6653712], [7.6981294, 51.6655121], [7.6982731, 51.6658761], [7.6982054, 51.6660011], [7.6980854, 51.6661531], [7.6976965, 51.666718], [7.6975475, 51.666859], [7.6976375, 51.667164], [7.6976695, 51.6673019], [7.6977595, 51.6677019], [7.6978254, 51.6679649], [7.6979924, 51.6680949], [7.6980414, 51.6681868], [7.6981484, 51.6683128], [7.6982194, 51.6683738], [7.6986213, 51.6687208], [7.6991152, 51.6690108], [7.6992662, 51.6690977], [7.6994262, 51.6691937], [7.6995582, 51.6692017], [7.6996452, 51.6692087], [7.6999021, 51.6692277], [7.7000801, 51.6692397], [7.7004261, 51.6688238], [7.700556, 51.6687278], [7.700604, 51.6684648], [7.70065, 51.6682099], [7.700682, 51.6680339], [7.700772, 51.6679459], [7.700922, 51.6679009], [7.701115, 51.6679229], [7.7012489, 51.6679269], [7.7013799, 51.6679459], [7.7014829, 51.6679769], [7.7016189, 51.6680189], [7.7023388, 51.6685568], [7.7024527, 51.6686478], [7.7026287, 51.6687358], [7.7029277, 51.6688698], [7.7032356, 51.6689338], [7.7033326, 51.6689418], [7.7034746, 51.6689538], [7.7037126, 51.6689688], [7.7038945, 51.6689798], [7.7040745, 51.6690028], [7.7042035, 51.6690178], [7.7043105, 51.6690488], [7.7045494, 51.6691018], [7.7048614, 51.6692657], [7.7049934, 51.6693117], [7.7051723, 51.6693767], [7.7056533, 51.6696437], [7.7057952, 51.6697237], [7.7063012, 51.6699757], [7.7063542, 51.6701016], [7.7063892, 51.6701816], [7.7067261, 51.6704796], [7.7069111, 51.6707156], [7.7069651, 51.6707996], [7.707082, 51.6708456], [7.70746, 51.6709945], [7.707603, 51.6710515], [7.7077159, 51.6710745], [7.7078189, 51.6710975], [7.7082679, 51.6711275], [7.7088243, 51.6710693], [7.7090054, 51.6710359], [7.7091692, 51.6710144], [7.7094277, 51.6709972], [7.7098675, 51.6710012], [7.7107238, 51.6711789], [7.7110005, 51.6712162], [7.7112534, 51.6712178], [7.7113994, 51.6712075], [7.7115444, 51.6711695], [7.7116784, 51.6710665], [7.7121033, 51.6707426], [7.7122283, 51.6705896], [7.7123073, 51.6704756], [7.7129275, 51.6697502], [7.7131595, 51.6694477], [7.7135881, 51.6684798], [7.7137341, 51.6683959], [7.713832, 51.6683659], [7.713939, 51.6683349], [7.7142318, 51.6682954], [7.7145046, 51.6682962], [7.7151009, 51.6683739], [7.7152948, 51.6683929], [7.7155948, 51.6684189], [7.7162487, 51.6684119], [7.7166336, 51.6684918], [7.7167496, 51.6686408], [7.7167246, 51.6687668], [7.7165876, 51.6689918], [7.7163247, 51.6691858], [7.7162257, 51.6692398], [7.7152178, 51.6694717], [7.7148019, 51.6695597], [7.7145659, 51.6696207], [7.714356, 51.6696747], [7.71428, 51.6697887], [7.714207, 51.6698997], [7.714089, 51.6700747], [7.714018, 51.6701817], [7.713985, 51.6702536], [7.713944, 51.6703456], [7.7145459, 51.6706016], [7.7147519, 51.6706856], [7.7148989, 51.6707806], [7.7151168, 51.6709216], [7.7153578, 51.6710746], [7.7155058, 51.6711425], [7.7155858, 51.6711655], [7.7156678, 51.6711885], [7.7158107, 51.6711815], [7.7160547, 51.6711655], [7.7163047, 51.6711505], [7.7166056, 51.6709786], [7.7167466, 51.6709066], [7.7168306, 51.6708496], [7.7169256, 51.6707996], [7.7170436, 51.6707346], [7.7173265, 51.6705746], [7.7174855, 51.6705406], [7.7175805, 51.6704906], [7.7177354, 51.6704796], [7.7178994, 51.6704486], [7.7181954, 51.6704986], [7.7185133, 51.6705516], [7.7187563, 51.6705936], [7.7190013, 51.6706736], [7.7191592, 51.6707236], [7.7195472, 51.6707536], [7.7198111, 51.6707766], [7.7199531, 51.6707686], [7.720418, 51.6708376], [7.720725, 51.6708076], [7.7211069, 51.6708106], [7.7211789, 51.6708566], [7.720932, 51.6719475], [7.720899, 51.6720694], [7.720963, 51.6724404], [7.7211769, 51.6725814], [7.7212879, 51.6726534], [7.7214549, 51.6727104], [7.7215389, 51.6727334], [7.7217518, 51.6727834], [7.7220398, 51.6728324], [7.7221488, 51.6728404], [7.7222478, 51.6728444], [7.7225607, 51.6728524], [7.7229307, 51.6728714], [7.7231056, 51.6728784], [7.7233396, 51.6728904], [7.7235386, 51.6728944], [7.7238895, 51.6729054], [7.7243434, 51.6729284], [7.7246304, 51.6730123], [7.7260212, 51.6734163], [7.7262052, 51.6734433], [7.7263121, 51.6734583], [7.7265571, 51.6734503], [7.7267481, 51.6734473], [7.7268451, 51.6734503], [7.727044, 51.6737253], [7.727129, 51.6737753], [7.72722, 51.6738243], [7.727325, 51.6738473], [7.7274, 51.6738663], [7.7278373, 51.6738539], [7.733773, 51.6736851], [7.7379172, 51.6757753], [7.7393538, 51.6772486], [7.7428349, 51.6758781], [7.7448793, 51.6762892], [7.74394, 51.6778654], [7.7466475, 51.6780024], [7.7491397, 51.6787802], [7.7504299, 51.6791828], [7.7524803, 51.6781791], [7.7537436, 51.6786765], [7.7544099, 51.6791256], [7.7555542, 51.6806614], [7.7564378, 51.6811284], [7.7592913, 51.6794848], [7.76003, 51.6793771], [7.7627006, 51.6791549], [7.7633796, 51.6792426], [7.768189, 51.6808915], [7.7690094, 51.6814353], [7.7703603, 51.682536], [7.7711737, 51.6838735], [7.7717748, 51.684597], [7.7731186, 51.685189], [7.7745332, 51.6852767], [7.7753112, 51.6852767], [7.775488, 51.6828649], [7.7748161, 51.6818124], [7.7773149, 51.6819288], [7.7770851, 51.6814406], [7.7769992, 51.6811356], [7.777092, 51.6810838], [7.7769922, 51.6808205], [7.7770387, 51.6803528], [7.7771501, 51.67957], [7.7770665, 51.6795557], [7.7771408, 51.6789887], [7.7772127, 51.6789139], [7.7772568, 51.6785901], [7.7772174, 51.678557], [7.7772382, 51.6784994], [7.7773055, 51.6784664], [7.777403, 51.6782735], [7.7774448, 51.6782692], [7.7774935, 51.6782447], [7.7775562, 51.6781426], [7.7775585, 51.6781109], [7.7775051, 51.6780534], [7.777642, 51.6779023], [7.778134, 51.6775526], [7.7787536, 51.677141], [7.7793315, 51.6767712], [7.7794986, 51.6767525], [7.7798838, 51.6765856], [7.7797446, 51.676528], [7.779726, 51.6764503], [7.7800277, 51.676033], [7.78071, 51.6750544], [7.7810627, 51.6746054], [7.7813644, 51.6743262], [7.7818842, 51.6739204], [7.7824133, 51.6734397], [7.7827661, 51.6730194], [7.7830028, 51.6726625], [7.7830434, 51.6726381], [7.783091, 51.6726258], [7.7831258, 51.6726158], [7.7827232, 51.6724618], [7.7827638, 51.6723977], [7.7828427, 51.6723229], [7.7829912, 51.6722567], [7.7831513, 51.6721833], [7.7830887, 51.6718969], [7.7830341, 51.6716004], [7.7830016, 51.6713781], [7.7829239, 51.6706851], [7.7829169, 51.6702245], [7.7829471, 51.669728], [7.7830098, 51.6693753], [7.7830655, 51.6692271], [7.7830701, 51.6691537], [7.7831374, 51.6687608], [7.783214, 51.6683707], [7.7834136, 51.6674927], [7.7834739, 51.6674999], [7.7835296, 51.6672423], [7.7835922, 51.6667731], [7.7835922, 51.6663729], [7.7835876, 51.6657712], [7.7835772, 51.6657237], [7.783554, 51.6656856], [7.7835377, 51.6655071], [7.783511, 51.6654035], [7.7838487, 51.6653538], [7.783757, 51.6650731], [7.7836514, 51.6647788], [7.7836781, 51.6647521], [7.7836027, 51.664524], [7.7834646, 51.6640929], [7.7834228, 51.6640871], [7.7830713, 51.6641109], [7.7830469, 51.6641807], [7.7829831, 51.6642527], [7.7829181, 51.6642994], [7.7828728, 51.6642951], [7.7825445, 51.6643153], [7.7816754, 51.6643657], [7.7807007, 51.6644225], [7.7803294, 51.6644383], [7.7799279, 51.664434], [7.7795125, 51.6644283], [7.7792688, 51.6644455], [7.7790112, 51.6644268], [7.7780366, 51.6644153], [7.7777859, 51.6644052], [7.7774726, 51.6644225], [7.776969, 51.6643851], [7.7759735, 51.664447], [7.7756138, 51.6644988], [7.7740543, 51.6647277], [7.7738245, 51.6647162], [7.7732281, 51.6646427], [7.7721769, 51.6647219], [7.7712764, 51.6646341], [7.7710536, 51.6645895], [7.770991, 51.6647248], [7.7707218, 51.6648572], [7.7700894, 51.6648263], [7.7695522, 51.6647975], [7.7691774, 51.664786], [7.7685682, 51.664909], [7.768357, 51.6648946], [7.7677676, 51.6647924], [7.7673545, 51.6646701], [7.7671665, 51.6645938], [7.7670923, 51.6645564], [7.7668741, 51.6644873], [7.7666931, 51.6644024], [7.7662545, 51.6642152], [7.7661895, 51.6641087], [7.7661593, 51.6639259], [7.7661245, 51.6637057], [7.7661222, 51.6634754], [7.7662243, 51.6633314], [7.7665933, 51.6631472], [7.7665794, 51.6630363], [7.7657532, 51.6624735], [7.7646022, 51.6617019], [7.7642738, 51.6614845], [7.7636971, 51.6610987], [7.7629429, 51.6605963], [7.7623766, 51.660212], [7.7617524, 51.6602393], [7.7614321, 51.6603674], [7.7608125, 51.6608555], [7.7605967, 51.6608756], [7.7597334, 51.6606813], [7.758703, 51.6604524], [7.7577492, 51.660199], [7.7572572, 51.6600579], [7.7571296, 51.6600205], [7.757002, 51.6599701], [7.7571714, 51.6598377], [7.7573524, 51.6596995], [7.7576773, 51.6594447], [7.7578212, 51.6594807], [7.7583456, 51.6593669], [7.7583874, 51.6593396], [7.7583178, 51.6592734], [7.7586891, 51.6591078], [7.7599121, 51.6585708], [7.7608636, 51.6581634], [7.7623349, 51.6575343], [7.7633745, 51.6570952], [7.7644815, 51.6566244], [7.7655072, 51.656181], [7.7664216, 51.655788], [7.7670366, 51.6555187], [7.7674844, 51.655811], [7.7679625, 51.6555792], [7.7694385, 51.6553618], [7.7698167, 51.6552149], [7.7700256, 51.6551804], [7.7702762, 51.655189], [7.7710026, 51.6553992], [7.7710861, 51.6553128], [7.7702925, 51.6550119], [7.7704294, 51.6548924], [7.7698933, 51.654652], [7.7694918, 51.6544504], [7.7691461, 51.6541855], [7.7689627, 51.6540228], [7.7688931, 51.6539451], [7.7686448, 51.6535779], [7.7682062, 51.6529257], [7.7676771, 51.652118], [7.7673034, 51.651591], [7.7670876, 51.6512598], [7.766642, 51.6505629], [7.7663543, 51.6502044], [7.7660804, 51.6499524], [7.7655745, 51.6495896], [7.7648621, 51.6492195], [7.7639965, 51.6487703], [7.7631169, 51.6483671], [7.7624904, 51.6481079], [7.7618765, 51.647871], [7.7610504, 51.6475542], [7.7610597, 51.6475427], [7.7598285, 51.6470625], [7.7591996, 51.6468263], [7.7590442, 51.6469703], [7.7589119, 51.646917], [7.7589113, 51.6469552], [7.7585696, 51.6472403], [7.7585208, 51.6472806], [7.7579941, 51.6477256], [7.7574412, 51.6482011], [7.7569236, 51.6486094], [7.7569573, 51.6486173], [7.756575, 51.6489481], [7.7549203, 51.6482159], [7.754129, 51.6477666], [7.7532285, 51.6472525], [7.7528828, 51.6470553], [7.7524697, 51.6476413], [7.7522167, 51.6479077], [7.7521726, 51.6479697], [7.7522237, 51.6482144], [7.7520984, 51.6481338], [7.7516859, 51.6483962], [7.7514869, 51.6485298], [7.7512815, 51.6485406], [7.7511666, 51.6485608], [7.7510402, 51.6485989], [7.7509787, 51.6486471], [7.7509172, 51.6487407], [7.7508928, 51.6487998], [7.7508812, 51.6489006], [7.7508696, 51.6489949], [7.7508499, 51.6490561], [7.7503718, 51.648807], [7.7499634, 51.6485917], [7.7492463, 51.6482303], [7.748434, 51.647866], [7.7478539, 51.6476068], [7.7475243, 51.6474657], [7.7474698, 51.6475384], [7.7473804, 51.6476824], [7.7472598, 51.6478789], [7.7472865, 51.6478804], [7.7468351, 51.6488351], [7.745633, 51.6485917], [7.7442475, 51.6483224], [7.7426393, 51.6480114], [7.7415509, 51.6478055], [7.7409104, 51.6476831], [7.7405832, 51.6476903], [7.7400355, 51.6477025], [7.7387417, 51.6476298], [7.7375988, 51.6473332], [7.7366984, 51.647205], [7.7358838, 51.6469574], [7.7350182, 51.6468479], [7.7344427, 51.6469055], [7.7321429, 51.6471215], [7.7320895, 51.6484492], [7.7315326, 51.6492858], [7.7311705, 51.649807], [7.729611, 51.6496616], [7.7281189, 51.6495291], [7.7280307, 51.6495205], [7.7273159, 51.6495824], [7.7269724, 51.6495061], [7.7262693, 51.6491086], [7.7241598, 51.6479711], [7.7229577, 51.6473807], [7.7211011, 51.6464994], [7.7196484, 51.6458082], [7.7179914, 51.6450162], [7.7166919, 51.6444099], [7.7161767, 51.644155], [7.7159562, 51.6442429], [7.7155686, 51.6443322], [7.7144779, 51.6442227], [7.714102, 51.6441824], [7.7137121, 51.6437993], [7.7133942, 51.6434854], [7.713357, 51.643458], [7.7129231, 51.6431729], [7.712322, 51.6427826], [7.7119902, 51.6425637], [7.7116513, 51.6423578], [7.7112916, 51.6421187], [7.7111089, 51.642001], [7.7108728, 51.6419135], [7.7097089, 51.6415441], [7.7092564, 51.6413972], [7.7081982, 51.64139], [7.7074115, 51.6411452], [7.7069682, 51.641004], [7.7066619, 51.6408255], [7.7061699, 51.6405345], [7.7046383, 51.6405144], [7.7036566, 51.6404928], [7.7031136, 51.6404582], [7.7025659, 51.640402], [7.7024127, 51.640379], [7.7006026, 51.6407851], [7.6998322, 51.640968], [7.6993077, 51.6410919], [7.6985581, 51.6410386], [7.6980452, 51.6409968], [7.6978364, 51.6409853], [7.6974395, 51.6408687], [7.696994, 51.6407434], [7.6958104, 51.6404006], [7.6954136, 51.6402911], [7.6946942, 51.6402523], [7.6931765, 51.6401831], [7.6913756, 51.6401097], [7.6897883, 51.6403156], [7.6891014, 51.6404813], [7.6875558, 51.6406814], [7.6862933, 51.6407592], [7.6860288, 51.6407383], [7.6857143, 51.6407102], [7.6851676, 51.6406627], [7.6851505, 51.6411669], [7.6851305, 51.6415298], [7.6850735, 51.6425627], [7.6850675, 51.6426737], [7.6850215, 51.6429947], [7.6848175, 51.6444245], [7.6846455, 51.6454054], [7.6844005, 51.6466712], [7.6841286, 51.6480721], [7.6839546, 51.648831], [7.6837555, 51.6499792], [7.6834592, 51.6503002], [7.6832477, 51.6507608], [7.6828458, 51.6506158], [7.6828998, 51.6510048], [7.6828398, 51.6511077], [7.6823508, 51.6519736], [7.6821009, 51.6526266], [7.68147, 51.6523936], [7.681407, 51.6537784], [7.681402, 51.6539194], [7.681238, 51.6544804], [7.681044, 51.6547663], [7.680955, 51.6548963], [7.6803971, 51.6544384], [7.6803141, 51.6543694], [7.6798652, 51.6551673], [7.6796182, 51.6552853], [7.6793233, 51.6557392], [7.6792153, 51.6558232], [7.6789993, 51.6559112], [7.6786964, 51.6560292], [7.6785244, 51.6560862], [7.6787344, 51.6562542], [7.6788813, 51.6565901], [7.6789133, 51.6566621], [7.6788823, 51.6569601], [7.6787783, 51.6570591], [7.6786724, 51.6571581], [7.6782614, 51.657227], [7.6780445, 51.657261], [7.6779525, 51.657269], [7.6776575, 51.657295], [7.6775565, 51.657376], [7.6774715, 51.657494], [7.6774405, 51.657982], [7.6773636, 51.658093], [7.6772716, 51.6582259], [7.6770836, 51.6584969], [7.6769106, 51.6587489], [7.6767666, 51.6588179], [7.6765617, 51.6589169], [7.6752419, 51.6585159], [7.6751949, 51.6585849], [7.6750569, 51.6588139], [7.6749859, 51.6589319], [7.6747699, 51.6592908]]]]}}, {"type": "Feature", "properties": {"name": "Hamm-Mitte", "osm_id": 17006328, "stadt": "Hamm"}, "geometry": {"type": "MultiPolygon", "coordinates": [[[[7.7773149, 51.6819288], [7.7770851, 51.6814406], [7.7769992, 51.6811356], [7.777092, 51.6810838], [7.7769922, 51.6808205], [7.7770387, 51.6803528], [7.7771501, 51.67957], [7.7770665, 51.6795557], [7.7771408, 51.6789887], [7.7772127, 51.6789139], [7.7772568, 51.6785901], [7.7772174, 51.678557], [7.7772382, 51.6784994], [7.7773055, 51.6784664], [7.777403, 51.6782735], [7.7774448, 51.6782692], [7.7774935, 51.6782447], [7.7775562, 51.6781426], [7.7775585, 51.6781109], [7.7775051, 51.6780534], [7.777642, 51.6779023], [7.778134, 51.6775526], [7.7787536, 51.677141], [7.7793315, 51.6767712], [7.7794986, 51.6767525], [7.7798838, 51.6765856], [7.7797446, 51.676528], [7.779726, 51.6764503], [7.7800277, 51.676033], [7.78071, 51.6750544], [7.7810627, 51.6746054], [7.7813644, 51.6743262], [7.7818842, 51.6739204], [7.7824133, 51.6734397], [7.7827661, 51.6730194], [7.7830028, 51.6726625], [7.7830434, 51.6726381], [7.783091, 51.6726258], [7.7831258, 51.6726158], [7.7827232, 51.6724618], [7.7827638, 51.6723977], [7.7828427, 51.6723229], [7.7829912, 51.6722567], [7.7831513, 51.6721833], [7.7830887, 51.6718969], [7.7830341, 51.6716004], [7.7830016, 51.6713781], [7.7829239, 51.6706851], [7.7829169, 51.6702245], [7.7829471, 51.669728], [7.7830098, 51.6693753], [7.7830655, 51.6692271], [7.7830701, 51.6691537], [7.7831374, 51.6687608], [7.783214, 51.6683707], [7.7834136, 51.6674927], [7.7834739, 51.6674999], [7.7835296, 51.6672423], [7.7835922, 51.6667731], [7.7835922, 51.6663729], [7.7835876, 51.6657712], [7.7835772, 51.6657237], [7.783554, 51.6656856], [7.7835377, 51.6655071], [7.783511, 51.6654035], [7.7838487, 51.6653538], [7.783757, 51.6650731], [7.7836514, 51.6647788], [7.7836781, 51.6647521], [7.7836027, 51.664524], [7.7834646, 51.6640929], [7.7845626, 51.6639527], [7.785278, 51.6638067], [7.7860366, 51.663678], [7.7866312, 51.6636549], [7.7868542, 51.6636242], [7.78704, 51.6635531], [7.7871329, 51.6638432], [7.7876655, 51.6637817], [7.7876995, 51.6640621], [7.7882074, 51.6640429], [7.7883158, 51.6644136], [7.7888608, 51.6644559], [7.7897743, 51.6644559], [7.7903874, 51.6644424], [7.7905082, 51.6644175], [7.7905051, 51.6641121], [7.7905516, 51.6640122], [7.7904432, 51.6632324], [7.7904834, 51.6631959], [7.791109, 51.6630864], [7.7916416, 51.6629923], [7.7919265, 51.6629711], [7.7921742, 51.6629788], [7.792617, 51.6630191], [7.7926263, 51.6629001], [7.792648, 51.6629113], [7.7934144, 51.6628271], [7.793416, 51.6628093], [7.7935824, 51.6627982], [7.7938216, 51.6627829], [7.7942397, 51.6627483], [7.7948312, 51.6627637], [7.7956022, 51.6629097], [7.7963516, 51.6630288], [7.7968471, 51.6631786], [7.797132, 51.6633591], [7.7974107, 51.6633975], [7.7974354, 51.6633687], [7.79742, 51.6632516], [7.7980919, 51.6632112], [7.7983025, 51.6630019], [7.7990085, 51.6630441], [7.7997765, 51.6631017], [7.8003773, 51.6630518], [7.8005569, 51.6628482], [7.8034677, 51.6624218], [7.8036412, 51.6624179], [7.8037341, 51.6623834], [7.8035916, 51.6621183], [7.8037464, 51.6620722], [7.8050285, 51.6620414], [7.8058707, 51.6619915], [7.8075987, 51.6619454], [7.8080818, 51.6619531], [7.8081019, 51.6620366], [7.8088466, 51.661907], [7.8098469, 51.661786], [7.8099521, 51.6617514], [7.8098221, 51.6617034], [7.8101875, 51.6616477], [7.8106272, 51.6619896], [7.8110855, 51.661882], [7.8126431, 51.6615612], [7.8135567, 51.6615574], [7.8146157, 51.6617283], [7.8146374, 51.6616323], [7.8146807, 51.6615478], [7.8149904, 51.6615651], [7.8160681, 51.661809], [7.8173253, 51.6620914], [7.8174275, 51.6620357], [7.8177712, 51.6620357], [7.8188984, 51.6621067], [7.8189015, 51.6621394], [7.8206449, 51.6622527], [7.8219486, 51.6622451], [7.8219641, 51.6623276], [7.8221902, 51.6622604], [7.8222041, 51.662233], [7.8222265, 51.6622177], [7.8222652, 51.6622095], [7.822633, 51.662197], [7.823195, 51.6621673], [7.8235573, 51.6621442], [7.8240946, 51.662125], [7.8244523, 51.6621077], [7.8251691, 51.6620299], [7.8252249, 51.6620222], [7.8252651, 51.6620011], [7.8256089, 51.6619684], [7.8262777, 51.6618551], [7.8270117, 51.661688], [7.8273771, 51.6615824], [7.8274607, 51.6615535], [7.8277301, 51.6614229], [7.8283401, 51.6612212], [7.8291081, 51.6609773], [7.8298699, 51.6607852], [7.8300247, 51.6607852], [7.8301548, 51.6608082], [7.830514, 51.6608198], [7.83122, 51.660839], [7.8320375, 51.6608159], [7.8330904, 51.6607314], [7.8330935, 51.6606584], [7.8330099, 51.6603338], [7.8335828, 51.6603203], [7.8339203, 51.660305], [7.8344808, 51.6602877], [7.8348121, 51.6602665], [7.8352426, 51.66023], [7.8354222, 51.6602646], [7.8354036, 51.6602915], [7.8354315, 51.6603069], [7.8355894, 51.660352], [7.8356498, 51.6603683], [7.8357721, 51.6603924], [7.8358743, 51.6605537], [7.8362769, 51.6604221], [7.8365463, 51.6603299], [7.8368559, 51.6601955], [7.8371718, 51.6603203], [7.8375372, 51.6602637], [7.8377122, 51.6602473], [7.8379336, 51.6602358], [7.8381658, 51.6602348], [7.8384476, 51.660254], [7.838621, 51.6602685], [7.8391103, 51.6603626], [7.8394509, 51.6604798], [7.839869, 51.6606738], [7.8401879, 51.6608966], [7.8405162, 51.6612577], [7.8407639, 51.6619339], [7.8408971, 51.662488], [7.8409482, 51.6626955], [7.8410209, 51.6631257], [7.841055, 51.6634955], [7.8410209, 51.6639699], [7.8409249, 51.6648381], [7.840894, 51.6653644], [7.8409373, 51.6662902], [7.8409745, 51.6671698], [7.8409869, 51.6673542], [7.8410302, 51.6674887], [7.8410457, 51.6677153], [7.8411386, 51.6682742], [7.8412346, 51.6687678], [7.8413585, 51.6694284], [7.8414049, 51.6696724], [7.8414421, 51.6698586], [7.8416, 51.670237], [7.8419314, 51.6707536], [7.8421884, 51.6710417], [7.8427272, 51.6715218], [7.8428356, 51.671612], [7.8429982, 51.6717177], [7.843218, 51.6718655], [7.8433729, 51.6719923], [7.8434781, 51.6720806], [7.8436299, 51.6722516], [7.8438079, 51.6724388], [7.8439132, 51.6725531], [7.8440913, 51.6727096], [7.8442616, 51.6728622], [7.8444412, 51.6730207], [7.8446998, 51.673253], [7.8448453, 51.6734028], [7.844932, 51.6735008], [7.8449661, 51.6734902], [7.8450482, 51.6735363], [7.8451054, 51.6736362], [7.8451782, 51.6738157], [7.845429, 51.6742718], [7.8455049, 51.6744038], [7.8456845, 51.6747144], [7.8458579, 51.675013], [7.8460453, 51.6752377], [7.8462853, 51.6755075], [7.8463642, 51.6756362], [7.8463952, 51.6757312], [7.8464618, 51.6758368], [7.8466182, 51.6759722], [7.8468117, 51.6761364], [7.8471771, 51.676411], [7.847654, 51.6767758], [7.8479327, 51.6769851], [7.8480891, 51.6771032], [7.8482052, 51.6771877], [7.8482795, 51.6772429], [7.8482958, 51.6772331], [7.8483049, 51.6772433], [7.8481093, 51.6773507], [7.8478118, 51.6775237], [7.8477082, 51.6776097], [7.8476323, 51.677675], [7.8471785, 51.6782374], [7.8460981, 51.679591], [7.8446752, 51.681404], [7.8432026, 51.6833306], [7.8426839, 51.6840402], [7.8421103, 51.684686], [7.8417678, 51.6852221], [7.8413771, 51.6860936], [7.8410713, 51.6866717], [7.8408357, 51.6870382], [7.8405225, 51.6874956], [7.8403067, 51.6877785], [7.8402187, 51.6878931], [7.8400934, 51.6880503], [7.8394877, 51.6888069], [7.8386891, 51.689958], [7.8381907, 51.6904298], [7.8379238, 51.690786], [7.8377259, 51.6910249], [7.8373737, 51.6912308], [7.8370446, 51.6913026], [7.8367032, 51.6913862], [7.8359576, 51.691665], [7.8356608, 51.6918225], [7.8355599, 51.6918788], [7.8353975, 51.6918602], [7.8347977, 51.6917997], [7.8346212, 51.6917601], [7.8335098, 51.6915529], [7.8327288, 51.6913504], [7.8319966, 51.69112], [7.831501, 51.6908989], [7.8308214, 51.6905334], [7.830123, 51.6900633], [7.8298132, 51.6902157], [7.8297193, 51.6904217], [7.8297231, 51.690459], [7.829526, 51.6907173], [7.8294997, 51.6907918], [7.8281479, 51.6900144], [7.8270215, 51.6894394], [7.8265334, 51.6892206], [7.8257298, 51.6889017], [7.8245058, 51.6884827], [7.8222754, 51.6877332], [7.8215413, 51.6874865], [7.8214982, 51.6875249], [7.8206928, 51.6872513], [7.8202215, 51.6870965], [7.8196377, 51.6868975], [7.8180925, 51.6863831], [7.8174955, 51.6861829], [7.8159504, 51.6856347], [7.8152351, 51.6853867], [7.8149761, 51.6852959], [7.8147188, 51.685197], [7.8142044, 51.6849898], [7.8136844, 51.684785], [7.8136731, 51.6847722], [7.8135117, 51.6847116], [7.8134985, 51.684693], [7.8131174, 51.6845277], [7.8125166, 51.6842717], [7.8113789, 51.6838317], [7.8097982, 51.6831891], [7.8096968, 51.6831053], [7.8093175, 51.6829843], [7.808912, 51.6828376], [7.8084783, 51.6827165], [7.8079639, 51.6825699], [7.8072411, 51.6824581], [7.8070065, 51.6824034], [7.806967, 51.6823988], [7.8061044, 51.6823475], [7.8058772, 51.6823478], [7.8056397, 51.6823441], [7.8049714, 51.6823266], [7.8041378, 51.682365], [7.8038787, 51.6823813], [7.8032554, 51.682351], [7.8020482, 51.6822742], [7.801301, 51.6822835], [7.8009744, 51.6822568], [7.8002422, 51.6822114], [7.7991589, 51.6821369], [7.798423, 51.6820868], [7.7971116, 51.6819745], [7.7969623, 51.6819611], [7.7969323, 51.6819547], [7.7961382, 51.6818144], [7.7957176, 51.6817475], [7.7955524, 51.6817178], [7.7948878, 51.6815572], [7.7941932, 51.6814361], [7.7939641, 51.6814175], [7.7934797, 51.6813756], [7.7931906, 51.6813453], [7.7928302, 51.681329], [7.7923796, 51.681322], [7.7918126, 51.6813383], [7.791531, 51.6813895], [7.7910203, 51.6813453], [7.7905585, 51.6813453], [7.7897062, 51.6812824], [7.7886511, 51.6812103], [7.7871191, 51.6811265], [7.7865446, 51.6810869], [7.7862517, 51.6810985], [7.786049, 51.6811055], [7.7857936, 51.6811474], [7.7856359, 51.6811916], [7.7854182, 51.6812638], [7.7851065, 51.6814082], [7.7848737, 51.6814594], [7.7847198, 51.6815572], [7.7845283, 51.6815572], [7.784303, 51.6815641], [7.7840852, 51.6815967], [7.7837435, 51.6816689], [7.7821928, 51.6820135], [7.7806195, 51.682351], [7.7796808, 51.682514], [7.7792565, 51.6826956], [7.7792152, 51.6827747], [7.7790237, 51.6824395], [7.7791589, 51.6824325], [7.7789111, 51.6822905], [7.7781472, 51.6819676], [7.7773149, 51.6819288]]]]}}, {"type": "Feature", "properties": {"name": "Rhynern", "osm_id": 17006380, "stadt": "Hamm"}, "geometry": {"type": "MultiPolygon", "coordinates": [[[[7.8028976, 51.6360215], [7.8120968, 51.6335727], [7.8130693, 51.6330788], [7.8134672, 51.6325026], [7.8173195, 51.6326269], [7.8174738, 51.6291002], [7.8174142, 51.6289979], [7.8181323, 51.6275158], [7.8182316, 51.6252315], [7.815742, 51.6249857], [7.8146104, 51.6245993], [7.8145778, 51.6245063], [7.8140446, 51.6229834], [7.8106562, 51.6220185], [7.8106882, 51.6218853], [7.8106945, 51.621859], [7.8106973, 51.6218475], [7.810703, 51.6218237], [7.8107546, 51.6216091], [7.8108034, 51.6214062], [7.8110244, 51.620487], [7.8110295, 51.6204688], [7.8110363, 51.6204447], [7.8110468, 51.6204074], [7.8111308, 51.6204165], [7.8112873, 51.6198843], [7.8113077, 51.6198149], [7.8114994, 51.6191605], [7.8116659, 51.6185926], [7.8116893, 51.6185126], [7.8118858, 51.6178419], [7.8119015, 51.6178164], [7.8119172, 51.6177909], [7.8126482, 51.6166741], [7.812899, 51.6162908], [7.8129002, 51.6162889], [7.8134111, 51.6155081], [7.8134256, 51.6154858], [7.8134283, 51.6154817], [7.813462, 51.6154301], [7.8134659, 51.6154243], [7.8123521, 51.6151213], [7.8122614, 51.6150966], [7.8122696, 51.6150868], [7.8122982, 51.615052], [7.8123212, 51.6150241], [7.8123571, 51.6149805], [7.8123787, 51.6149544], [7.8127663, 51.6144862], [7.8128949, 51.6143308], [7.8129367, 51.6142787], [7.8130824, 51.6140943], [7.813537, 51.6135193], [7.8143306, 51.6125259], [7.8143667, 51.6124782], [7.814502, 51.6122998], [7.8145346, 51.6122569], [7.8147093, 51.6120212], [7.8147376, 51.611983], [7.8147786, 51.6119276], [7.8149928, 51.6115928], [7.8151032, 51.611424], [7.815562, 51.610723], [7.8155783, 51.6106976], [7.8155823, 51.6106913], [7.8155946, 51.610672], [7.8156035, 51.610658], [7.8157107, 51.6106845], [7.8156731, 51.6106362], [7.8158703, 51.6101633], [7.8161636, 51.6094597], [7.8162069, 51.6093556], [7.8162106, 51.6093466], [7.8166172, 51.6083711], [7.8167325, 51.6080944], [7.8168366, 51.6078445], [7.8168051, 51.6077946], [7.8167662, 51.6077331], [7.8165621, 51.6062566], [7.8166153, 51.6062197], [7.8165572, 51.6062211], [7.8165391, 51.6062219], [7.8164419, 51.606226], [7.8164356, 51.6061642], [7.8164328, 51.6061372], [7.8147929, 51.6062025], [7.8145613, 51.6062118], [7.8143103, 51.6062234], [7.8140058, 51.6062375], [7.8139882, 51.6062383], [7.8138443, 51.6062449], [7.8136993, 51.6062516], [7.8135825, 51.606257], [7.8134804, 51.606265], [7.8131797, 51.6062899], [7.8126708, 51.6063507], [7.8126215, 51.6063578], [7.813356, 51.6057782], [7.813603, 51.6054675], [7.8137034, 51.6053412], [7.813733, 51.605304], [7.8139263, 51.605046], [7.8146303, 51.6041064], [7.8146823, 51.604107], [7.8146938, 51.6037233], [7.8147077, 51.6032633], [7.813217, 51.6034077], [7.813089, 51.6034374], [7.8129521, 51.6034692], [7.8128872, 51.6034842], [7.8127982, 51.6034605], [7.8127515, 51.6034466], [7.8122262, 51.6032899], [7.8117596, 51.603134], [7.8111372, 51.602901], [7.8111113, 51.6028927], [7.8110579, 51.6028755], [7.8120093, 51.6019058], [7.8122529, 51.6016575], [7.8123029, 51.6016066], [7.8123786, 51.6015295], [7.8124085, 51.6014859], [7.8125298, 51.6013089], [7.8126792, 51.6010908], [7.8127273, 51.6010159], [7.8127372, 51.6009941], [7.8127439, 51.6009795], [7.8127613, 51.6009404], [7.8127756, 51.6009082], [7.8127916, 51.6008723], [7.8128109, 51.6008298], [7.8128732, 51.6007393], [7.8129693, 51.6005997], [7.8132737, 51.6001575], [7.8133335, 51.6000257], [7.8134751, 51.5992845], [7.8135093, 51.5991266], [7.8134677, 51.5989849], [7.8135543, 51.5984261], [7.8135919, 51.5980802], [7.8134509, 51.59786], [7.8133556, 51.5975932], [7.8133018, 51.5974083], [7.8132942, 51.5973018], [7.8133886, 51.5971045], [7.8134241, 51.5970389], [7.8134433, 51.5969876], [7.8136815, 51.5967364], [7.8138964, 51.5965442], [7.8139084, 51.5965173], [7.8139475, 51.5964328], [7.8140743, 51.5961583], [7.8145092, 51.5961052], [7.8151609, 51.5960255], [7.8152503, 51.5960196], [7.8158824, 51.5959779], [7.8158264, 51.5957455], [7.8156441, 51.5952262], [7.8155795, 51.5950075], [7.8155618, 51.5949457], [7.8149378, 51.5949826], [7.8149496, 51.5947961], [7.8149586, 51.5946522], [7.8149606, 51.5946207], [7.8149974, 51.5944807], [7.8150487, 51.5942855], [7.8148669, 51.5942727], [7.8149576, 51.5940202], [7.8149732, 51.5939439], [7.8149924, 51.5938493], [7.8150037, 51.5938182], [7.8151005, 51.5935513], [7.815169, 51.5934887], [7.8152461, 51.5934835], [7.8152843, 51.5934281], [7.8152865, 51.5934249], [7.8153017, 51.5934028], [7.815282, 51.5932802], [7.8153805, 51.5931203], [7.8153902, 51.5930995], [7.8154744, 51.5929177], [7.8155896, 51.5926884], [7.8156351, 51.5925976], [7.8156077, 51.5924084], [7.8155336, 51.5923713], [7.8152052, 51.5922978], [7.814403, 51.5921181], [7.8144032, 51.5920244], [7.8144022, 51.5918852], [7.8144021, 51.5918728], [7.8144941, 51.5914995], [7.8140281, 51.5913776], [7.8142723, 51.5908203], [7.8144021, 51.590524], [7.8144167, 51.5904901], [7.8144369, 51.5904434], [7.8144467, 51.5904206], [7.8145943, 51.5904394], [7.8148546, 51.590427], [7.8149698, 51.5904215], [7.8150061, 51.5903988], [7.815942, 51.5901639], [7.8159807, 51.5901545], [7.8159883, 51.5901527], [7.8160154, 51.5901462], [7.8160541, 51.5901369], [7.8164685, 51.5900334], [7.8165964, 51.5900054], [7.8167379, 51.5899743], [7.8170146, 51.5899292], [7.8170728, 51.5899229], [7.8172967, 51.5898988], [7.8175813, 51.5898837], [7.8180374, 51.589871], [7.8182541, 51.5898649], [7.8183187, 51.5898277], [7.8186092, 51.5883643], [7.8190313, 51.5862478], [7.8190471, 51.5861685], [7.8190624, 51.5860926], [7.8191771, 51.5861015], [7.8201161, 51.5861763], [7.8207174, 51.5862242], [7.8212179, 51.5862641], [7.8217831, 51.5863092], [7.8220024, 51.5850336], [7.8220293, 51.5848767], [7.8220706, 51.5848852], [7.8220295, 51.5846769], [7.822028, 51.5846693], [7.8220243, 51.5846515], [7.8220204, 51.5846323], [7.822724, 51.5847848], [7.8226479, 51.5843187], [7.8225997, 51.5840237], [7.8225349, 51.5836259], [7.8224193, 51.5829164], [7.8223665, 51.5825924], [7.8223435, 51.582451], [7.8223407, 51.5824341], [7.8223359, 51.5824047], [7.8247792, 51.5806316], [7.824988, 51.5804518], [7.8247266, 51.5803702], [7.824368, 51.5802584], [7.8240501, 51.5801592], [7.8239559, 51.5801299], [7.8239281, 51.579906], [7.8238842, 51.5796741], [7.8239823, 51.5793224], [7.8240712, 51.5791062], [7.8242328, 51.5786223], [7.8243242, 51.5783384], [7.8243657, 51.5781617], [7.8243589, 51.578009], [7.8242075, 51.5779314], [7.8242718, 51.5778398], [7.8244499, 51.5778957], [7.8256209, 51.578251], [7.8262791, 51.5784356], [7.8269727, 51.5786049], [7.8270969, 51.5786352], [7.8295851, 51.5790376], [7.8309311, 51.5792771], [7.8333349, 51.5797], [7.8356577, 51.5800333], [7.8357229, 51.5800916], [7.8356643, 51.5810504], [7.835773, 51.5810673], [7.8357379, 51.5816867], [7.8392862, 51.5823251], [7.8410909, 51.5830577], [7.8419413, 51.5833983], [7.8488639, 51.5858529], [7.8488195, 51.5859567], [7.848923, 51.5859861], [7.8490994, 51.5860552], [7.8511375, 51.58691], [7.8511083, 51.587038], [7.8507202, 51.5872832], [7.8525386, 51.5878019], [7.8528221, 51.5875489], [7.8530735, 51.5875794], [7.8559672, 51.588227], [7.8583205, 51.5888216], [7.858301, 51.5888794], [7.8585546, 51.5889394], [7.8576958, 51.5915822], [7.8577291, 51.591853], [7.857715, 51.592101], [7.8577511, 51.592131], [7.8594999, 51.5925172], [7.8704773, 51.5948983], [7.8706682, 51.5943869], [7.8732154, 51.5945678], [7.8733224, 51.5945392], [7.87348, 51.5938135], [7.8736292, 51.5937652], [7.8736968, 51.5933434], [7.8863342, 51.5950966], [7.8865575, 51.5947454], [7.8871572, 51.5936525], [7.8872218, 51.5935993], [7.8874024, 51.5936162], [7.888621, 51.5940035], [7.889545, 51.5943964], [7.8906003, 51.5947898], [7.8911908, 51.5948496], [7.8912559, 51.5949425], [7.8918908, 51.5949626], [7.891969, 51.5949879], [7.8949039, 51.5950249], [7.8952863, 51.5950628], [7.8956338, 51.5951058], [7.8965332, 51.5951697], [7.8968247, 51.5951734], [7.8972265, 51.5951577], [7.8975415, 51.5951953], [7.8982231, 51.5952585], [7.8990409, 51.5952661], [7.8997256, 51.5953192], [7.900557, 51.595561], [7.9009342, 51.5956512], [7.9010452, 51.5956], [7.9013694, 51.5956492], [7.9016464, 51.5956678], [7.9022658, 51.5956821], [7.902864, 51.5957067], [7.9029911, 51.5956887], [7.9031799, 51.595692], [7.9036225, 51.5957367], [7.904214, 51.5957555], [7.9048558, 51.595809], [7.9052648, 51.5958038], [7.9055651, 51.5957731], [7.9059144, 51.5956761], [7.9060742, 51.595587], [7.9069283, 51.5950524], [7.907091, 51.5949182], [7.9073152, 51.5946256], [7.9074132, 51.5945113], [7.9079242, 51.5941712], [7.9080435, 51.5941089], [7.9084143, 51.5940701], [7.9090393, 51.5939001], [7.9093134, 51.5939133], [7.909981, 51.5940385], [7.9099599, 51.5943256], [7.9095444, 51.5955239], [7.9116753, 51.5953581], [7.914137, 51.5957435], [7.9134282, 51.5975517], [7.9136011, 51.5975517], [7.9143563, 51.5976517], [7.9144377, 51.5976714], [7.9146354, 51.5981511], [7.9146823, 51.59935], [7.9149072, 51.5998999], [7.9149552, 51.6000059], [7.9153202, 51.6007578], [7.9155591, 51.6012848], [7.9154551, 51.6013296], [7.9154762, 51.6020473], [7.9160109, 51.602053], [7.9149086, 51.6046129], [7.9146671, 51.6045321], [7.9145123, 51.6048544], [7.9138374, 51.6057173], [7.9137314, 51.6060102], [7.9136594, 51.6062052], [7.9135724, 51.6064422], [7.9135414, 51.6065102], [7.9135354, 51.6066022], [7.9135264, 51.6067011], [7.9135004, 51.6068351], [7.9132964, 51.6071281], [7.9131935, 51.6072771], [7.9130305, 51.6075061], [7.9129305, 51.607639], [7.9128135, 51.607796], [7.9127215, 51.607979], [7.9121365, 51.6090113], [7.9120024, 51.6091496], [7.9121995, 51.609187], [7.9121857, 51.6092525], [7.9122141, 51.6092559], [7.9118304, 51.6109945], [7.9112237, 51.6137422], [7.9112521, 51.6137461], [7.9135132, 51.6140589], [7.9135291, 51.6140683], [7.9135384, 51.6140738], [7.9135653, 51.6140895], [7.9135668, 51.6141036], [7.9135701, 51.614135], [7.913573, 51.6141622], [7.9137899, 51.6147887], [7.9138644, 51.6153455], [7.9135874, 51.615733], [7.9134976, 51.6158587], [7.9134923, 51.6158661], [7.9134722, 51.6158941], [7.9134549, 51.6159188], [7.913499, 51.6159561], [7.9135247, 51.6159647], [7.913551, 51.6159607], [7.9135882, 51.615955], [7.9136179, 51.6159497], [7.913672, 51.6159519], [7.9137162, 51.6159538], [7.9137835, 51.6159629], [7.9138621, 51.6160143], [7.9139053, 51.6160523], [7.9146026, 51.6163696], [7.9147594, 51.616423], [7.9148396, 51.6164735], [7.9149292, 51.6165072], [7.9149375, 51.6165103], [7.9150044, 51.6165526], [7.9152019, 51.6166393], [7.9152853, 51.6167044], [7.9154389, 51.6167881], [7.9156453, 51.6169357], [7.9158006, 51.6170835], [7.9159309, 51.6171961], [7.9159388, 51.6172029], [7.91596, 51.6172258], [7.9159615, 51.6172269], [7.9160091, 51.6172641], [7.915962, 51.6173613], [7.9159737, 51.6174025], [7.9160169, 51.6174436], [7.9160272, 51.6174535], [7.9160803, 51.6175142], [7.916102, 51.6175441], [7.91613, 51.6175826], [7.9161377, 51.6175932], [7.9161459, 51.6176045], [7.9163325, 51.617749], [7.9164509, 51.617821], [7.9164914, 51.6178446], [7.91652, 51.617862], [7.9166282, 51.6179279], [7.9166906, 51.6179424], [7.9171749, 51.6180548], [7.9173675, 51.61815], [7.9174111, 51.618194], [7.9174715, 51.6182551], [7.9175879, 51.6183268], [7.9176574, 51.6183696], [7.9178798, 51.6184525], [7.9180463, 51.6185736], [7.9180762, 51.6185923], [7.9181543, 51.618641], [7.9183117, 51.6187393], [7.9184002, 51.6187655], [7.9184072, 51.6187667], [7.9184048, 51.6187846], [7.9184027, 51.6188005], [7.9184062, 51.6188263], [7.9183887, 51.6188649], [7.9183243, 51.6189466], [7.9182596, 51.6189641], [7.9181046, 51.6189672], [7.9178564, 51.6189826], [7.9178047, 51.6189938], [7.9177877, 51.6190101], [7.9177725, 51.6190344], [7.9177473, 51.6190715], [7.9177048, 51.6191199], [7.917616, 51.6192182], [7.9176103, 51.6192337], [7.9175937, 51.6192797], [7.917606, 51.6192883], [7.9176299, 51.6193051], [7.9176639, 51.619329], [7.9176808, 51.6193593], [7.9177784, 51.6194899], [7.9178915, 51.6196118], [7.9179685, 51.619671], [7.9180286, 51.6197097], [7.918068, 51.6197145], [7.9180912, 51.6197174], [7.9181472, 51.6196907], [7.9181587, 51.6196771], [7.9181896, 51.6196407], [7.9182082, 51.6196325], [7.9182489, 51.6196148], [7.9182942, 51.6196259], [7.9183631, 51.6196449], [7.9184966, 51.6196847], [7.9185081, 51.6197232], [7.9185164, 51.6197343], [7.9185462, 51.6197743], [7.9185994, 51.6199121], [7.9186263, 51.6199334], [7.918842, 51.6199662], [7.9190267, 51.6200325], [7.9191124, 51.6201131], [7.9191168, 51.6201173], [7.9191354, 51.6201227], [7.9191471, 51.6201468], [7.9194154, 51.6207035], [7.9195847, 51.6210534], [7.9196232, 51.621125], [7.9197535, 51.6212293], [7.9199049, 51.6213029], [7.9200005, 51.6214119], [7.9200254, 51.6214285], [7.9201794, 51.6214678], [7.920448, 51.6215362], [7.9204867, 51.621546], [7.9205937, 51.6215468], [7.9207188, 51.621598], [7.9207449, 51.6216211], [7.9208049, 51.6216603], [7.920883, 51.6217112], [7.9209836, 51.6217767], [7.9209854, 51.6217914], [7.9209536, 51.6218254], [7.9209708, 51.6218738], [7.9210227, 51.6219501], [7.9210463, 51.621988], [7.921064, 51.6220516], [7.9211201, 51.6220917], [7.9213125, 51.6221239], [7.9213756, 51.6221163], [7.9214698, 51.6221201], [7.9216818, 51.6221404], [7.9217288, 51.6221236], [7.9217399, 51.6221101], [7.9217761, 51.6220715], [7.9218037, 51.6220813], [7.9218174, 51.6220668], [7.9218401, 51.6220426], [7.9218744, 51.6220237], [7.9220478, 51.6219905], [7.9220915, 51.6219857], [7.9221008, 51.6219847], [7.9221476, 51.6219776], [7.9222077, 51.6220256], [7.9222442, 51.6221251], [7.9222755, 51.6221657], [7.9223504, 51.622218], [7.9223896, 51.6222455], [7.9223661, 51.6222644], [7.9223465, 51.6222801], [7.9224093, 51.6223223], [7.9224323, 51.6223114], [7.9224662, 51.6222954], [7.9225602, 51.6223583], [7.9225687, 51.6223794], [7.9225297, 51.6223979], [7.9225134, 51.6224056], [7.922644, 51.6225147], [7.9230179, 51.6228627], [7.9231225, 51.6229186], [7.9238822, 51.623651], [7.9239613, 51.6237272], [7.9240042, 51.623796], [7.9241189, 51.6240485], [7.9241181, 51.6240839], [7.9241177, 51.6241053], [7.9241135, 51.6243075], [7.9241115, 51.6243163], [7.9241164, 51.6243563], [7.9240961, 51.6244851], [7.9241024, 51.6245761], [7.9241432, 51.6247658], [7.924171, 51.62496], [7.9241787, 51.6250098], [7.9243492, 51.6258314], [7.9244009, 51.6259095], [7.9244504, 51.6259844], [7.9245052, 51.626017], [7.9245737, 51.6260576], [7.9245983, 51.6260723], [7.924661, 51.6261386], [7.924687, 51.6261653], [7.9247463, 51.6262262], [7.9247486, 51.6262253], [7.9248162, 51.6262907], [7.925036, 51.6264806], [7.9250932, 51.6265281], [7.9251322, 51.6265516], [7.9251744, 51.62657], [7.9252956, 51.6265817], [7.9254016, 51.6265794], [7.9254351, 51.6265692], [7.9255458, 51.626509], [7.925619, 51.6264706], [7.9257304, 51.6264236], [7.925817, 51.6264116], [7.9259065, 51.6264193], [7.9259843, 51.6264455], [7.926162, 51.6265185], [7.9265765, 51.6266888], [7.9266586, 51.6267207], [7.9267791, 51.6267674], [7.9268238, 51.6268174], [7.9268766, 51.6268495], [7.9270354, 51.6269008], [7.9271268, 51.6269384], [7.9271617, 51.6269605], [7.9271737, 51.6269738], [7.927211, 51.627015], [7.9272051, 51.6270613], [7.9271408, 51.6270846], [7.9271273, 51.6271192], [7.9271606, 51.6271869], [7.9271619, 51.6272133], [7.927158, 51.6272672], [7.9271343, 51.6273008], [7.9270508, 51.6273955], [7.9270309, 51.627434], [7.9270291, 51.6275615], [7.927068, 51.6276753], [7.9271149, 51.6277996], [7.9271641, 51.6278312], [7.9285715, 51.6282459], [7.9290108, 51.6284029], [7.9292321, 51.6284846], [7.9296325, 51.6286326], [7.9299039, 51.6287728], [7.9299978, 51.6288212], [7.9300265, 51.6288489], [7.9300472, 51.6288717], [7.9300764, 51.6289039], [7.9301109, 51.6289419], [7.9301334, 51.62894], [7.9301462, 51.6289531], [7.9303819, 51.6291943], [7.9304498, 51.6292327], [7.9307469, 51.6293728], [7.9308514, 51.6294422], [7.9308848, 51.6294741], [7.9309599, 51.6296263], [7.9309674, 51.6296384], [7.9310146, 51.6297143], [7.9311134, 51.629708], [7.931236, 51.6296873], [7.9312547, 51.6296841], [7.9315123, 51.6297534], [7.9316525, 51.6297909], [7.9316877, 51.6298004], [7.9317422, 51.629815], [7.9317742, 51.6298235], [7.9317961, 51.6298251], [7.9318189, 51.6298188], [7.9318442, 51.6298118], [7.9319061, 51.6299043], [7.9320658, 51.6301244], [7.9321053, 51.6301858], [7.9321353, 51.6302469], [7.9321544, 51.6303116], [7.9321619, 51.6303707], [7.9321755, 51.6306752], [7.9323157, 51.6317487], [7.9323708, 51.6318368], [7.9324875, 51.63192], [7.9325368, 51.6319925], [7.9325392, 51.6320107], [7.9325484, 51.6320797], [7.9325502, 51.6320828], [7.9325726, 51.6321217], [7.9327195, 51.6322793], [7.9328508, 51.6323988], [7.9329537, 51.6324924], [7.9330035, 51.6325283], [7.9330353, 51.6325454], [7.9330672, 51.6325624], [7.9333317, 51.6326141], [7.9333583, 51.632634], [7.9334073, 51.6327428], [7.9332574, 51.6329432], [7.9332136, 51.6330443], [7.9332864, 51.633079], [7.9333673, 51.6331175], [7.9334372, 51.6331383], [7.9336433, 51.6331373], [7.9337495, 51.6331661], [7.9338074, 51.6332223], [7.9338414, 51.6332618], [7.9340105, 51.6333602], [7.9343709, 51.6334492], [7.9345101, 51.6334439], [7.9345777, 51.6334156], [7.9349758, 51.6332491], [7.9350718, 51.6332462], [7.9350775, 51.6332487], [7.935147, 51.6332801], [7.9352265, 51.6334275], [7.9351812, 51.6335916], [7.935178, 51.6336617], [7.935229, 51.633786], [7.935267, 51.6338787], [7.935267, 51.6339664], [7.9352427, 51.633999], [7.9350777, 51.6340719], [7.9348109, 51.6340145], [7.934762, 51.6340292], [7.9345858, 51.6341548], [7.9345591, 51.6342109], [7.934568, 51.6342346], [7.9346336, 51.6342715], [7.934678, 51.6342965], [7.9347644, 51.6343451], [7.935116, 51.6344256], [7.9351937, 51.6344914], [7.935181, 51.634549], [7.9350671, 51.6347214], [7.9349698, 51.6349827], [7.9348784, 51.6350747], [7.9347841, 51.6351616], [7.9347922, 51.6352006], [7.935058, 51.6352555], [7.9351324, 51.6354152], [7.935234, 51.6355163], [7.9355088, 51.6356618], [7.9355182, 51.6357112], [7.9354323, 51.6358944], [7.935368, 51.635985], [7.9353973, 51.6360602], [7.9354645, 51.6361061], [7.935544, 51.6361605], [7.9356002, 51.6362834], [7.9355318, 51.6364213], [7.9352809, 51.6365096], [7.9352676, 51.6365558], [7.9353562, 51.6366099], [7.935412, 51.6366121], [7.935664, 51.636622], [7.9356911, 51.636645], [7.9356897, 51.6366495], [7.9356646, 51.6367265], [7.9355723, 51.636851], [7.9352827, 51.6368645], [7.9352633, 51.6369738], [7.9352557, 51.6370164], [7.9352278, 51.6371732], [7.9351424, 51.6373275], [7.9348367, 51.6374134], [7.9348078, 51.6374594], [7.934841, 51.6376006], [7.9348692, 51.6377209], [7.9349738, 51.6379919], [7.9349504, 51.638012], [7.9347933, 51.638072], [7.9346306, 51.6381484], [7.9343575, 51.6382166], [7.9342622, 51.6382367], [7.9342405, 51.6382654], [7.9342947, 51.638348], [7.9344388, 51.6384629], [7.9344494, 51.6384911], [7.9342805, 51.6387064], [7.9341538, 51.6388192], [7.934194, 51.6388673], [7.9344769, 51.6390142], [7.9345696, 51.639024], [7.9347328, 51.6389589], [7.9349657, 51.6389004], [7.9353162, 51.6387285], [7.9353662, 51.6387301], [7.9354567, 51.6387927], [7.9354231, 51.6389369], [7.9354522, 51.6390493], [7.9351308, 51.6392891], [7.935109, 51.6393364], [7.9351211, 51.6393726], [7.9351866, 51.6394072], [7.9356835, 51.6393962], [7.9357149, 51.639378], [7.9357726, 51.6392404], [7.9358057, 51.6392119], [7.9359547, 51.6392364], [7.9360231, 51.6392966], [7.9359709, 51.6393948], [7.9358081, 51.6394829], [7.9358027, 51.6395392], [7.9358283, 51.6395716], [7.9359358, 51.6396321], [7.9361394, 51.6396312], [7.9361927, 51.6396141], [7.9362878, 51.6394581], [7.9363857, 51.6393619], [7.9364536, 51.6393335], [7.9365158, 51.6393469], [7.9366297, 51.6394617], [7.936665, 51.6395351], [7.9366941, 51.6395924], [7.9367127, 51.6398231], [7.9366846, 51.6399211], [7.9366285, 51.6399387], [7.9365249, 51.640004], [7.9364318, 51.6400745], [7.936208, 51.6402681], [7.9361569, 51.6403241], [7.9361186, 51.6403838], [7.9361124, 51.6404012], [7.936099, 51.640447], [7.9360848, 51.640511], [7.9360476, 51.640696], [7.9360245, 51.6408139], [7.9360128, 51.6408738], [7.9359891, 51.640999], [7.9359665, 51.6410499], [7.9359625, 51.6410551], [7.9359413, 51.6410888], [7.9359003, 51.6411219], [7.9358536, 51.641152], [7.9357957, 51.6411734], [7.9357382, 51.6411862], [7.9357317, 51.6411878], [7.935665, 51.6411971], [7.9353259, 51.64119], [7.9352352, 51.6411903], [7.9350954, 51.6412136], [7.9350109, 51.641239], [7.9348966, 51.641293], [7.9348346, 51.6413369], [7.934781, 51.6413845], [7.9347386, 51.6414362], [7.9346732, 51.6415846], [7.9346524, 51.6416241], [7.9346156, 51.6416599], [7.9345824, 51.6416957], [7.9345412, 51.6417281], [7.9344992, 51.6417587], [7.9344535, 51.6417883], [7.9344034, 51.6418152], [7.934351, 51.6418422], [7.9336367, 51.6420967], [7.9335067, 51.6421595], [7.9334219, 51.6422094], [7.9333286, 51.6422671], [7.9329469, 51.642503], [7.9324461, 51.6428123], [7.9323885, 51.6428459], [7.9323083, 51.6428959], [7.9322148, 51.6429357], [7.9321197, 51.6429743], [7.9320462, 51.6429915], [7.9320069, 51.6429954], [7.931914, 51.6430047], [7.9318007, 51.6430067], [7.9317413, 51.643004], [7.9315231, 51.6429935], [7.9314796, 51.6429922], [7.9314464, 51.6429975], [7.9313734, 51.6430229], [7.9311833, 51.6431368], [7.9310303, 51.6431771], [7.9309065, 51.6431757], [7.9306464, 51.6430983], [7.9305674, 51.6430278], [7.9305638, 51.6429996], [7.9305906, 51.6429689], [7.9306903, 51.6428453], [7.930735, 51.6427542], [7.9307676, 51.6425575], [7.9307535, 51.6425092], [7.9307378, 51.6424811], [7.9306829, 51.6424601], [7.9306338, 51.6424601], [7.9305163, 51.6424758], [7.930318, 51.642573], [7.9303155, 51.6425854], [7.9301705, 51.6426834], [7.930112, 51.6427245], [7.9299502, 51.6428226], [7.9298568, 51.6428395], [7.9297869, 51.642838], [7.9295505, 51.6427576], [7.9294037, 51.6426636], [7.9293677, 51.642609], [7.929405, 51.6425069], [7.9294817, 51.6423634], [7.929652, 51.6422408], [7.929665, 51.6422245], [7.9296592, 51.6422034], [7.92964, 51.6421861], [7.9295894, 51.6421472], [7.9292922, 51.6420027], [7.9292297, 51.6419824], [7.9291815, 51.6419789], [7.9291428, 51.6419942], [7.9291058, 51.6420334], [7.9290925, 51.642076], [7.9290932, 51.6422037], [7.9290068, 51.6422548], [7.9288743, 51.6422459], [7.9286413, 51.6422345], [7.9285313, 51.6422504], [7.9283536, 51.6422949], [7.9281954, 51.6423654], [7.9282055, 51.6423713], [7.9281072, 51.6424763], [7.9277096, 51.6429652], [7.9276196, 51.6430525], [7.9275149, 51.6431336], [7.9273911, 51.6432034], [7.9272519, 51.6432605], [7.926751, 51.6434238], [7.9266674, 51.6434553], [7.9265909, 51.6434929], [7.926523, 51.6435366], [7.9264579, 51.6435821], [7.9264073, 51.6436342], [7.9263628, 51.6436882], [7.9263312, 51.6437457], [7.9263104, 51.6438057], [7.9262437, 51.6440344], [7.9262013, 51.6441362], [7.9261394, 51.6442338], [7.9260558, 51.6443253], [7.9259636, 51.6444027], [7.9259544, 51.6444104], [7.925833, 51.6444845], [7.9256955, 51.6445476], [7.9255474, 51.6446002], [7.9253873, 51.6446378], [7.9252053, 51.6446596], [7.9250532, 51.6446687], [7.9248848, 51.6446584], [7.9247175, 51.6446404], [7.924555, 51.6446084], [7.9244039, 51.6445583], [7.924263, 51.6444997], [7.9241371, 51.6444299], [7.92353, 51.6440286], [7.9234801, 51.644], [7.9234227, 51.6439779], [7.9233579, 51.6439654], [7.9232926, 51.6439556], [7.9232266, 51.643958], [7.9231619, 51.643969], [7.9231006, 51.643987], [7.9230443, 51.6440106], [7.9228281, 51.6441185], [7.9227609, 51.6441471], [7.9226881, 51.6441701], [7.9226089, 51.6441822], [7.9225271, 51.6441861], [7.9224455, 51.6441785], [7.9223688, 51.6441604], [7.9222998, 51.6441332], [7.9222372, 51.6440999], [7.9220844, 51.6440021], [7.9220318, 51.6439697], [7.9219706, 51.6439433], [7.9219501, 51.643937], [7.9219044, 51.6439229], [7.9218351, 51.6439064], [7.9217612, 51.6439014], [7.9216873, 51.6439057], [7.9216154, 51.6439157], [7.9215444, 51.6439265], [7.9209313, 51.6440676], [7.9206768, 51.6441262], [7.9205494, 51.6441456], [7.9204187, 51.6441538], [7.9202861, 51.6441489], [7.9201601, 51.6441222], [7.9198923, 51.6440559], [7.9195665, 51.6439753], [7.9195034, 51.6439639], [7.9194732, 51.6439585], [7.9193752, 51.643948], [7.9192813, 51.6439475], [7.9189426, 51.6440119], [7.9188848, 51.644038], [7.918867, 51.6440461], [7.9186657, 51.6441401], [7.9183196, 51.6443018], [7.9181122, 51.6443988], [7.9180167, 51.644441], [7.9179066, 51.6444684], [7.9177904, 51.6444813], [7.9176729, 51.6444849], [7.9176287, 51.6444829], [7.9173274, 51.6444692], [7.9172116, 51.6444762], [7.9171044, 51.6445038], [7.9170561, 51.6445313], [7.9170178, 51.6445531], [7.9169623, 51.6446173], [7.9169486, 51.6446415], [7.916826, 51.644858], [7.9167961, 51.6448998], [7.9167581, 51.6449393], [7.9167111, 51.6449744], [7.9166589, 51.6450057], [7.9166017, 51.6450349], [7.9165378, 51.6450576], [7.9164702, 51.6450769], [7.9163986, 51.6450884], [7.9162835, 51.6451045], [7.9161981, 51.6451184], [7.9161162, 51.6451413], [7.9160403, 51.6451709], [7.9159747, 51.6452095], [7.915875, 51.6452829], [7.9158355, 51.6453126], [7.9158013, 51.6453443], [7.9157693, 51.6453778], [7.9157453, 51.6454117], [7.915724, 51.6454608], [7.9156862, 51.6455197], [7.915629, 51.6455713], [7.9155604, 51.6456169], [7.9154819, 51.6456555], [7.9151012, 51.6458024], [7.9149916, 51.6458532], [7.914897, 51.6459152], [7.9148172, 51.6459851], [7.9147557, 51.6460617], [7.9144859, 51.646485], [7.914397, 51.6465667], [7.9142715, 51.6466821], [7.9133214, 51.6472072], [7.9131256, 51.6473049], [7.9129087, 51.6473315], [7.9126086, 51.6472878], [7.9123186, 51.647244], [7.9119144, 51.6473176], [7.9115236, 51.6475259], [7.9113757, 51.6477419], [7.9111516, 51.647952], [7.9108891, 51.6480793], [7.9106205, 51.6481454], [7.9102959, 51.6481475], [7.9099792, 51.6480663], [7.9095327, 51.6479396], [7.9090968, 51.6478906], [7.9086685, 51.6479695], [7.9083131, 51.6481271], [7.9080923, 51.6482719], [7.9079401, 51.6483688], [7.907683, 51.6484508], [7.9073838, 51.6484745], [7.9072584, 51.6484742], [7.9071344, 51.6484771], [7.9068181, 51.6485452], [7.9066508, 51.6486354], [7.9064989, 51.648858], [7.9064185, 51.649074], [7.9062559, 51.6492704], [7.906097, 51.6493889], [7.9060169, 51.6494195], [7.9059475, 51.649394], [7.9057977, 51.6492235], [7.9057143, 51.649209], [7.9055831, 51.6492559], [7.9055066, 51.6493417], [7.9054685, 51.6494718], [7.9054871, 51.6495325], [7.9055254, 51.649593], [7.9056824, 51.6496913], [7.9058258, 51.6497594], [7.9058419, 51.6498093], [7.9057762, 51.6498576], [7.9054947, 51.649925], [7.9053242, 51.6499008], [7.904955, 51.6496949], [7.904752, 51.6495956], [7.9044829, 51.6494274], [7.9040775, 51.6492929], [7.9038567, 51.6492676], [7.9036689, 51.6493095], [7.903354, 51.6494788], [7.9031277, 51.6496352], [7.9027319, 51.6498209], [7.9020692, 51.6499808], [7.9015144, 51.6500758], [7.9010128, 51.6502969], [7.9007914, 51.6505111], [7.9005752, 51.6507118], [7.9000675, 51.6508872], [7.8999601, 51.6511691], [7.9000083, 51.6514554], [7.8999536, 51.6516058], [7.8997001, 51.6517615], [7.8996236, 51.6519228], [7.8993496, 51.6520865], [7.8994231, 51.6521843], [7.8994553, 51.6522843], [7.8994079, 51.6523291], [7.8991784, 51.6524103], [7.8989319, 51.6524785], [7.8987457, 51.6525759], [7.8983572, 51.6528209], [7.8984596, 51.652961], [7.8984748, 51.6530421], [7.8984331, 51.6531551], [7.8983458, 51.6531975], [7.898196, 51.6532104], [7.8980196, 51.6531951], [7.8978963, 51.6533587], [7.897625, 51.6534953], [7.897173, 51.6536765], [7.8967112, 51.6537891], [7.8961053, 51.6538929], [7.8957679, 51.6538812], [7.8954533, 51.6537947], [7.8951145, 51.6536148], [7.8946661, 51.6533768], [7.8943794, 51.6533139], [7.8938709, 51.653372], [7.8933821, 51.6537003], [7.8928265, 51.6538809], [7.892046, 51.6539151], [7.8918395, 51.6539063], [7.8912735, 51.6538821], [7.8905041, 51.6538973], [7.8904091, 51.6539057], [7.8902639, 51.6539185], [7.8901396, 51.6539274], [7.8896109, 51.6539596], [7.8887761, 51.6539926], [7.8882367, 51.6539629], [7.8875729, 51.6539232], [7.8871646, 51.6539659], [7.8867347, 51.6540842], [7.8857304, 51.6546634], [7.8846198, 51.6550677], [7.8830722, 51.6553825], [7.8824883, 51.655564], [7.8823456, 51.6555706], [7.8820985, 51.6554545], [7.88186, 51.6553111], [7.8816357, 51.6552708], [7.8813458, 51.6552941], [7.8811483, 51.6554251], [7.8810205, 51.6557438], [7.8809317, 51.6558191], [7.8808275, 51.6557224], [7.8806209, 51.6556567], [7.8803793, 51.6556308], [7.8798914, 51.6556784], [7.879679, 51.6557808], [7.8796606, 51.6559439], [7.8796898, 51.6560245], [7.879576, 51.6560591], [7.879447, 51.6560289], [7.8792486, 51.6559901], [7.8790452, 51.6560154], [7.8789365, 51.6561651], [7.8790143, 51.656416], [7.878759, 51.6565215], [7.8782309, 51.656576], [7.8780373, 51.6565561], [7.8778017, 51.656527], [7.8768728, 51.6564973], [7.8764749, 51.6565107], [7.876118, 51.6564657], [7.8757785, 51.6563337], [7.8755201, 51.6561884], [7.8751372, 51.6560444], [7.874279, 51.655998], [7.8738551, 51.6561419], [7.873614, 51.6562418], [7.8735526, 51.6563253], [7.8735096, 51.6564081], [7.8734302, 51.6567467], [7.873561, 51.6569796], [7.8740452, 51.6574351], [7.8740211, 51.657583], [7.8739799, 51.6578363], [7.8737819, 51.6579613], [7.8735671, 51.6580866], [7.8727864, 51.6582541], [7.8720802, 51.6584358], [7.8718803, 51.6585397], [7.8716491, 51.6588321], [7.8712638, 51.6592317], [7.8710655, 51.6594183], [7.8707135, 51.6596719], [7.8701174, 51.6601968], [7.8699044, 51.6606632], [7.8698286, 51.6611374], [7.8697896, 51.6618314], [7.8698764, 51.6622242], [7.869939, 51.6624307], [7.8700072, 51.6625622], [7.8702267, 51.6630638], [7.8703106, 51.663374], [7.870312, 51.6634519], [7.8703555, 51.6640004], [7.8703716, 51.6642323], [7.8704777, 51.6646396], [7.8704926, 51.6648], [7.8704634, 51.6649037], [7.8704125, 51.6649745], [7.8702881, 51.6651186], [7.8690004, 51.6658478], [7.868465, 51.6660343], [7.8681304, 51.6661263], [7.867483, 51.6662622], [7.8672193, 51.6663028], [7.8668022, 51.666357], [7.8664328, 51.6664185], [7.8663404, 51.6664659], [7.8661951, 51.666595], [7.8661422, 51.6666318], [7.8660473, 51.6666651], [7.865896, 51.6666986], [7.8650352, 51.6668726], [7.8649044, 51.66692], [7.8647075, 51.6670152], [7.8645845, 51.6671189], [7.864485, 51.6672969], [7.864384, 51.667732], [7.8643334, 51.6678475], [7.8642504, 51.6679286], [7.864155, 51.6679898], [7.8640813, 51.6680239], [7.8639381, 51.6680583], [7.8637259, 51.6680613], [7.8635485, 51.6680257], [7.8627654, 51.6677854], [7.8626321, 51.6677754], [7.8610773, 51.6678871], [7.8603506, 51.6679431], [7.8595855, 51.6682708], [7.8590643, 51.6685343], [7.8589653, 51.6686622], [7.8589149, 51.6687846], [7.8588834, 51.6689269], [7.8589227, 51.6690078], [7.8591196, 51.6690943], [7.8592445, 51.6691583], [7.8593269, 51.6692527], [7.8593192, 51.6693566], [7.8589772, 51.6697014], [7.858844, 51.6697563], [7.858017, 51.6698229], [7.8573139, 51.6699147], [7.8561913, 51.6701968], [7.8558303, 51.6702798], [7.8554636, 51.6703406], [7.8547543, 51.6704228], [7.8546592, 51.6704405], [7.8542324, 51.6705195], [7.8539351, 51.6706595], [7.8538919, 51.6706877], [7.853457, 51.6705749], [7.8529384, 51.6703431], [7.8528165, 51.6703683], [7.85281, 51.6704195], [7.8529484, 51.6705918], [7.8529085, 51.6708386], [7.8530748, 51.6711798], [7.8529973, 51.6712707], [7.8526938, 51.6715531], [7.8525677, 51.6716723], [7.8524752, 51.6717596], [7.8522275, 51.671867], [7.8519879, 51.6718672], [7.8517678, 51.6717765], [7.8515846, 51.6717499], [7.8504217, 51.67191], [7.8503495, 51.6719247], [7.8502493, 51.6719615], [7.8501706, 51.6720095], [7.850119, 51.6720734], [7.8500936, 51.6721388], [7.8501019, 51.672218], [7.8501606, 51.6723065], [7.8502143, 51.6723567], [7.8503295, 51.6724574], [7.8503981, 51.6725635], [7.8504037, 51.6726207], [7.8503942, 51.6726734], [7.8503766, 51.672711], [7.8503312, 51.6727484], [7.850202, 51.6728089], [7.8499793, 51.6728743], [7.8499052, 51.6729037], [7.849838, 51.6729396], [7.84978, 51.6729975], [7.8497486, 51.6730781], [7.8497468, 51.6732075], [7.8499283, 51.6746784], [7.8498989, 51.6747944], [7.8497969, 51.6749065], [7.8494582, 51.6751206], [7.8492033, 51.6752387], [7.8489948, 51.6753687], [7.8489081, 51.6754808], [7.8488479, 51.6755989], [7.8490228, 51.6765381], [7.8489237, 51.6767345], [7.8487063, 51.6769877], [7.8483591, 51.6772136], [7.8483049, 51.6772433], [7.8482958, 51.6772331], [7.8482795, 51.6772429], [7.8482052, 51.6771877], [7.8480891, 51.6771032], [7.8479327, 51.6769851], [7.847654, 51.6767758], [7.8471771, 51.676411], [7.8468117, 51.6761364], [7.8466182, 51.6759722], [7.8464618, 51.6758368], [7.8463952, 51.6757312], [7.8463642, 51.6756362], [7.8462853, 51.6755075], [7.8460453, 51.6752377], [7.8458579, 51.675013], [7.8456845, 51.6747144], [7.8455049, 51.6744038], [7.845429, 51.6742718], [7.8451782, 51.6738157], [7.8451054, 51.6736362], [7.8450482, 51.6735363], [7.8449661, 51.6734902], [7.844932, 51.6735008], [7.8448453, 51.6734028], [7.8446998, 51.673253], [7.8444412, 51.6730207], [7.8442616, 51.6728622], [7.8440913, 51.6727096], [7.8439132, 51.6725531], [7.8438079, 51.6724388], [7.8436299, 51.6722516], [7.8434781, 51.6720806], [7.8433729, 51.6719923], [7.843218, 51.6718655], [7.8429982, 51.6717177], [7.8428356, 51.671612], [7.8427272, 51.6715218], [7.8421884, 51.6710417], [7.8419314, 51.6707536], [7.8416, 51.670237], [7.8414421, 51.6698586], [7.8414049, 51.6696724], [7.8413585, 51.6694284], [7.8412346, 51.6687678], [7.8411386, 51.6682742], [7.8410457, 51.6677153], [7.8410302, 51.6674887], [7.8409869, 51.6673542], [7.8409745, 51.6671698], [7.8409373, 51.6662902], [7.840894, 51.6653644], [7.8409249, 51.6648381], [7.8410209, 51.6639699], [7.841055, 51.6634955], [7.8410209, 51.6631257], [7.8409482, 51.6626955], [7.8408971, 51.662488], [7.8407639, 51.6619339], [7.8405162, 51.6612577], [7.8401879, 51.6608966], [7.839869, 51.6606738], [7.8394509, 51.6604798], [7.8391103, 51.6603626], [7.838621, 51.6602685], [7.8384476, 51.660254], [7.8381658, 51.6602348], [7.8379336, 51.6602358], [7.8377122, 51.6602473], [7.8375372, 51.6602637], [7.8371718, 51.6603203], [7.8368559, 51.6601955], [7.8365463, 51.6603299], [7.8362769, 51.6604221], [7.8358743, 51.6605537], [7.8357721, 51.6603924], [7.8356498, 51.6603683], [7.8355894, 51.660352], [7.8354315, 51.6603069], [7.8354036, 51.6602915], [7.8354222, 51.6602646], [7.8352426, 51.66023], [7.8348121, 51.6602665], [7.8344808, 51.6602877], [7.8339203, 51.660305], [7.8335828, 51.6603203], [7.8330099, 51.6603338], [7.8330935, 51.6606584], [7.8330904, 51.6607314], [7.8320375, 51.6608159], [7.83122, 51.660839], [7.830514, 51.6608198], [7.8301548, 51.6608082], [7.8300247, 51.6607852], [7.8298699, 51.6607852], [7.8291081, 51.6609773], [7.8283401, 51.6612212], [7.8277301, 51.6614229], [7.8274607, 51.6615535], [7.8273771, 51.6615824], [7.8270117, 51.661688], [7.8262777, 51.6618551], [7.8256089, 51.6619684], [7.8252651, 51.6620011], [7.8252249, 51.6620222], [7.8251691, 51.6620299], [7.8244523, 51.6621077], [7.8240946, 51.662125], [7.8235573, 51.6621442], [7.823195, 51.6621673], [7.822633, 51.662197], [7.8222652, 51.6622095], [7.8222265, 51.6622177], [7.8222041, 51.662233], [7.8221902, 51.6622604], [7.8219641, 51.6623276], [7.8219486, 51.6622451], [7.8206449, 51.6622527], [7.8189015, 51.6621394], [7.8188984, 51.6621067], [7.8177712, 51.6620357], [7.8174275, 51.6620357], [7.8173253, 51.6620914], [7.8160681, 51.661809], [7.8149904, 51.6615651], [7.8146807, 51.6615478], [7.8146374, 51.6616323], [7.8146157, 51.6617283], [7.8135567, 51.6615574], [7.8126431, 51.6615612], [7.8110855, 51.661882], [7.8106272, 51.6619896], [7.8101875, 51.6616477], [7.809984, 51.6611001], [7.8098295, 51.6606663], [7.8090369, 51.660228], [7.8090247, 51.6601245], [7.8089805, 51.6591625], [7.8087646, 51.6584837], [7.8086419, 51.657884], [7.808426, 51.6573695], [7.8078665, 51.656718], [7.8077365, 51.656564], [7.8075749, 51.6565735], [7.8076192, 51.6507516], [7.8022042, 51.6374478], [7.8028976, 51.6360215]]]]}}, {"type": "Feature", "properties": {"name": "Pelkum", "osm_id": 17006426, "stadt": "Hamm"}, "geometry": {"type": "MultiPolygon", "coordinates": [[[[7.6851676, 51.6406627], [7.6857143, 51.6407102], [7.6860288, 51.6407383], [7.6862933, 51.6407592], [7.6875558, 51.6406814], [7.6891014, 51.6404813], [7.6897883, 51.6403156], [7.6913756, 51.6401097], [7.6931765, 51.6401831], [7.6946942, 51.6402523], [7.6954136, 51.6402911], [7.6958104, 51.6404006], [7.696994, 51.6407434], [7.6974395, 51.6408687], [7.6978364, 51.6409853], [7.6980452, 51.6409968], [7.6985581, 51.6410386], [7.6993077, 51.6410919], [7.6998322, 51.640968], [7.7006026, 51.6407851], [7.7024127, 51.640379], [7.7025659, 51.640402], [7.7031136, 51.6404582], [7.7036566, 51.6404928], [7.7046383, 51.6405144], [7.7061699, 51.6405345], [7.7066619, 51.6408255], [7.7069682, 51.641004], [7.7074115, 51.6411452], [7.7081982, 51.64139], [7.7092564, 51.6413972], [7.7097089, 51.6415441], [7.7108728, 51.6419135], [7.7111089, 51.642001], [7.7112916, 51.6421187], [7.7116513, 51.6423578], [7.7119902, 51.6425637], [7.712322, 51.6427826], [7.7129231, 51.6431729], [7.713357, 51.643458], [7.7133942, 51.6434854], [7.7137121, 51.6437993], [7.714102, 51.6441824], [7.7144779, 51.6442227], [7.7155686, 51.6443322], [7.7159562, 51.6442429], [7.7161767, 51.644155], [7.7166919, 51.6444099], [7.7179914, 51.6450162], [7.7196484, 51.6458082], [7.7211011, 51.6464994], [7.7229577, 51.6473807], [7.7241598, 51.6479711], [7.7262693, 51.6491086], [7.7269724, 51.6495061], [7.7273159, 51.6495824], [7.7280307, 51.6495205], [7.7281189, 51.6495291], [7.729611, 51.6496616], [7.7311705, 51.649807], [7.7315326, 51.6492858], [7.7320895, 51.6484492], [7.7321429, 51.6471215], [7.7344427, 51.6469055], [7.7350182, 51.6468479], [7.7358838, 51.6469574], [7.7366984, 51.647205], [7.7375988, 51.6473332], [7.7387417, 51.6476298], [7.7400355, 51.6477025], [7.7405832, 51.6476903], [7.7409104, 51.6476831], [7.7415509, 51.6478055], [7.7426393, 51.6480114], [7.7442475, 51.6483224], [7.745633, 51.6485917], [7.7468351, 51.6488351], [7.7472865, 51.6478804], [7.7472598, 51.6478789], [7.7473804, 51.6476824], [7.7474698, 51.6475384], [7.7475243, 51.6474657], [7.7478539, 51.6476068], [7.748434, 51.647866], [7.7492463, 51.6482303], [7.7499634, 51.6485917], [7.7503718, 51.648807], [7.7508499, 51.6490561], [7.7508696, 51.6489949], [7.7508812, 51.6489006], [7.7508928, 51.6487998], [7.7509172, 51.6487407], [7.7509787, 51.6486471], [7.7510402, 51.6485989], [7.7511666, 51.6485608], [7.7512815, 51.6485406], [7.7514869, 51.6485298], [7.7516859, 51.6483962], [7.7520984, 51.6481338], [7.7522237, 51.6482144], [7.7521726, 51.6479697], [7.7522167, 51.6479077], [7.7524697, 51.6476413], [7.7528828, 51.6470553], [7.7532285, 51.6472525], [7.754129, 51.6477666], [7.7549203, 51.6482159], [7.756575, 51.6489481], [7.7569573, 51.6486173], [7.7569236, 51.6486094], [7.7574412, 51.6482011], [7.7579941, 51.6477256], [7.7585208, 51.6472806], [7.7585696, 51.6472403], [7.7589113, 51.6469552], [7.7589119, 51.646917], [7.7590442, 51.6469703], [7.7591996, 51.6468263], [7.7598285, 51.6470625], [7.7610597, 51.6475427], [7.7610504, 51.6475542], [7.7618765, 51.647871], [7.7624904, 51.6481079], [7.7631169, 51.6483671], [7.7639965, 51.6487703], [7.7648621, 51.6492195], [7.7655745, 51.6495896], [7.7660804, 51.6499524], [7.7663543, 51.6502044], [7.766642, 51.6505629], [7.7670876, 51.6512598], [7.7673034, 51.651591], [7.7676771, 51.652118], [7.7682062, 51.6529257], [7.7686448, 51.6535779], [7.7688931, 51.6539451], [7.7689627, 51.6540228], [7.7691461, 51.6541855], [7.7694918, 51.6544504], [7.7698933, 51.654652], [7.7704294, 51.6548924], [7.7702925, 51.6550119], [7.7710861, 51.6553128], [7.7710026, 51.6553992], [7.7702762, 51.655189], [7.7700256, 51.6551804], [7.7698167, 51.6552149], [7.7694385, 51.6553618], [7.7679625, 51.6555792], [7.7674844, 51.655811], [7.7670366, 51.6555187], [7.7664216, 51.655788], [7.7655072, 51.656181], [7.7644815, 51.6566244], [7.7633745, 51.6570952], [7.7623349, 51.6575343], [7.7608636, 51.6581634], [7.7599121, 51.6585708], [7.7586891, 51.6591078], [7.7583178, 51.6592734], [7.7583874, 51.6593396], [7.7583456, 51.6593669], [7.7578212, 51.6594807], [7.7576773, 51.6594447], [7.7573524, 51.6596995], [7.7571714, 51.6598377], [7.757002, 51.6599701], [7.7571296, 51.6600205], [7.7572572, 51.6600579], [7.7577492, 51.660199], [7.758703, 51.6604524], [7.7597334, 51.6606813], [7.7605967, 51.6608756], [7.7608125, 51.6608555], [7.7614321, 51.6603674], [7.7617524, 51.6602393], [7.7623766, 51.660212], [7.7629429, 51.6605963], [7.7636971, 51.6610987], [7.7642738, 51.6614845], [7.7646022, 51.6617019], [7.7657532, 51.6624735], [7.7665794, 51.6630363], [7.7665933, 51.6631472], [7.7662243, 51.6633314], [7.7661222, 51.6634754], [7.7661245, 51.6637057], [7.7661593, 51.6639259], [7.7661895, 51.6641087], [7.7662545, 51.6642152], [7.7666931, 51.6644024], [7.7668741, 51.6644873], [7.7670923, 51.6645564], [7.7671665, 51.6645938], [7.7673545, 51.6646701], [7.7677676, 51.6647924], [7.768357, 51.6648946], [7.7685682, 51.664909], [7.7691774, 51.664786], [7.7695522, 51.6647975], [7.7700894, 51.6648263], [7.7707218, 51.6648572], [7.770991, 51.6647248], [7.7710536, 51.6645895], [7.7712764, 51.6646341], [7.7721769, 51.6647219], [7.7732281, 51.6646427], [7.7738245, 51.6647162], [7.7740543, 51.6647277], [7.7756138, 51.6644988], [7.7759735, 51.664447], [7.776969, 51.6643851], [7.7774726, 51.6644225], [7.7777859, 51.6644052], [7.7780366, 51.6644153], [7.7790112, 51.6644268], [7.7792688, 51.6644455], [7.7795125, 51.6644283], [7.7799279, 51.664434], [7.7803294, 51.6644383], [7.7807007, 51.6644225], [7.7816754, 51.6643657], [7.7825445, 51.6643153], [7.7828728, 51.6642951], [7.7829181, 51.6642994], [7.7829831, 51.6642527], [7.7830469, 51.6641807], [7.7830713, 51.6641109], [7.7834228, 51.6640871], [7.7834646, 51.6640929], [7.7845626, 51.6639527], [7.785278, 51.6638067], [7.7860366, 51.663678], [7.7866312, 51.6636549], [7.7868542, 51.6636242], [7.78704, 51.6635531], [7.7871329, 51.6638432], [7.7876655, 51.6637817], [7.7876995, 51.6640621], [7.7882074, 51.6640429], [7.7883158, 51.6644136], [7.7888608, 51.6644559], [7.7897743, 51.6644559], [7.7903874, 51.6644424], [7.7905082, 51.6644175], [7.7905051, 51.6641121], [7.7905516, 51.6640122], [7.7904432, 51.6632324], [7.7904834, 51.6631959], [7.791109, 51.6630864], [7.7916416, 51.6629923], [7.7919265, 51.6629711], [7.7921742, 51.6629788], [7.792617, 51.6630191], [7.7926263, 51.6629001], [7.792648, 51.6629113], [7.7934144, 51.6628271], [7.793416, 51.6628093], [7.7935824, 51.6627982], [7.7938216, 51.6627829], [7.7942397, 51.6627483], [7.7948312, 51.6627637], [7.7956022, 51.6629097], [7.7963516, 51.6630288], [7.7968471, 51.6631786], [7.797132, 51.6633591], [7.7974107, 51.6633975], [7.7974354, 51.6633687], [7.79742, 51.6632516], [7.7980919, 51.6632112], [7.7983025, 51.6630019], [7.7990085, 51.6630441], [7.7997765, 51.6631017], [7.8003773, 51.6630518], [7.8005569, 51.6628482], [7.8034677, 51.6624218], [7.8036412, 51.6624179], [7.8037341, 51.6623834], [7.8035916, 51.6621183], [7.8037464, 51.6620722], [7.8050285, 51.6620414], [7.8058707, 51.6619915], [7.8075987, 51.6619454], [7.8080818, 51.6619531], [7.8081019, 51.6620366], [7.8088466, 51.661907], [7.8098469, 51.661786], [7.8099521, 51.6617514], [7.8098221, 51.6617034], [7.8101875, 51.6616477], [7.809984, 51.6611001], [7.8098295, 51.6606663], [7.8090369, 51.660228], [7.8090247, 51.6601245], [7.8089805, 51.6591625], [7.8087646, 51.6584837], [7.8086419, 51.657884], [7.808426, 51.6573695], [7.8078665, 51.656718], [7.8077365, 51.656564], [7.8075749, 51.6565735], [7.8076192, 51.6507516], [7.8022042, 51.6374478], [7.8028976, 51.6360215], [7.8120968, 51.6335727], [7.8130693, 51.6330788], [7.8134672, 51.6325026], [7.8173195, 51.6326269], [7.8174738, 51.6291002], [7.8174142, 51.6289979], [7.8181323, 51.6275158], [7.8182316, 51.6252315], [7.815742, 51.6249857], [7.8146104, 51.6245993], [7.8145778, 51.6245063], [7.8140446, 51.6229834], [7.8106562, 51.6220185], [7.8026284, 51.6206607], [7.789708, 51.6184481], [7.786692, 51.6178838], [7.785808, 51.6190996], [7.7857467, 51.6190853], [7.7856782, 51.6191626], [7.7837496, 51.6210194], [7.7827005, 51.6205011], [7.7810393, 51.6217833], [7.7808674, 51.62198], [7.7802201, 51.6217693], [7.7805886, 51.6211528], [7.7793155, 51.6208843], [7.77807, 51.620693], [7.7781627, 51.620363], [7.7759503, 51.6200988], [7.7745291, 51.6199384], [7.7741967, 51.6202152], [7.7723787, 51.6199075], [7.7719524, 51.6200206], [7.7708977, 51.6199892], [7.7704638, 51.6199344], [7.7703248, 51.6199264], [7.7702048, 51.6199154], [7.769149, 51.6197624], [7.7690555, 51.6202761], [7.7680161, 51.6201974], [7.7670393, 51.6200984], [7.7668163, 51.6200754], [7.7652455, 51.6214452], [7.7647316, 51.6218952], [7.7644297, 51.6216092], [7.7631199, 51.6213382], [7.7594786, 51.6206551], [7.7592356, 51.6213768], [7.7591746, 51.6217123], [7.7591917, 51.6220464], [7.75931, 51.6231818], [7.7593496, 51.6235884], [7.7594273, 51.6242138], [7.7571187, 51.6241754], [7.7558715, 51.6241678], [7.755475, 51.6241499], [7.755381, 51.6242219], [7.755294, 51.6242299], [7.7547691, 51.6242679], [7.7542622, 51.6243139], [7.7535013, 51.6244019], [7.7533133, 51.6244629], [7.7532043, 51.6245009], [7.7527824, 51.6248018], [7.7520915, 51.6242149], [7.7518385, 51.6241649], [7.7514436, 51.6241079], [7.7512246, 51.6240929], [7.7500638, 51.6240119], [7.748701, 51.6239549], [7.7483741, 51.6239399], [7.7482721, 51.6239439], [7.7473352, 51.6239929], [7.7472972, 51.6241919], [7.7471912, 51.6243559], [7.7470852, 51.6244588], [7.7469823, 51.6245618], [7.7465493, 51.6246418], [7.7463444, 51.6246798], [7.7462074, 51.6247108], [7.7458704, 51.6249928], [7.7437218, 51.6249048], [7.7432128, 51.6248968], [7.7430818, 51.6248968], [7.7432708, 51.6251648], [7.7434638, 51.6253817], [7.7433098, 51.6253777], [7.7426779, 51.6253707], [7.742171, 51.6253777], [7.7394474, 51.6253357], [7.7393754, 51.6254277], [7.7391854, 51.6257667], [7.7389495, 51.6256797], [7.7382756, 51.6254347], [7.7381186, 51.6254277], [7.7379226, 51.6254507], [7.7378326, 51.6254617], [7.7376677, 51.6250308], [7.7375877, 51.6249048], [7.7375137, 51.6247908], [7.7373967, 51.6247598], [7.7373027, 51.6247368], [7.7370568, 51.6246798], [7.7369618, 51.6246568], [7.7366858, 51.6246338], [7.7350241, 51.6245308], [7.7346761, 51.6245078], [7.7345771, 51.6244548], [7.7343812, 51.6242868], [7.7341682, 51.6241689], [7.7340982, 51.6243328], [7.7338042, 51.6249888], [7.7335113, 51.6247678], [7.7331603, 51.6247108], [7.7329884, 51.6246908], [7.7313936, 51.6245008], [7.7311596, 51.6244588], [7.7303648, 51.6243208], [7.7301868, 51.6250458], [7.7301338, 51.6252637], [7.7300608, 51.6254087], [7.7299808, 51.6255727], [7.7298658, 51.6256797], [7.7297708, 51.6258017], [7.7295679, 51.6259237], [7.7294859, 51.6259806], [7.7294089, 51.6260376], [7.7292919, 51.6261216], [7.7290079, 51.6263696], [7.728642, 51.6266866], [7.728474, 51.6268356], [7.7282821, 51.6269075], [7.7282151, 51.6268575], [7.725836, 51.6253665], [7.726472, 51.6245516], [7.7273797, 51.6237324], [7.7270467, 51.6231464], [7.7273569, 51.6224226], [7.7255579, 51.6220445], [7.7248733, 51.6219084], [7.724772, 51.6219812], [7.7246701, 51.6224775], [7.7244851, 51.6227019], [7.7242606, 51.6243236], [7.7242135, 51.6244163], [7.7229945, 51.6240672], [7.7229389, 51.623169], [7.722164, 51.622811], [7.722058, 51.622765], [7.721986, 51.622731], [7.721857, 51.622498], [7.7217161, 51.6222501], [7.7217821, 51.6213912], [7.7217941, 51.6212462], [7.7217331, 51.6191484], [7.7216671, 51.6184885], [7.7213291, 51.6182555], [7.7209512, 51.6179655], [7.7208702, 51.6179045], [7.7205543, 51.6176306], [7.7202003, 51.6173516], [7.7199953, 51.6171996], [7.7196444, 51.6168677], [7.7194464, 51.6167037], [7.7193174, 51.6165927], [7.7193994, 51.6165237], [7.7194044, 51.6163867], [7.7193554, 51.6162227], [7.7193024, 51.6160437], [7.7192615, 51.6157688], [7.7191255, 51.6152038], [7.7190535, 51.6149069], [7.7191255, 51.6148609], [7.7192115, 51.6147959], [7.7192835, 51.6147389], [7.7155313, 51.6129299], [7.7151471, 51.613388], [7.7149391, 51.613633], [7.7148141, 51.61356], [7.7146542, 51.613461], [7.7144542, 51.613335], [7.7142892, 51.613488], [7.7141422, 51.613545], [7.7139293, 51.613587], [7.7136913, 51.613629], [7.7136183, 51.613644], [7.7134623, 51.613621], [7.7126245, 51.613499], [7.7111008, 51.6129514], [7.7105971, 51.6127373], [7.7069739, 51.6114779], [7.7063504, 51.6123092], [7.7063164, 51.6123581], [7.7061074, 51.6123961], [7.7058845, 51.6127701], [7.7056605, 51.6127701], [7.7052136, 51.6127591], [7.7048896, 51.6127401], [7.7046577, 51.6127171], [7.7045337, 51.6126981], [7.7042487, 51.6126601], [7.7037428, 51.6125221], [7.7033459, 51.6124161], [7.7031059, 51.6123731], [7.7028249, 51.6123281], [7.7011742, 51.6124191], [7.7010382, 51.6124271], [7.7003583, 51.6122401], [7.6999764, 51.6121032], [7.6998734, 51.6120642], [7.6986306, 51.613346], [7.6974547, 51.6145369], [7.6973507, 51.6145479], [7.6962479, 51.6146509], [7.6933243, 51.6150198], [7.692791, 51.6147705], [7.6916836, 51.6140992], [7.6908254, 51.6135889], [7.6906705, 51.6134949], [7.6905091, 51.6133955], [7.6899499, 51.613026], [7.6897959, 51.61295], [7.6898139, 51.6142849], [7.6897829, 51.6148838], [7.6897509, 51.6154598], [7.6896929, 51.6161577], [7.6896399, 51.6165586], [7.6894819, 51.6180045], [7.6894469, 51.6183324], [7.6894289, 51.6184424], [7.6891739, 51.6185074], [7.689133, 51.6186144], [7.689104, 51.6186944], [7.688578, 51.6186754], [7.6882381, 51.6206212], [7.6882131, 51.6207472], [7.688786, 51.6206902], [7.6881701, 51.622429], [7.6881371, 51.622536], [7.6878461, 51.6234249], [7.6873082, 51.6250577], [7.6871892, 51.6254166], [7.6869862, 51.6260186], [7.6868393, 51.6265375], [7.6860884, 51.6288343], [7.6858574, 51.6302301], [7.6856024, 51.6317679], [7.6854954, 51.6324089], [7.6854045, 51.6332588], [7.6853735, 51.6343576], [7.6848855, 51.6347356], [7.6852905, 51.6368454], [7.6852405, 51.6386571], [7.6852355, 51.6388091], [7.6852175, 51.6394391], [7.6852035, 51.639591], [7.6851855, 51.640122], [7.6851745, 51.6404609], [7.6851695, 51.6406059], [7.6851676, 51.6406627]]]]}}]}