{"type": "FeatureCollection", "features": [{"type": "Feature", "properties": {"name": "Südbaden", "verband": "Südbaden"}, "geometry": {"type": "MultiPolygon", "coordinates": [[[[7.5144765, 47.7028216], [7.5400639, 47.7182098], [7.5461388, 47.7258603], [7.5484116, 47.7319414], [7.5482058, 47.7399139], [7.531498, 47.769789], [7.5298172, 47.7809197], [7.5494403, 47.8227141], [7.5628834, 47.8430998], [7.5629283, 47.8526398], [7.5555593, 47.868006], [7.5565784, 47.8780364], [7.5622544, 47.8847735], [7.5755385, 47.8911941], [7.5811809, 47.8970273], [7.5830795, 47.9034927], [7.5805908, 47.9223667], [7.5832304, 47.9311934], [7.5886895, 47.9377613], [7.6110479, 47.9556862], [7.6199311, 47.9672273], [7.6218969, 47.9724992], [7.6184552, 47.9859685], [7.6100998, 47.9988929], [7.5714025, 48.0305769], [7.5689009, 48.0345704], [7.5739341, 48.0545182], [7.5692677, 48.0811902], [7.5792882, 48.101469], [7.5771847, 48.1196564], [7.5815438, 48.1255503], [7.5936294, 48.1308682], [7.5986496, 48.1354957], [7.6006332, 48.1417508], [7.5989187, 48.1528098], [7.6016503, 48.1589525], [7.628903, 48.183017], [7.6450502, 48.2081091], [7.6610695, 48.2165983], [7.6665374, 48.2215601], [7.6881795, 48.2772718], [7.6895404, 48.2938416], [7.6935421, 48.3016364], [7.7062196, 48.3102727], [7.7332321, 48.3175798], [7.7442686, 48.3267489], [7.7454441, 48.3343612], [7.7316383, 48.3778046], [7.7322311, 48.3941196], [7.7359812, 48.4045549], [7.7643015, 48.4541582], [7.7667169, 48.4641731], [7.7679863, 48.4892414], [7.7737246, 48.493473], [7.7960042, 48.5024505], [7.8056264, 48.5149277], [7.8066525, 48.5232774], [7.8034712, 48.5366726], [7.8054939, 48.559775], [7.8002029, 48.5804127], [7.8025705, 48.5894651], [7.8300226, 48.619402], [7.8379075, 48.6384692], [7.8417394, 48.6435419], [7.8903447, 48.6628567], [7.963792329284292, 48.72170328645695], [7.968019314875381, 48.72802422525518], [7.967440035439641, 48.74406503009881], [7.97072619362277, 48.75667934604429], [7.9830777, 48.761181], [8.0021711, 48.7587972], [8.01418917053486, 48.76033957668361], [8.022687608284148, 48.76635104960537], [8.026900666796447, 48.78434412745135], [8.03750362824928, 48.7899132283697], [8.067592871838073, 48.79023302013243], [8.0793614, 48.7965121], [8.0930267, 48.8070981], [8.1047429, 48.82083], [8.109712579718536, 48.840166936936285], [8.131384187059576, 48.8816443138371], [8.14646440009235, 48.90054777288544], [8.1851646, 48.9410209], [8.198005524377406, 48.95816549403634], [8.2322726, 48.9663179], [8.261308554413317, 48.980158515598674], [8.2586445, 48.9689381], [8.2610508, 48.9666927], [8.259013, 48.9601654], [8.2605843, 48.9581989], [8.2689848, 48.9573488], [8.2730191, 48.9531605], [8.2864478, 48.9502603], [8.2952801, 48.9505833], [8.294516, 48.9472006], [8.301834, 48.9472669], [8.3020318, 48.9493098], [8.3055578, 48.9500827], [8.3112605, 48.9493672], [8.3304239, 48.9413859], [8.352325196900768, 48.9350507639012], [8.347456504464697, 48.9233900047691], [8.31913031922863, 48.92397206726724], [8.2963607, 48.9135635], [8.29800826701293, 48.91230821531515], [8.2949778, 48.9077355], [8.296136348513118, 48.90621849046412], [8.2936503, 48.9042455], [8.2953791, 48.9029756], [8.2919316, 48.9007589], [8.295214642223794, 48.89637551203823], [8.295105276739381, 48.892559131114425], [8.288079727869507, 48.88587787611579], [8.30144862001702, 48.87614346015065], [8.307876976271626, 48.8589594927563], [8.3220866, 48.8547651], [8.329886842449396, 48.85722757030637], [8.33540860895446, 48.85207606471653], [8.3438715, 48.8491325], [8.3439069, 48.8470947], [8.34753074389707, 48.847897814268], [8.356449376478846, 48.84383744045469], [8.3594329, 48.8399395], [8.376638651174003, 48.83576036526201], [8.376474627877277, 48.83006993566028], [8.381043125827967, 48.83014987492153], [8.3898219, 48.8247623], [8.403425008855779, 48.822474916266245], [8.40306614345095, 48.8162198454587], [8.406345941717193, 48.81372292998648], [8.407592762907196, 48.80893964704401], [8.3961106, 48.8109335], [8.394807017797339, 48.806406927305495], [8.389900605242843, 48.80395191327702], [8.387881830529247, 48.80040234385756], [8.388528930771031, 48.7973408035851], [8.385842701438365, 48.789839926609616], [8.374129764807783, 48.78315879960839], [8.370573540919315, 48.77712242430368], [8.375525955930957, 48.76819985648396], [8.380801199612058, 48.76379029105085], [8.381714284928455, 48.75957414718719], [8.404361272810268, 48.758379193806796], [8.40999576956052, 48.75029464983032], [8.420371025617154, 48.74242901152309], [8.441981895419953, 48.75213138115584], [8.449758154069796, 48.75988513547144], [8.459848756160556, 48.76056024450379], [8.464121750691158, 48.764101706564055], [8.475758449902635, 48.76183463831433], [8.484579090947179, 48.7559705776026], [8.4798413, 48.7406791], [8.4733325, 48.7352712], [8.4757754, 48.7242449], [8.470843710442404, 48.72058517075291], [8.4595552, 48.7188354], [8.4583288, 48.7170862], [8.460733775693654, 48.70475848775036], [8.465906100559467, 48.70004100407944], [8.448823709801976, 48.70002643449536], [8.4391614, 48.6951374], [8.4440231, 48.6917291], [8.447556928577857, 48.68519526992814], [8.444772913750105, 48.658516802620625], [8.4383688, 48.661466], [8.4305063, 48.6600868], [8.4301487, 48.658235], [8.435839551194768, 48.65561908693243], [8.430021871604383, 48.645503896253324], [8.423558363805212, 48.644835972759076], [8.417290420470858, 48.64678108539658], [8.413537563878505, 48.640305108408384], [8.4095769, 48.639428], [8.413869316234408, 48.6366216118563], [8.413116960923391, 48.63533898149887], [8.402937551175382, 48.63810340283409], [8.387754595027792, 48.63576381342144], [8.386109791695977, 48.63095373978554], [8.388008927377633, 48.62583303033539], [8.381641306539043, 48.62247787091906], [8.381903889478654, 48.6195602889903], [8.364013093470525, 48.61441377843282], [8.36223133288851, 48.6093559097601], [8.349460928531302, 48.60961050123308], [8.35308795125924, 48.6043482367291], [8.358626096458456, 48.60321380517767], [8.358814077713879, 48.60091265995317], [8.354655578981253, 48.59876868200809], [8.34213565869751, 48.59751937444437], [8.331828927583576, 48.59180349132288], [8.323216316793387, 48.59185897368973], [8.318577988481632, 48.58791998896248], [8.309379046227043, 48.58945063314003], [8.291307229322681, 48.58633174893027], [8.258017402115671, 48.58946250892511], [8.250567110479189, 48.59383218254937], [8.249405281089693, 48.59630851793661], [8.232385148827683, 48.60250688356416], [8.217060541991554, 48.60497386864756], [8.20673003736231, 48.6023872027049], [8.2169201, 48.5969425], [8.220309525971189, 48.5929101055229], [8.220448575323683, 48.58693888884407], [8.2272837, 48.5830085], [8.228611511146706, 48.5801121051716], [8.235988782946933, 48.58031630005289], [8.2370334, 48.5773184], [8.235492877068491, 48.57168343447464], [8.2295889, 48.5689926], [8.2286916, 48.564509], [8.212626001452795, 48.558115308838175], [8.2137563, 48.5544284], [8.217444490562931, 48.55130409042399], [8.2155663, 48.5428598], [8.2201357, 48.5376984], [8.2155923, 48.5355246], [8.214889073824237, 48.52560151411994], [8.212573642478736, 48.52249238370221], [8.2200168, 48.5197084], [8.223174811295033, 48.51605912225526], [8.218801887430411, 48.51070554124682], [8.219322644727104, 48.50755276437565], [8.228645230704732, 48.49812759485867], [8.234116033106789, 48.497692972072], [8.242093508393447, 48.49204525809427], [8.2516772, 48.4941633], [8.2665696, 48.4906691], [8.272366230698523, 48.48636567123559], [8.27641882098977, 48.47756626058273], [8.285342938167364, 48.47678384091417], [8.291965906926041, 48.46634129157432], [8.302422631606504, 48.46353176714068], [8.307483894499594, 48.46430700900752], [8.311955417170669, 48.4683284373677], [8.314071541814723, 48.46585690676306], [8.3142015439239, 48.46120450450656], [8.317713905526904, 48.45701276114289], [8.332056476335657, 48.45627358878364], [8.34367171091565, 48.44968369350382], [8.347600063125755, 48.45023782716504], [8.353966363816074, 48.44682022098675], [8.36097210766158, 48.4382676468736], [8.343780599519423, 48.4252996033839], [8.344587067495784, 48.41994826439611], [8.348690208147708, 48.41611811115362], [8.348268484006919, 48.41098606058582], [8.343099664823775, 48.40179200926487], [8.339021585467927, 48.40031741328499], [8.330270624216151, 48.40095998303331], [8.326431575273347, 48.39323472882654], [8.329617157248235, 48.39003919479158], [8.328190511728694, 48.38715761053497], [8.34590497196306, 48.38438439651566], [8.359456576989901, 48.37776641351924], [8.357376978041135, 48.37181583533237], [8.360803652871763, 48.36983786987091], [8.356089060216368, 48.36747785472736], [8.359425576816173, 48.34953551297925], [8.358584276392268, 48.34095966587463], [8.360178857729878, 48.33835397270163], [8.364444163028235, 48.33860295947293], [8.364629509586436, 48.33477485419788], [8.366828044995003, 48.33392888851834], [8.377217971523974, 48.33270387050212], [8.384917803707063, 48.32657856329223], [8.408686411103982, 48.32034490852599], [8.414445241223756, 48.31555177475018], [8.404109550915159, 48.3143399544435], [8.405235792722333, 48.31174897662481], [8.401538163614234, 48.30917761127341], [8.404571541361678, 48.30561725123321], [8.402117389016395, 48.30271855827181], [8.393123389152544, 48.30321400071832], [8.397520343906317, 48.29773158453495], [8.394904864069288, 48.28670117538279], [8.38273474189642, 48.26886354404563], [8.384237382697448, 48.26510761862305], [8.382821175685805, 48.26253768811385], [8.38557662601987, 48.25993633802716], [8.386898816414579, 48.25376881276774], [8.377084032080138, 48.24519257335057], [8.348601762431239, 48.24337225690649], [8.340791672085967, 48.24873291007126], [8.328425792015487, 48.24926257177138], [8.32748747359071, 48.2512004447489], [8.329523855510079, 48.25679666167321], [8.31528864354782, 48.26349635911759], [8.297846675027987, 48.258478402217], [8.287727232782506, 48.24767020885246], [8.290937, 48.2435141], [8.301119408462863, 48.24140061702084], [8.294042075196842, 48.23507907801438], [8.293930760485019, 48.22587855918401], [8.296068394735979, 48.221644217125785], [8.299944609473812, 48.22075814328789], [8.298180213850424, 48.21784013244808], [8.312484448785844, 48.21340740528426], [8.31964640115033, 48.21521090863492], [8.336648513466344, 48.21446450690808], [8.344120491317511, 48.21934665051633], [8.364125674893131, 48.22205455840999], [8.38024190923299, 48.21421032149726], [8.375673255531375, 48.21177676024251], [8.379304208256041, 48.20942823478806], [8.379655222693339, 48.20484802120172], [8.38484587295281, 48.20285196153797], [8.38252795267801, 48.2015445104602], [8.383817025450677, 48.19634575906925], [8.382267900197222, 48.19481181847571], [8.384286861658396, 48.19442505571848], [8.385763768835252, 48.19103611625664], [8.396935264075934, 48.18885727592372], [8.40093160718305, 48.18347098442203], [8.394022871488858, 48.1814423879723], [8.391161116019621, 48.17239683521692], [8.40563970024662, 48.17116149704066], [8.408477432385773, 48.16717905943381], [8.421208321976083, 48.168205599900865], [8.426879422690794, 48.16517303595668], [8.428811234796775, 48.15932350571103], [8.442670480642896, 48.1561582734661], [8.445261685463468, 48.1579371863517], [8.447579170552139, 48.16233974744], [8.446026219454087, 48.162626705881436], [8.447673249130867, 48.16297114332176], [8.438968059895089, 48.16520235971043], [8.444374941721692, 48.17163230554792], [8.435385409216744, 48.17530294936742], [8.432982273835595, 48.17834872392405], [8.435551484343655, 48.18209176042498], [8.44783501445894, 48.18114963389214], [8.452983242913124, 48.17625579039337], [8.456180598738651, 48.18029905047539], [8.459890734455934, 48.180458006931964], [8.459482442633664, 48.17863963203219], [8.464737826135202, 48.17627361902241], [8.465465096627252, 48.17979637511221], [8.478797930621502, 48.17913123852183], [8.488529475785366, 48.1823787700205], [8.489607260167817, 48.180917497222424], [8.48543517334016, 48.17769396360526], [8.4778493011577, 48.17626593914846], [8.478840302342554, 48.17305940354938], [8.478812176136515, 48.17149743123367], [8.47773821536206, 48.175537366070415], [8.477478252629497, 48.16967774165858], [8.515623811245568, 48.16621054288449], [8.519239025725014, 48.1617285852052], [8.518287105983473, 48.16429235277524], [8.523111545144502, 48.1543487782791], [8.5286450456858, 48.14999853366055], [8.521265859476102, 48.14562612933232], [8.537401170591938, 48.14356763906062], [8.53781959248649, 48.14128833744429], [8.534898827061912, 48.13908007909039], [8.536469088084901, 48.13678191572339], [8.541939546977437, 48.13587212625109], [8.547740855613755, 48.13417728520245], [8.552010663892336, 48.13012901960182], [8.551532627276428, 48.12265564563164], [8.542174539886748, 48.11426887654522], [8.548742361593302, 48.10704188075388], [8.561714535933795, 48.10047839862812], [8.561174612139638, 48.10153852736025], [8.562823774139419, 48.09868336207614], [8.567101224513081, 48.09817055568338], [8.567710445665785, 48.10088074906587], [8.571572563701766, 48.09994368180415], [8.569848235900501, 48.09593671817735], [8.574131830655208, 48.0943440048944], [8.573698929796807, 48.09188642795835], [8.575121435662986, 48.08975675951594], [8.577976053130893, 48.08980878153101], [8.578596455915719, 48.08823450547553], [8.573966949162608, 48.08635228285757], [8.573414444202477, 48.08170484147503], [8.569053492987802, 48.08156705763053], [8.567322686572531, 48.07973420963324], [8.571678119269459, 48.07853394072601], [8.529935874648997, 48.08525252303776], [8.5246088290595, 48.0803984937089], [8.510832720209262, 48.08057377361652], [8.501390015111323, 48.07319068592055], [8.50389961727938, 48.06572550245966], [8.498276973571254, 48.05699987087368], [8.497968209648405, 48.05443115870726], [8.504527580444787, 48.04588905347736], [8.52151745873365, 48.04265334397126], [8.526186354457884, 48.03702761793159], [8.533847126411004, 48.03981005406414], [8.537241569497338, 48.04301555866099], [8.542011465809946, 48.04154351931322], [8.552883786876293, 48.04900276752149], [8.557767788270365, 48.05001458379775], [8.566868771642909, 48.04642276551384], [8.567345704115363, 48.04377635453959], [8.572849013579662, 48.04436132295083], [8.574949023955277, 48.0417950705797], [8.581390206979483, 48.041287296969024], [8.583655647427284, 48.04018669120841], [8.584076052828195, 48.03528970251809], [8.581464693705716, 48.02969468839553], [8.584258282430284, 48.02499133497484], [8.578042855293315, 48.02307302399348], [8.577285173421751, 48.0189024771826], [8.581191467136026, 48.01121872530001], [8.584691470865707, 48.00883035560919], [8.587293339967792, 48.010176747331045], [8.592500367513976, 48.00793131851236], [8.594386580839666, 48.009559909955804], [8.6154825836575, 48.01186238796086], [8.628813957606738, 48.016388321879155], [8.631747309146453, 48.01294684065972], [8.634665815746876, 48.01219332431401], [8.6301872, 48.0148582], [8.6303439, 48.0156825], [8.639122974898834, 48.01137020290877], [8.641213097790567, 48.00370457777808], [8.659103834857149, 47.99755463223736], [8.67000923647391, 48.00172027980697], [8.677067625809343, 48.00148115456666], [8.692565056631395, 47.99314961853093], [8.69283104309449, 47.99468168813478], [8.70031479484825, 47.99737694795343], [8.69837760823409, 48.00514483905935], [8.701876149855615, 48.00635248156576], [8.714564710226952, 47.99928869226827], [8.731346437165339, 47.99237545460144], [8.739390927281143, 47.99122563774585], [8.746188068573497, 47.98702157361651], [8.7507287918214, 47.98702616076084], [8.756433839506547, 47.98363202508064], [8.771708261688564, 47.9819979492985], [8.771896869005129, 47.97795013828059], [8.773816374772084, 47.97651411854962], [8.784541234958322, 47.97361857771785], [8.791837898908794, 47.97523758100651], [8.815472895131029, 47.96520843582064], [8.814914677168614, 47.96028425871992], [8.819839622164656, 47.95413195033423], [8.823684419394347, 47.94447167072859], [8.823635715351587, 47.93913539145105], [8.836649506171618, 47.94255077180938], [8.840480701371348, 47.94753817030748], [8.848298862677058, 47.9487844523743], [8.855379800616095, 47.94748781406695], [8.864904193566057, 47.95079539947939], [8.86077285895998, 47.95703660304555], [8.869255931746224, 47.96046369016516], [8.868184549140592, 47.96240122730777], [8.872043016932345, 47.96481561963163], [8.874187284963359, 47.9691249896456], [8.879266284259737, 47.97059754813052], [8.880937820646162, 47.97351624895176], [8.901122025223465, 47.97835796942941], [8.906007542956232, 47.98259689873088], [8.908129850857891, 47.98861638821046], [8.931387781162217, 47.99144813183814], [8.935529373026956, 47.99361149610069], [8.939315096095443, 47.98996995173245], [8.960976170550818, 47.98829771254768], [8.971748503979015, 47.98314888843893], [8.973896891293784, 47.9890308331865], [8.977470003516263, 47.99012798404905], [8.97906800565278, 47.99416113516382], [8.987329124268083, 47.99702648338654], [9.007907908735666, 47.99478797841526], [9.006390884186345, 47.9991264660176], [9.014222002723484, 48.0039777736199], [9.013215941521278, 48.01713947895193], [9.009976548473793, 48.01712351178701], [9.007905566869125, 48.02637925575442], [9.000444235463803, 48.02662382663984], [8.978500495645452, 48.03254833752883], [8.973470269188601, 48.03926972160667], [8.969828291782607, 48.04067742191919], [8.965604741660506, 48.04040266171418], [8.961171368439992, 48.03650228019877], [8.958593280703077, 48.0309219380043], [8.960073835894304, 48.02797751190334], [8.957030256940978, 48.02785038220301], [8.95028607272295, 48.0319670864695], [8.951215492603207, 48.03861613372636], [8.955182272215733, 48.04169425226375], [8.951351137950143, 48.0441927073977], [8.94579369498736, 48.04356722726566], [8.93611388997366, 48.04707986166071], [8.934787373539244, 48.04932787713085], [8.938343831464103, 48.05313286633771], [8.934288476515471, 48.05305639725123], [8.93459907719047, 48.05423771279441], [8.93891746443093, 48.05758474255389], [8.934594885085726, 48.05807157598373], [8.944139068467043, 48.06144673111251], [8.949295620361465, 48.0538748454265], [8.95186213738511, 48.05601549010852], [8.974924443426106, 48.05480453807422], [8.98834780092521, 48.05781843858057], [8.993774681672132, 48.0651786283803], [8.996527182435027, 48.0653296322373], [8.997216969497078, 48.07057768516435], [8.989843722592529, 48.07353462012489], [8.977344359148894, 48.08560703342822], [8.978595607101443, 48.09219355362242], [8.986611170342771, 48.09482707193086], [8.99889217585321, 48.09204783489876], [9.005593706108497, 48.09308505647508], [9.012407586863667, 48.09952692214151], [9.022717426043405, 48.09888389068448], [9.027172510310862, 48.10989470136997], [9.038101840772432, 48.1063073420701], [9.042394254973711, 48.10700576008784], [9.054351380187748, 48.09835356277281], [9.063978534138839, 48.10083139697235], [9.072779987862997, 48.09740719302184], [9.069217688902484, 48.09498724887712], [9.070237116004378, 48.09313278536094], [9.066778514250347, 48.08749614090767], [9.069641316423226, 48.08565541305544], [9.073463219519848, 48.08541478357767], [9.073879526637347, 48.09122411868266], [9.075574799397678, 48.09237644919417], [9.090647309497722, 48.09132151162295], [9.092005494702724, 48.09651429245344], [9.095327272559244, 48.09896419914648], [9.117786116377909, 48.10107748468341], [9.128482478188209, 48.09219650338099], [9.134893381039593, 48.09052311809332], [9.135062588390063, 48.08624366713792], [9.133644640682375, 48.08543533486994], [9.133270786555737, 48.07821791100927], [9.12506320860306, 48.07061242182724], [9.123908523765074, 48.06322065457795], [9.111778069309437, 48.05325038152465], [9.115087141155653, 48.0480532377317], [9.111068541931326, 48.03898894524291], [9.108403566232429, 48.03763849945651], [9.11774609070843, 48.03412907444501], [9.11988544672257, 48.03496420109327], [9.132701212757732, 48.02145817105426], [9.140025822795149, 48.02162525106759], [9.144809099821014, 48.02566503272394], [9.166622241125202, 48.03372431069597], [9.18045500499373, 48.03194385009918], [9.174404550964137, 48.02933589420576], [9.178193522745005, 48.02655639183228], [9.17650776828362, 48.02315373228845], [9.182865642269267, 48.01730865927825], [9.180279073719742, 48.01305585690712], [9.183563930610497, 48.00825163389851], [9.179020233579035, 48.00684314432595], [9.186106745477884, 48.00511889688248], [9.18280836313709, 47.99662445853795], [9.185213138917517, 47.99501631935431], [9.189326793018253, 47.98154318309373], [9.192554113787342, 47.97861376561993], [9.210084565015995, 47.9792797351948], [9.21162802191944, 47.97726071602054], [9.221451746760875, 47.97588352093643], [9.226894972856115, 47.97277606263611], [9.227051628622613, 47.98065039234228], [9.228619694461369, 47.98226978524344], [9.227133450773549, 47.98625734880206], [9.233040464110857, 47.98263139137955], [9.234189844597704, 47.97868931173874], [9.241462011411457, 47.97672345469228], [9.23889391974004, 47.98171485519301], [9.243612201767002, 47.98324494610112], [9.24483137062435, 47.98838120726758], [9.246866786866164, 47.98824980609119], [9.252787004377467, 47.98124876793149], [9.250116472597314, 47.97991397227155], [9.261850890218383, 47.97508543226146], [9.27839598433859, 47.97497494510517], [9.281578918838239, 47.978415582071], [9.28216526846551, 47.9822669096569], [9.296364919804162, 47.98134591189774], [9.287996552083603, 47.96555433877871], [9.291836106972234, 47.96530493823884], [9.2935134751616, 47.95861566423936], [9.290743276553595, 47.94750358493721], [9.283381225000431, 47.9481854842163], [9.279704102294705, 47.94434293695738], [9.285575999642738, 47.93858783087678], [9.291864552312957, 47.93892812019453], [9.294287863017319, 47.9430714662426], [9.298414804083205, 47.94226352428877], [9.30462164788419, 47.93521465467138], [9.295445925479104, 47.93188632592823], [9.289870719952482, 47.92720015112221], [9.300676003287002, 47.92274194122473], [9.30079105561233, 47.91921300611575], [9.297018493767153, 47.91966527787697], [9.299918883745562, 47.9119928880102], [9.31266089619984, 47.91156875312435], [9.316108351933106, 47.90829684355003], [9.319674846368326, 47.89965407886052], [9.326242182095484, 47.89785666589099], [9.329989603684183, 47.89269482683957], [9.33730237026924, 47.8931540032419], [9.341323734959904, 47.89122425762429], [9.34494601414878, 47.88880785473376], [9.342973477264788, 47.88604613448997], [9.346742118290138, 47.88374374321372], [9.350595490708805, 47.88390123418873], [9.351237679476549, 47.89244925522237], [9.344917856923189, 47.89937436421614], [9.353891782955264, 47.90005577942717], [9.358164994835649, 47.89681769155838], [9.365981522475417, 47.8953572882835], [9.366701250862146, 47.89028301656897], [9.37482925875804, 47.88579254089645], [9.373363951841219, 47.88289293700035], [9.37855098233728, 47.88286075899932], [9.3759667, 47.8794564], [9.377653183671491, 47.87235380534935], [9.3833487, 47.8642457], [9.38881315250776, 47.86079270475161], [9.3962592653475, 47.86261876979675], [9.400850785644606, 47.86030671852549], [9.400493738236067, 47.85734962198689], [9.3957758, 47.8529044], [9.40235437907601, 47.84686760712045], [9.401859459204843, 47.83733619044189], [9.404707461254475, 47.83093802535564], [9.409617327888832, 47.83024942605158], [9.411189892935846, 47.82787883011217], [9.410156, 47.8216118], [9.4232131, 47.8182792], [9.431521134064216, 47.82366411112031], [9.437853213419169, 47.82488219789079], [9.440735665012362, 47.82250487077953], [9.4369198, 47.816272], [9.4403789, 47.8127273], [9.4357665, 47.8106952], [9.4468097, 47.8121647], [9.4498774, 47.8107107], [9.4498555, 47.8125171], [9.4555796642764, 47.81254048286758], [9.460769874284606, 47.80861450851852], [9.460716079738752, 47.80211608184266], [9.457274586770566, 47.80076491131796], [9.459842063430541, 47.79902042979281], [9.457070770914772, 47.79160467004838], [9.451637863880265, 47.78772531243111], [9.44511938440213, 47.78675291925938], [9.4366548, 47.7820503], [9.433249754558801, 47.77592024722666], [9.434290798544398, 47.7729465502152], [9.4405067, 47.7721851], [9.439753, 47.769659], [9.4443217, 47.7614894], [9.45207770751519, 47.75805934357143], [9.450368522498417, 47.75348209839512], [9.445312336985461, 47.74851587590507], [9.44865610879112, 47.747169217476944], [9.448745226265324, 47.74323292361313], [9.440516584401577, 47.73994120338987], [9.436113938553198, 47.74221529022771], [9.428393322811075, 47.74069865787166], [9.431041014483144, 47.73875162222603], [9.445477711599652, 47.73726580561426], [9.448215871646465, 47.73381649002321], [9.452708783795465, 47.73336628969871], [9.462780549630947, 47.72793486679079], [9.450347894447649, 47.72258173782595], [9.446274979378739, 47.72325714365391], [9.441662330762474, 47.72019898834296], [9.43994764095927, 47.71380044780564], [9.435352476691794, 47.71234170399549], [9.437803041665237, 47.70783179078719], [9.444564010447005, 47.71211025949429], [9.454064867417342, 47.70558215148136], [9.453306951086644, 47.702907846955135], [9.449503922853896, 47.70126425452572], [9.446435972756168, 47.69364172594257], [9.427549180257618, 47.69250270073323], [9.42071892561772, 47.68288199647855], [9.395030392066522, 47.68558886667764], [9.386004702641335, 47.67325746673905], [9.393712668078198, 47.66784524772002], [9.3855035, 47.665322], [9.3700934, 47.6653115], [9.3672749, 47.6622512], [9.3654963, 47.6635953], [9.3568577, 47.6602054], [9.3490089, 47.6609658], [9.331958, 47.6682365], [9.332653, 47.6668485], [9.325082, 47.6721195], [9.3127084, 47.6735811], [9.2887392, 47.6832314], [9.2896554, 47.6823844], [9.283955, 47.6871039], [9.265498, 47.6939751], [9.2564931, 47.6993609], [9.2384873, 47.7112365], [9.2291802, 47.7222064], [9.2273824, 47.7219513], [9.2296707, 47.7229299], [9.2264446, 47.7232224], [9.2286854, 47.7262934], [9.2259215, 47.7281], [9.2269076, 47.7376498], [9.2174316, 47.744756], [9.1923968, 47.7509227], [9.1840495, 47.7563299], [9.1563906, 47.7669163], [9.1386231, 47.7700222], [9.1335831, 47.7723253], [9.1244845, 47.7827351], [9.104943, 47.7933028], [9.087956, 47.7975113], [9.0706589, 47.8069226], [9.0640923, 47.8139219], [9.0394062, 47.8175234], [9.0389582, 47.813268], [9.0341773, 47.8118964], [9.0338387, 47.8090572], [9.0304869, 47.8068992], [9.0309903, 47.8046126], [9.0477846, 47.7962213], [9.0502965, 47.7918262], [9.0693657, 47.7778288], [9.0917625, 47.7667255], [9.1172741, 47.7588944], [9.1357061, 47.7470611], [9.1492754, 47.748718], [9.1587204, 47.7403297], [9.1734398, 47.7345104], [9.1801888, 47.7166591], [9.1812577, 47.7117393], [9.1795596, 47.7066508], [9.1823106, 47.7032453], [9.1865591, 47.7027352], [9.1852964, 47.7018175], [9.1873391, 47.6977318], [9.2075888, 47.6872562], [9.212573, 47.6813657], [9.2104239, 47.6757329], [9.2179906, 47.6659837], [9.2071775, 47.6631332], [9.1913138, 47.666677], [9.1792717, 47.6666694], [9.1779097, 47.665024], [9.177757, 47.6645214], [9.1778256, 47.6637664], [9.1782536, 47.6630947], [9.1796504, 47.6629778], [9.1802442, 47.6608927], [9.1819014, 47.6605114], [9.1818038, 47.6559547], [9.1759711, 47.6539842], [9.1754922, 47.6557733], [9.1703454, 47.655005], [9.1578392, 47.6657631], [9.148837, 47.6691362], [9.139904, 47.664862], [9.1284973, 47.667319], [9.1267335, 47.6685649], [9.1261737, 47.6738298], [9.11341, 47.6846878], [9.0919699, 47.6863293], [9.0919046, 47.6889546], [9.0991929, 47.6872718], [9.1026867, 47.6881491], [9.1043557, 47.6910952], [9.1089655, 47.6909412], [9.0978471, 47.704298], [9.0675536, 47.7124298], [9.0670525, 47.7143709], [9.0457841, 47.7222112], [9.0385264, 47.7230876], [9.0350632, 47.7266334], [9.0235298, 47.7282596], [9.0017227, 47.7377738], [8.9970714, 47.7423838], [8.9896164, 47.7436531], [8.9833109, 47.7414152], [8.9856272, 47.7381897], [8.9841013, 47.7377824], [8.9857775, 47.7378393], [8.9846888, 47.737084], [8.9907863, 47.7344039], [9.0002789, 47.733664], [9.0010485, 47.7309971], [9.0119562, 47.7252192], [9.0156432, 47.7205926], [9.0055006, 47.7213065], [9.0042993, 47.7219733], [9.0084683, 47.7223245], [9.0043129, 47.7260482], [8.999162, 47.7252763], [8.9990412, 47.7267885], [8.9932401, 47.7274701], [8.9737515, 47.7355372], [8.9692927, 47.7340493], [8.9616307, 47.7372164], [8.9624183, 47.7362067], [8.9569184, 47.7370362], [8.9431851, 47.7338783], [8.9402699, 47.7284006], [8.943914, 47.7236198], [8.9547358, 47.7207404], [8.9727308, 47.7119368], [8.9975316, 47.7048272], [9.0067608, 47.6970044], [9.0074531, 47.6956405], [9.0045984, 47.6926385], [8.9912758, 47.6822655], [8.9748667, 47.6767525], [8.971305, 47.6718807], [8.9589971, 47.6706345], [8.9429775, 47.6636195], [8.9387312, 47.6609201], [8.9387869, 47.6579139], [8.9250075, 47.6601703], [8.9128258, 47.6553212], [8.9015985, 47.654806], [8.8950759, 47.6520239], [8.8840226, 47.6556456], [8.8754213, 47.6562456], [8.8761541, 47.6604498], [8.8736941, 47.6697889], [8.8678732, 47.675897], [8.8605587, 47.6803123], [8.8505313, 47.681177], [8.8510749, 47.6855954], [8.8563401, 47.6891008], [8.8577084, 47.6926565], [8.8508033, 47.6946685], [8.8515279, 47.6976362], [8.858066, 47.6987507], [8.860613, 47.6962704], [8.8632138, 47.698437], [8.8662918, 47.6963886], [8.8632639, 47.6924128], [8.8733863, 47.6939721], [8.8761329, 47.6968564], [8.8696808, 47.7018713], [8.8727368, 47.7040978], [8.8665872, 47.705481], [8.8483278, 47.7033771], [8.8457497, 47.7111645], [8.8431653, 47.7121632], [8.8335759, 47.7145665], [8.8255139, 47.7110107], [8.8190362, 47.7127845], [8.8262375, 47.7178733], [8.8185167, 47.7176522], [8.8126914, 47.7237743], [8.8047966, 47.7245307], [8.8121626, 47.7304315], [8.8085301, 47.7312185], [8.8066762, 47.7382929], [8.7964646, 47.7345564], [8.7991824, 47.7271267], [8.7918, 47.7288066], [8.7865918, 47.7263443], [8.7848232, 47.7273563], [8.7807117, 47.7216017], [8.7762975, 47.7227324], [8.777334, 47.7208658], [8.7747751, 47.7190864], [8.7697526, 47.7184628], [8.770282, 47.715037], [8.7728381, 47.7132349], [8.7693763, 47.7068542], [8.7939733, 47.7042622], [8.7975844, 47.7028527], [8.7975844, 47.6972156], [8.8063188, 47.6965194], [8.810095, 47.6933617], [8.8000898, 47.6918582], [8.7970719, 47.6884427], [8.793514, 47.6801129], [8.7960128, 47.6753913], [8.7844957, 47.6768033], [8.7575127, 47.6895341], [8.7280527, 47.6926837], [8.7264855, 47.6966228], [8.7277053, 47.7004471], [8.7321998, 47.7117666], [8.7362915, 47.7163367], [8.7248107, 47.721292], [8.7179262, 47.7216265], [8.7111438, 47.7301477], [8.7145891, 47.7385941], [8.72022, 47.7410075], [8.7236098, 47.7456581], [8.7395205, 47.7465277], [8.7414213, 47.7481932], [8.7411201, 47.7519933], [8.7289453, 47.7579693], [8.7307915, 47.7596173], [8.7273102, 47.7622767], [8.7140547, 47.7654087], [8.7014517, 47.7608761], [8.6951098, 47.7557212], [8.6886933, 47.7583693], [8.6835732, 47.7706063], [8.6886105, 47.7735293], [8.6831975, 47.7773102], [8.6823546, 47.7837097], [8.6800379, 47.7852705], [8.6810169, 47.7866152], [8.6762183, 47.7857739], [8.6675604, 47.7877033], [8.6622989, 47.7917689], [8.6573927, 47.7917502], [8.6602975, 47.7963318], [8.6568478, 47.8004536], [8.6495903, 47.7984711], [8.6457334, 47.7907206], [8.645444, 47.7872297], [8.6497852, 47.7833111], [8.6480975, 47.7740697], [8.6529527, 47.7734033], [8.6453324, 47.7685351], [8.6475527, 47.7669694], [8.6444581, 47.7643135], [8.6405523, 47.7643501], [8.6316528, 47.7581961], [8.6276868, 47.7594006], [8.6250219, 47.7638988], [8.6194299, 47.7676677], [8.6233547, 47.7772857], [8.6187712, 47.7781538], [8.6150808, 47.7839766], [8.615752, 47.7871521], [8.6204906, 47.7889567], [8.6221373, 47.7948664], [8.6178968, 47.7960474], [8.6185886, 47.7983299], [8.6114098, 47.8019101], [8.6008463, 47.8030243], [8.5928509, 47.7987166], [8.5877329, 47.8026637], [8.57540599439674, 47.7996078405082], [8.576034657525538, 47.80170259072664], [8.573261154501813, 47.80602653109141], [8.567910291970332, 47.80859099756655], [8.5625013, 47.8023213], [8.5619748, 47.7926065], [8.574934631371026, 47.78959341096234], [8.574359859210865, 47.78686440969634], [8.577318, 47.7816742], [8.562967830231614, 47.77795116452566], [8.563413255672046, 47.78051496356497], [8.5529028, 47.7846422], [8.5324472, 47.7780396], [8.526373067926212, 47.77805586138639], [8.520007818726567, 47.77066689538362], [8.5102983, 47.7762084], [8.5086587, 47.7742445], [8.4964658, 47.7709097], [8.4890042, 47.7732198], [8.4840706, 47.770955], [8.4724679, 47.7634491], [8.4659022, 47.7531357], [8.4571209, 47.7499511], [8.4558325, 47.7428093], [8.4507603, 47.7401734], [8.4498898, 47.7375203], [8.4526146, 47.7308575], [8.4571091, 47.7301754], [8.454592, 47.7271257], [8.454926, 47.7224615], [8.4453242, 47.7230801], [8.4401714, 47.7197582], [8.4416497, 47.7179077], [8.4364555, 47.7182075], [8.4260735, 47.7113055], [8.4171148, 47.7101911], [8.4046286, 47.6980454], [8.406397, 47.6955782], [8.4119652, 47.6944187], [8.4207729, 47.683882], [8.4161846, 47.6797969], [8.4085051, 47.6785823], [8.4055761, 47.6741998], [8.4121963, 47.6663416], [8.423629, 47.6668727], [8.436601, 47.6573931], [8.4451024, 47.653874], [8.4536496, 47.6547817], [8.4572716, 47.6527471], [8.4659551, 47.6572599], [8.4671234, 47.6560423], [8.4637097, 47.6484746], [8.4670988, 47.6415524], [8.4734846, 47.6384159], [8.4780582, 47.6397799], [8.471041, 47.6423636], [8.4777044, 47.6446454], [8.4730728, 47.6482903], [8.4764227, 47.6501087], [8.4803684, 47.6492432], [8.4827802, 47.6440909], [8.4874035, 47.6450761], [8.492384, 47.642091], [8.4943633, 47.6420738], [8.4933296, 47.6469603], [8.5317719, 47.6457529], [8.5346599, 47.6496405], [8.5290426, 47.6551029], [8.5299745, 47.6569727], [8.5268985, 47.6604871], [8.533419, 47.663129], [8.5344069, 47.6593565], [8.5415669, 47.6568807], [8.5388482, 47.6627441], [8.5399321, 47.6650858], [8.5607921, 47.6704153], [8.563753, 47.6700477], [8.5647646, 47.6652499], [8.5708788, 47.6647469], [8.5775929, 47.6615273], [8.5883144, 47.6665318], [8.5931687, 47.6668028], [8.598027, 47.6727081], [8.6067058, 47.6721052], [8.6080754, 47.664148], [8.6256741, 47.6552183], [8.6287457, 47.6523146], [8.628632, 47.6489849], [8.6231838, 47.6407817], [8.6155962, 47.6377003], [8.6065482, 47.6370832], [8.6028052, 47.6397059], [8.6139883, 47.6444199], [8.6123743, 47.6498873], [8.6075629, 47.6524447], [8.6040054, 47.6509184], [8.6014067, 47.6457043], [8.5956909, 47.6430375], [8.5981014, 47.6268997], [8.6047608, 47.617009], [8.6049379, 47.6134367], [8.595746, 47.6055872], [8.592548, 47.6061284], [8.5900483, 47.6012511], [8.5842585, 47.5997973], [8.582557, 47.5961263], [8.5666231, 47.5972086], [8.5622076, 47.6002879], [8.5664004, 47.6060928], [8.5663776, 47.6098595], [8.5745093, 47.6119677], [8.5712152, 47.6124855], [8.569322, 47.6172013], [8.5629176, 47.6167017], [8.5578837, 47.6244557], [8.5386795, 47.6263021], [8.5389336, 47.6309744], [8.5256195, 47.6317096], [8.5172569, 47.6342498], [8.5156468, 47.6337913], [8.5153027, 47.6271079], [8.5127709, 47.6256023], [8.5151608, 47.6233945], [8.507414, 47.6238529], [8.5082847, 47.6175487], [8.4832925, 47.6136926], [8.4791924, 47.6152288], [8.475273, 47.6079364], [8.4703026, 47.6085544], [8.4713758, 47.6065929], [8.4681317, 47.6053943], [8.4685311, 47.6038606], [8.456675, 47.6023273], [8.457024, 47.5973809], [8.4612206, 47.5926672], [8.4605232, 47.588379], [8.4648053, 47.5880089], [8.466855, 47.5842487], [8.4810248, 47.5852051], [8.488692, 47.5878298], [8.4946936, 47.5811148], [8.4857283, 47.5772849], [8.4767216, 47.5778387], [8.4642037, 47.5721998], [8.4561683, 47.572436], [8.4325347, 47.5665626], [8.3979154, 47.5772159], [8.3889309, 47.5727146], [8.3827827, 47.5656586], [8.3582417, 47.570005], [8.3293885, 47.5710167], [8.3222294, 47.5739075], [8.3125123, 47.5823097], [8.2975878, 47.5892604], [8.2952819, 47.5936902], [8.2978435, 47.6043831], [8.2919119, 47.609158], [8.2791402, 47.611712], [8.2653993, 47.6093335], [8.2604817, 47.6146916], [8.2569124, 47.6153157], [8.2379215, 47.6126419], [8.226833, 47.6050352], [8.2240327, 47.6067986], [8.21991, 47.6173908], [8.2063097, 47.6211118], [8.1970997, 47.6186437], [8.1853323, 47.6053066], [8.1744918, 47.601892], [8.1649722, 47.5942968], [8.1480725, 47.5951667], [8.1382099, 47.5905812], [8.1381189, 47.5856227], [8.1349044, 47.5834939], [8.1101412, 47.5827505], [8.1030688, 47.5762457], [8.0993054, 47.5626312], [8.0893558, 47.5576297], [8.0812789, 47.5580457], [8.0677767, 47.5645879], [8.0597028, 47.563677], [8.0407795, 47.5536671], [8.0207163, 47.5504054], [8.000378, 47.5564287], [7.9781131, 47.5551548], [7.9602825, 47.558058], [7.9533263, 47.5554955], [7.9491613, 47.5459669], [7.9442648, 47.543787], [7.9325254, 47.5469456], [7.9195492, 47.5470526], [7.9115463, 47.5509851], [7.9072239, 47.560453], [7.9113233, 47.5662594], [7.9106453, 47.5710659], [7.9039662, 47.5798819], [7.8919978, 47.587423], [7.8683931, 47.5886708], [7.8604142, 47.5874419], [7.8505046, 47.5829944], [7.8410609, 47.5820935], [7.8336018, 47.5866332], [7.8225444, 47.5879878], [7.8187819, 47.5868849], [7.8155408, 47.5826211], [7.8100862, 47.568308], [7.8004996, 47.5630586], [7.7959192, 47.5575002], [7.7885572, 47.5546095], [7.7589753, 47.5485741], [7.7506395, 47.5442756], [7.717933, 47.5415877], [7.6973359, 47.5329077], [7.6792148, 47.5327916], [7.667971, 47.5357644], [7.6613088, 47.5448323], [7.6489955, 47.5482959], [7.6399737, 47.5581648], [7.6339558, 47.5612235], [7.6361189, 47.5639171], [7.6482757, 47.559931], [7.6642272, 47.5653987], [7.6706995, 47.5658147], [7.6724486, 47.5637255], [7.6773158, 47.563745], [7.6751444, 47.5654226], [7.6834998, 47.571254], [7.6859194, 47.5656103], [7.6896532, 47.571398], [7.6836701, 47.5739056], [7.6808517, 47.582684], [7.672069, 47.5852391], [7.6717419, 47.58727], [7.6836452, 47.5960217], [7.6901533, 47.5975697], [7.6937903, 47.6007716], [7.6830086, 47.5984931], [7.6751713, 47.5919819], [7.6673301, 47.5919456], [7.6456696, 47.5969552], [7.6417835, 47.5941917], [7.64324, 47.5913407], [7.6223873, 47.5783561], [7.6191343, 47.5768697], [7.604882, 47.5778737], [7.6048159, 47.5849295], [7.5890388, 47.5898969], [7.5927841, 47.5968834], [7.5919692, 47.6036017], [7.5738827, 47.6168392], [7.5657007, 47.6333793], [7.5363297, 47.6502204], [7.5215949, 47.6635785], [7.5190256, 47.6703225], [7.5193371, 47.683753], [7.5117922, 47.6969678], [7.5144765, 47.7028216]], [[8.537426322173456, 48.13609765094236], [8.54120156344946, 48.135848707365014], [8.537125490270697, 48.13645263067329], [8.537426322173456, 48.13609765094236]], [[8.481829034653451, 48.17975253733172], [8.482223945373685, 48.18000386401291], [8.48142441371643, 48.17971586674794], [8.481829034653451, 48.17975253733172]], [[8.478064996816881, 48.17662348550835], [8.477786221156578, 48.17661942857491], [8.477783793702267, 48.17656471315321], [8.478064996816881, 48.17662348550835]]], [[[9.1878863, 47.7058924], [9.1973861, 47.7078664], [9.2019108, 47.7057295], [9.2018913, 47.7035498], [9.1875669, 47.7035085], [9.1878863, 47.7058924]]], [[[9.1778713, 47.6641362], [9.1791949, 47.6650697], [9.1788452, 47.6632334], [9.1778713, 47.6641362]]], [[[9.0570405, 47.7042839], [9.066719, 47.6985882], [9.0729671, 47.697693], [9.0822962, 47.6904696], [9.0917987, 47.6862756], [9.081431, 47.6831323], [9.0440206, 47.6930867], [9.0423832, 47.6943511], [9.0439981, 47.6977809], [9.0407576, 47.7014092], [9.0449256, 47.7037427], [9.0405153, 47.7082685], [9.0482098, 47.7073357], [9.0526268, 47.702709], [9.0561557, 47.7019867], [9.0570405, 47.7042839]]], [[[8.668106, 47.6930578], [8.6763893, 47.6980975], [8.6735589, 47.7048957], [8.6660064, 47.70787], [8.6646529, 47.7133734], [8.671362, 47.7110127], [8.6742049, 47.7126991], [8.6813195, 47.712424], [8.6799159, 47.7105676], [8.6863164, 47.7085792], [8.6903082, 47.7094588], [8.6896623, 47.7117242], [8.7012698, 47.7151988], [8.7046267, 47.7134361], [8.7089079, 47.7041534], [8.7117948, 47.7017492], [8.7113786, 47.6963383], [8.7176102, 47.6949415], [8.7178556, 47.6906978], [8.7078369, 47.6895076], [8.690163, 47.6954183], [8.6786258, 47.6877191], [8.6699501, 47.6848539], [8.6634535, 47.6858858], [8.6640367, 47.6881592], [8.6585973, 47.6906024], [8.668106, 47.6930578]]], [[[8.654374137835704, 48.00055169801588], [8.6520787, 48.0010412], [8.651477797310845, 48.0013802574335], [8.654374137835704, 48.00055169801588]]], [[[8.647167440431797, 48.002609402299676], [8.6475736, 48.0024732], [8.64714, 48.0025179], [8.647167440431797, 48.002609402299676]]], [[[8.583145177481018, 48.076385746980684], [8.58240444447166, 48.07562606521374], [8.581888169959969, 48.075370667375076], [8.583145177481018, 48.076385746980684]]], [[[8.583142693753162, 48.07182470710498], [8.5824983, 48.0730242], [8.581925242207863, 48.075210410071406], [8.583142693753162, 48.07182470710498]]], [[[8.581021001368086, 48.07598985396436], [8.5807267, 48.0758238], [8.577635324991617, 48.076184269393636], [8.581021001368086, 48.07598985396436]]], [[[8.57375851280953, 48.07796062646433], [8.5744497, 48.0775797], [8.572086559019283, 48.07842138301561], [8.57375851280953, 48.07796062646433]]], [[[8.5743139, 48.09294], [8.574478495122007, 48.09303555964037], [8.5740333, 48.092737], [8.5743139, 48.09294]]], [[[8.5741227, 48.0826891], [8.573991401177919, 48.08312656416204], [8.574111285463323, 48.08262258777471], [8.5741227, 48.0826891]]], [[[8.565957148043388, 48.098356599290376], [8.566263571228045, 48.09831885390445], [8.566355340291015, 48.098273718507635], [8.565957148043388, 48.098356599290376]]], [[[8.560446785536273, 48.10154004781962], [8.56088810781006, 48.10153912587944], [8.560534, 48.1015188], [8.560446785536273, 48.10154004781962]]], [[[8.550045, 48.1071427], [8.549982388589129, 48.10716473310381], [8.551566874176762, 48.106622715845425], [8.550045, 48.1071427]]], [[[8.5452022, 48.1166687], [8.546293711606474, 48.11778185617606], [8.544945079400435, 48.11640852284264], [8.5452022, 48.1166687]]], [[[8.536238480795038, 48.139444118585146], [8.5356312362886, 48.1387218569447], [8.5357464, 48.1389708], [8.536238480795038, 48.139444118585146]]], [[[8.517064027461833, 48.16721258242226], [8.5150399, 48.1671755], [8.512101204676362, 48.16762652039799], [8.517064027461833, 48.16721258242226]]], [[[8.4893141, 48.1788613], [8.49033120238288, 48.17993596781499], [8.488896317944368, 48.17857116612507], [8.4893141, 48.1788613]]], [[[8.486580982809464, 48.17782447211389], [8.488848735519678, 48.17855463484027], [8.486828107414599, 48.17785261978113], [8.486580982809464, 48.17782447211389]]], [[[8.486500799621869, 48.17781533919213], [8.486297107970296, 48.17779213856901], [8.4863454, 48.1778267], [8.486500799621869, 48.17781533919213]]], [[[8.46005572580152, 48.18127310663863], [8.456331651676363, 48.180501097245724], [8.457001470084622, 48.18139703908011], [8.46005572580152, 48.18127310663863]]], [[[8.4527741, 48.1776169], [8.45344160499951, 48.17841219945285], [8.453932539307864, 48.17839838113027], [8.4527741, 48.1776169]]], [[[8.445051957713861, 48.16268609885081], [8.444658709631904, 48.16288264648051], [8.445203137677153, 48.162686834797675], [8.445051957713861, 48.16268609885081]]], [[[8.442108091931875, 48.15645287727639], [8.442783070084552, 48.156293017508006], [8.442679, 48.1562273], [8.442108091931875, 48.15645287727639]]], [[[8.438733393149533, 48.16505216321595], [8.43874761608476, 48.16507695644756], [8.440132495662173, 48.16466706487179], [8.438733393149533, 48.16505216321595]]], [[[8.4217224, 48.168129], [8.421388979900613, 48.16820758604591], [8.421822054638596, 48.16810550706474], [8.4217224, 48.168129]]]]}}, {"type": "Feature", "properties": {"name": "Württemberg", "verband": "Württemberg"}, "geometry": {"type": "MultiPolygon", "coordinates": [[[[8.641589487792574, 48.00481399560002], [8.639122974898834, 48.01137020290877], [8.6303439, 48.0156825], [8.634665815746876, 48.01219332431401], [8.631747309146453, 48.01294684065972], [8.6285035393062, 48.01675251237491], [8.6154825836575, 48.01186238796086], [8.594817335593632, 48.00993183157091], [8.592500367513976, 48.00793131851236], [8.588076983778318, 48.01038019627816], [8.58307985065814, 48.00957086700868], [8.57735180727207, 48.01926110266135], [8.578042855293315, 48.02307302399348], [8.584772244267974, 48.02469293344381], [8.581495729228049, 48.03088391460064], [8.584076052828195, 48.03528970251809], [8.583655647427284, 48.04018669120841], [8.574949023955277, 48.0417950705797], [8.575221458412889, 48.04369241978391], [8.572849013579662, 48.04436132295083], [8.569527550981402, 48.04368638057843], [8.565654785942723, 48.04727296148175], [8.557664479514075, 48.05011605479255], [8.552611331376113, 48.0492923749257], [8.541653981336223, 48.04196074778734], [8.535869212929612, 48.04259706322765], [8.533847126411004, 48.03981005406414], [8.526186354457884, 48.03702761793159], [8.52151745873365, 48.04265334397126], [8.504504466819453, 48.04631891110842], [8.498276973571254, 48.05699987087368], [8.50508387499751, 48.06670466026064], [8.502082171574767, 48.07163454269772], [8.503039589845113, 48.07580323457859], [8.509782116734366, 48.07974822681866], [8.525920745417483, 48.08042037489084], [8.529935874648997, 48.08525252303776], [8.548709197676988, 48.08119134935539], [8.55730669715102, 48.08156181650811], [8.564839879824717, 48.07824915749144], [8.567580128348432, 48.08010537699018], [8.567188, 48.0797401], [8.571678119269423, 48.07853394072602], [8.567322686572531, 48.07973420963324], [8.572260833661172, 48.08076644540446], [8.573966949162608, 48.08635228285757], [8.578596455915719, 48.08823450547553], [8.576068449248817, 48.08932880771296], [8.574043852759639, 48.09234104790611], [8.574011707916231, 48.09347244839148], [8.574131830655208, 48.0943440048944], [8.570652118860501, 48.09646262123543], [8.571572563701766, 48.09994368180415], [8.567700059854694, 48.10120936133686], [8.56633202409598, 48.09801002033269], [8.564120080964102, 48.09840891225047], [8.561174612139638, 48.10153852736025], [8.561714535933795, 48.10047839862812], [8.548742361593302, 48.10704188075388], [8.542174539886748, 48.11426887654522], [8.545327109037641, 48.11740443985148], [8.552154939086531, 48.12120459046717], [8.55200290172575, 48.13258547064018], [8.546089213662748, 48.13552641031432], [8.537018491671489, 48.13657888833947], [8.534898827061912, 48.13908007909039], [8.538369935258505, 48.14129177771316], [8.537637215512287, 48.14448808765345], [8.521265859476102, 48.14562612933232], [8.52872558357032, 48.14996763685025], [8.515623811245568, 48.16621054288449], [8.477478252629497, 48.16967774165858], [8.47773821536206, 48.175537366070415], [8.478812176136515, 48.17149743123367], [8.4778493011577, 48.17626593914846], [8.484164582935904, 48.17671225084352], [8.490149408389165, 48.18133638424209], [8.487329251458961, 48.18325295189312], [8.480275764226251, 48.179611765245745], [8.463569803384242, 48.18062317951732], [8.465738776537126, 48.17644333432654], [8.460987296709634, 48.17847489878241], [8.460964235599434, 48.18025965315329], [8.456180598738651, 48.18029905047539], [8.452983242913124, 48.17625579039337], [8.449548002922736, 48.18139380208166], [8.435551484343655, 48.18209176042498], [8.432343503691055, 48.17805122755258], [8.43580958565292, 48.1742305162355], [8.44392532206717, 48.17098954076643], [8.438968059895089, 48.16520235971043], [8.447673249130867, 48.16297114332176], [8.446026219454087, 48.162626705881436], [8.447356433007531, 48.16244867383033], [8.444638032291463, 48.15796569037393], [8.442670480642896, 48.1561582734661], [8.428753105847322, 48.15951936756016], [8.428009050202645, 48.16442868877664], [8.42064847884113, 48.16844449401619], [8.408477432385773, 48.16717905943381], [8.405581778113271, 48.17147890759935], [8.391161116019621, 48.17239683521692], [8.394064854920156, 48.181472685599374], [8.40093160718305, 48.18347098442203], [8.39702885162886, 48.18888449883046], [8.38692502532496, 48.19134487356791], [8.382783658691814, 48.19561067391627], [8.384848112028356, 48.19648094437174], [8.38281463412897, 48.19963132385548], [8.38484587295281, 48.20285196153797], [8.379542863646916, 48.205101029556275], [8.379304208256041, 48.20942823478806], [8.376855201355669, 48.21089796386497], [8.380016349918103, 48.21449534798236], [8.364125674893131, 48.22205455840999], [8.344256642818683, 48.21947632691824], [8.33638647105819, 48.21452758652301], [8.31119994858287, 48.213968383629236], [8.298376920378049, 48.21814515957087], [8.299944609473812, 48.22075814328789], [8.296228830060793, 48.22214682212356], [8.293930760485019, 48.22587855918401], [8.294042075196842, 48.23507907801438], [8.301446986626717, 48.24150258824691], [8.290972027998645, 48.24391443825661], [8.287727232782506, 48.24767020885246], [8.297846675027987, 48.258478402217], [8.307958112980739, 48.26020510224971], [8.314856880405776, 48.26350695112289], [8.32930183289203, 48.25695551096194], [8.327601123755588, 48.24962056829843], [8.33358111794358, 48.24769417135545], [8.342445955874403, 48.24824198745286], [8.350510713366743, 48.242885723858], [8.377084032080138, 48.24519257335057], [8.381112504293966, 48.249243763195], [8.386730500270016, 48.25104564901299], [8.386799993230863, 48.25681474680844], [8.382760679534181, 48.26891878679169], [8.39545220778528, 48.28598312470459], [8.397520343906317, 48.29773158453495], [8.39394451378207, 48.30083567844879], [8.405984815848477, 48.30476988701442], [8.401620037832807, 48.30875425512718], [8.405030501447214, 48.31074521347656], [8.404131104676075, 48.31430071662188], [8.414445241223756, 48.31555177475018], [8.408686411103982, 48.32034490852599], [8.384917803707063, 48.32657856329223], [8.378164868586133, 48.33276196770858], [8.367859628893948, 48.33383056703732], [8.364719369031581, 48.3349000748587], [8.364444163028235, 48.33860295947293], [8.35995597045961, 48.338586146347055], [8.359302157961856, 48.35425540289694], [8.356509239011505, 48.35950488944125], [8.358024890138529, 48.36439645813122], [8.356260898319388, 48.36794422724149], [8.360803652871763, 48.36983786987091], [8.357346141870696, 48.37200202088163], [8.359689237922021, 48.37783559834577], [8.345673043731141, 48.38472981877467], [8.328501686125986, 48.387162748191855], [8.331127742690587, 48.38917579342558], [8.32701058570391, 48.39297290859247], [8.327746872156357, 48.39765987723553], [8.331761781815123, 48.40142578244447], [8.338479176730003, 48.39973848487934], [8.343099664823775, 48.40179200926487], [8.348268484006919, 48.41098606058582], [8.348690208147708, 48.41611811115362], [8.344582115718481, 48.420170512512264], [8.343719354288737, 48.42441120615865], [8.36097210766158, 48.4382676468736], [8.353966363816074, 48.44682022098675], [8.347600063125755, 48.45023782716504], [8.343944001269184, 48.44968750850534], [8.332056476335657, 48.45627358878364], [8.321523136362622, 48.456375465418155], [8.31623117408318, 48.46002372481246], [8.311955417170669, 48.4683284373677], [8.304633413379998, 48.46403308481506], [8.293572157145238, 48.46585503451253], [8.28990777785316, 48.468407395159126], [8.28618083766257, 48.47764328478512], [8.27641882098977, 48.47756626058273], [8.27050259642478, 48.48957499723199], [8.2576738, 48.4936501], [8.244168403862744, 48.492891200738526], [8.233718211958006, 48.49782887655507], [8.228645230704732, 48.49812759485867], [8.219322644727104, 48.50755276437565], [8.218801887430411, 48.51070554124682], [8.223174811295033, 48.51605912225526], [8.2200168, 48.5197084], [8.212574335473754, 48.52249279167678], [8.214889073824237, 48.52560151411994], [8.21408567426448, 48.52929927052749], [8.2201357, 48.5376984], [8.215950706784525, 48.54246220538965], [8.217444490562931, 48.55130409042399], [8.214785633557284, 48.5562263187295], [8.226650704403333, 48.56118380492532], [8.22988326833871, 48.569124629124666], [8.235492877068491, 48.57168343447464], [8.2370334, 48.5773184], [8.235988782946933, 48.58031630005289], [8.228611511146706, 48.5801121051716], [8.2272837, 48.5830085], [8.223556594954509, 48.584750698494794], [8.220309525971189, 48.5929101055229], [8.208891501499119, 48.603380969546016], [8.21929027030182, 48.60411385899312], [8.2238168, 48.6019838], [8.230280284446131, 48.60238466766235], [8.249720132116638, 48.59541372081143], [8.258017402115671, 48.58946250892511], [8.264708471792035, 48.58833262830331], [8.27545088218644, 48.58889071531433], [8.291307229322681, 48.58633174893027], [8.304066447398867, 48.58846316387557], [8.318577988481632, 48.58791998896248], [8.358814077713879, 48.60091265995317], [8.358626096458456, 48.60321380517767], [8.35308795125924, 48.6043482367291], [8.349497819210844, 48.60938113126619], [8.36223133288851, 48.6093559097601], [8.36565008614466, 48.6152462736327], [8.3829217, 48.619775], [8.381737089186139, 48.62141362157876], [8.3886256, 48.6255847], [8.386242094705644, 48.6313406475735], [8.388832682388204, 48.63627176648836], [8.402264563977555, 48.6378910807536], [8.414102952593815, 48.63286558788042], [8.419964491812575, 48.63775749267706], [8.42807070902634, 48.6330191815106], [8.434674385417386, 48.62500918134116], [8.445168444898439, 48.624206133942955], [8.444255, 48.6206999], [8.445971241077222, 48.619195392306665], [8.456610211068876, 48.61583780603766], [8.456916355805657, 48.61918145695984], [8.451319934459743, 48.625787760290436], [8.461869821446864, 48.62820672534176], [8.463465510902413, 48.6351622994056], [8.473415249866905, 48.64042295323328], [8.47170680453672, 48.64569300517346], [8.47519501999541, 48.65378946536302], [8.483698840011817, 48.65157046847572], [8.49769763236035, 48.65982461700509], [8.512150262131385, 48.65172707810914], [8.52948196585039, 48.65474504772254], [8.538649325664057, 48.66129825354008], [8.551983505076663, 48.66475340610919], [8.560763088694776, 48.66927858897761], [8.563557269915716, 48.67952570394018], [8.56841186558831, 48.68842814111352], [8.562836554330705, 48.69676141815637], [8.563609855718209, 48.71995342693759], [8.570652060152202, 48.72538756059541], [8.577090327140676, 48.73549519866752], [8.606531599787976, 48.75509544072206], [8.623394324529146, 48.76144467255335], [8.62448929066253, 48.77094354242828], [8.628923796671529, 48.77094581564111], [8.636965971490358, 48.76674838711969], [8.642743781379561, 48.77191805615769], [8.650543189951252, 48.76839746417912], [8.660766804961566, 48.77040907371335], [8.681578199867023, 48.77954611350199], [8.69322000852913, 48.78027722532386], [8.69597282385474, 48.78344428885019], [8.695559236891167, 48.79009075840558], [8.698519594380844, 48.79140403854981], [8.711832518423513, 48.793919215932], [8.724452013511598, 48.79231747002378], [8.733437342254929, 48.8012812083155], [8.7406504285799, 48.80237538274159], [8.7561788576721, 48.79285183534158], [8.764072554878686, 48.7790890675246], [8.782417456652386, 48.7742619863403], [8.792195012845117, 48.78066087234551], [8.802793905586261, 48.77756810343204], [8.8076625, 48.7808988], [8.811485729662454, 48.78113379483527], [8.8186501, 48.7884473], [8.8264091, 48.792126], [8.8305558, 48.7974188], [8.841523937931246, 48.799369968658816], [8.844657638282897, 48.8141822697487], [8.842598970036303, 48.82334587058818], [8.840103594099197, 48.81574400773243], [8.836721569831278, 48.81570559146501], [8.83356568448177, 48.8213615865677], [8.826463401856994, 48.82444872468444], [8.829366559620844, 48.82378833188525], [8.828951587149238, 48.82526842460372], [8.818672975991667, 48.83009964166127], [8.813035361897871, 48.83003438533024], [8.807621292358842, 48.83566331144084], [8.802359152031924, 48.83560189518435], [8.800659792079529, 48.82890033744033], [8.779215634875934, 48.84324822356881], [8.785605993878157, 48.84332400435919], [8.78199289494004, 48.85168644773669], [8.77577949587689, 48.852468840727134], [8.8047101, 48.858222], [8.811159122837754, 48.86207555243134], [8.83335630345903, 48.86522896466259], [8.837027252959489, 48.86799336263277], [8.836892418296753, 48.87050006420507], [8.846020702384365, 48.87338013459554], [8.834293200620602, 48.8731356755391], [8.823240574322291, 48.88044238623995], [8.820798143981055, 48.8850623297598], [8.828079017299345, 48.89690838112293], [8.838059815726698, 48.89963798569113], [8.843655275138628, 48.90768582342497], [8.8434732676612, 48.91111031164672], [8.839807858391476, 48.91301996395362], [8.836503934780197, 48.91837033409665], [8.823605399538568, 48.9184632158983], [8.818826022121677, 48.92053260938747], [8.813373455277505, 48.9324518509946], [8.808768791328427, 48.93259386980485], [8.80306570918393, 48.92822808369192], [8.789249827457326, 48.92865189077337], [8.785850317478847, 48.93481151731838], [8.779707926068864, 48.93499929458314], [8.768589522099884, 48.94088953982363], [8.769794041066113, 48.94690860724474], [8.79542999472471, 48.95016019474142], [8.833230214556371, 48.95151283353366], [8.837297508492941, 48.96500678049415], [8.841394351404118, 48.96840990139499], [8.821031846266917, 48.97408988634108], [8.83108832149188, 48.97478543224775], [8.829663019347452, 48.97634330952058], [8.839977246683828, 48.98056093542368], [8.841851746214843, 48.99563528048192], [8.860829024731075, 48.99201140047858], [8.87464891143221, 48.99157437685732], [8.876370404491475, 48.99404166081216], [8.872507112531736, 49.00425163670327], [8.861246559571295, 49.00813896827884], [8.850720296653307, 49.02209090273732], [8.836375682232756, 49.02607431423364], [8.836632668695966, 49.02959751320024], [8.84457675394237, 49.03287829668909], [8.836239014927756, 49.042595446780524], [8.8361532, 49.0454115], [8.833963575550658, 49.045849712632354], [8.8420973, 49.0591787], [8.83976957081469, 49.06207370367339], [8.8678741, 49.0613836], [8.8777439, 49.0585021], [8.8798336, 49.0601167], [8.878178100858669, 49.06163558437342], [8.8794697, 49.0642839], [8.876678376783742, 49.06927606571918], [8.865703017602412, 49.07113711282966], [8.874842, 49.0752531], [8.874854116355145, 49.07685919352609], [8.869547484879881, 49.07754307313569], [8.8833952, 49.0809084], [8.888375331706008, 49.07997668611432], [8.908696692141023, 49.08316536056224], [8.92001592361537, 49.08378074076877], [8.92722904828349, 49.08110809008794], [8.945696214861629, 49.10033538768744], [8.948788228395742, 49.11103385688658], [8.953861905187342, 49.11358803669437], [8.95307767723182, 49.11637239863104], [8.95769381516011, 49.11615123804326], [8.961798133449363, 49.11929129929039], [8.9617151259859, 49.12762818770867], [8.97023720772863, 49.12671907162626], [8.969355011782746, 49.13067911760679], [8.976715569711056, 49.13459770622407], [8.975643013389139, 49.13600893675319], [8.982611399155813, 49.13959449075072], [8.981840957247982, 49.14092328050967], [9.01546575095355, 49.14590205925753], [9.017933400022093, 49.16154841193595], [9.012313336260384, 49.17911959257743], [9.018032430856586, 49.1793442037422], [9.01939268131701, 49.18881625995137], [9.021169651025433, 49.1874557405955], [9.025623814828345, 49.18873065037567], [9.021750849428699, 49.19549547391914], [9.027090496600039, 49.19829867335263], [9.021961833166138, 49.20292196868467], [9.020690677191778, 49.21421114528017], [9.018634033500355, 49.21603707477762], [9.018561654723136, 49.21922174704447], [9.023351664004675, 49.22520727886229], [9.029818748918796, 49.22526967862633], [9.029844164756454, 49.22105593159624], [9.034598843181554, 49.21368519531826], [9.051121872151013, 49.21520958383051], [9.05496486658014, 49.22130234834621], [9.059070216719514, 49.22059855151783], [9.069476921308446, 49.22985110577658], [9.092623331390364, 49.23200968573958], [9.09651461222583, 49.22832978025716], [9.103501025629907, 49.22689045649454], [9.104687067912273, 49.22413782134769], [9.109489389882322, 49.22378160937944], [9.110091806324492, 49.23121049325136], [9.122065532147136, 49.23712613501373], [9.121534745084434, 49.24591147558725], [9.137579381725628, 49.25089549864868], [9.159029158171109, 49.24747327760311], [9.160701314633284, 49.25364431537898], [9.157722291614316, 49.2610129948506], [9.149444997757548, 49.27164269566274], [9.15525470318179, 49.28063340956601], [9.155745824356138, 49.28511823292014], [9.1466535, 49.2871537], [9.135129679415453, 49.28692682110315], [9.131527820481208, 49.29120210892734], [9.132652762377804, 49.29431296935437], [9.136439682105484, 49.296216923596255], [9.145119, 49.2924024], [9.1543976, 49.2958553], [9.15688343591793, 49.29930690842864], [9.156912655509437, 49.30334013667036], [9.154361624744606, 49.30893742058247], [9.1618311, 49.3233114], [9.162385691915699, 49.32824821034407], [9.172900136599454, 49.32308243310907], [9.193617294293794, 49.32714911571617], [9.205217202252916, 49.324157372426], [9.209729082306646, 49.31512595181812], [9.219788105819609, 49.31060358603101], [9.221788089409308, 49.30694891084717], [9.227757270352795, 49.310948877694976], [9.231494382419571, 49.30905866317393], [9.2418442, 49.2974262], [9.24621674901377, 49.29958073187069], [9.2516937, 49.2984482], [9.2519936, 49.30215], [9.26235366586406, 49.30599592781839], [9.262868766383209, 49.31663525029553], [9.27176251670612, 49.3304160192509], [9.2874669, 49.3298916], [9.30074384154434, 49.350004061041055], [9.31559705382873, 49.35673934015944], [9.311101094589167, 49.36225604134973], [9.31011608902165, 49.37137550559011], [9.318013661725784, 49.382594697022], [9.323104677757488, 49.38338559433284], [9.33832941974063, 49.38245197039558], [9.342936225271226, 49.38015415961727], [9.353046230046493, 49.3734368698826], [9.3548603, 49.3666129], [9.368213000702657, 49.36703009162213], [9.3753281, 49.3629408], [9.384991940727243, 49.36474346347226], [9.39482519771653, 49.34402097183564], [9.412472969071237, 49.34651318930998], [9.415292674060156, 49.34320986812825], [9.418031468585466, 49.34731934481844], [9.4495576759881, 49.33584912754014], [9.465069716091957, 49.33711333028555], [9.467339524374964, 49.33974609975898], [9.465880566014281, 49.34709766058701], [9.457729455614636, 49.34955387989631], [9.463927869551895, 49.35518702623488], [9.459771769680641, 49.35568881390866], [9.454879454945193, 49.35987331846587], [9.447494569281467, 49.36105328237289], [9.443473502875522, 49.36475146859756], [9.442772, 49.3681302], [9.440745472517762, 49.36712186938323], [9.445101499386118, 49.372026283209124], [9.45149261208349, 49.37499551991752], [9.450129505943547, 49.37981429126382], [9.446010396253772, 49.38215638119496], [9.44610354939439, 49.3895499041988], [9.4512273, 49.392998], [9.463216068752015, 49.39547676915132], [9.471454678360054, 49.39143889526758], [9.474438, 49.3846763], [9.4903497, 49.3809176], [9.495252548019915, 49.38136132995317], [9.507759470182794, 49.37515635919739], [9.5128947, 49.3752864], [9.52032831004161, 49.380915904045], [9.530004062947722, 49.38126764879381], [9.551079021408997, 49.37654418060575], [9.564758972207672, 49.37754927417917], [9.574340245634069, 49.37524298280826], [9.576408544597307, 49.37095857821235], [9.561618578183403, 49.36793331350751], [9.556468763978167, 49.36233348343401], [9.555823705974456, 49.36016883615402], [9.560315741952564, 49.35718724431679], [9.557607297007403, 49.35695538734716], [9.556512378946964, 49.3531712813477], [9.562890876150883, 49.35128708516876], [9.576527874078101, 49.35346478732583], [9.587312749645458, 49.35032322446795], [9.587508706941188, 49.3564386828121], [9.582913588196167, 49.36637878497297], [9.59397543366412, 49.36550701145187], [9.599194983149301, 49.36166650478319], [9.616393223588577, 49.3634211604965], [9.626692860709237, 49.36775654978296], [9.627494700082238, 49.37904746058022], [9.635713216081886, 49.37885472748604], [9.638445020559786, 49.38172167447978], [9.64151830159807, 49.3810395618539], [9.655172231889374, 49.38689746695817], [9.656673117998563, 49.402394852605575], [9.68119757847843, 49.40814099349295], [9.681739533841338, 49.41407942494584], [9.689326460495183, 49.40971666380234], [9.712632912930681, 49.42401668373593], [9.715355056528633, 49.43074473776026], [9.709738251455244, 49.43692536129899], [9.708465934041499, 49.44596453681758], [9.710825332526625, 49.44881571575561], [9.703271496377816, 49.44904601511406], [9.700851611367003, 49.45291309016118], [9.700809369078955, 49.45756446578261], [9.704356876997537, 49.4609372797654], [9.704270551654343, 49.47049918784345], [9.69591744478109, 49.47072630677333], [9.696269747587557, 49.47563836287413], [9.694276400954902, 49.47614776111223], [9.692649335529351, 49.48001869603638], [9.696224311588036, 49.48054916549042], [9.700554585431856, 49.48547664375513], [9.732264738880724, 49.48496050913911], [9.732247469528076, 49.48702758536483], [9.725853030118524, 49.49062229655024], [9.72370115775946, 49.50973495340663], [9.723634953770151, 49.51748620674892], [9.73036804908768, 49.52138600762375], [9.730720499290303, 49.52681341553623], [9.741912533352489, 49.52116793122892], [9.749085047369945, 49.52015887633387], [9.77413499233771, 49.52360015731184], [9.786080730867972, 49.52312077866269], [9.786426781174601, 49.53035702885943], [9.790043086387605, 49.52571691335028], [9.805576651492443, 49.52472974443182], [9.807118699089116, 49.53222812761641], [9.814053360086834, 49.54072989207107], [9.821137086254978, 49.54404262741637], [9.823146834080898, 49.54717644474382], [9.822368209736618, 49.54980868848521], [9.817049297638636, 49.54814754016004], [9.817028416673999, 49.55127584386041], [9.812449580327158, 49.5527449452908], [9.810390709233705, 49.55685554564102], [9.816473236684498, 49.55835439763278], [9.827183964351104, 49.55080962889015], [9.840638893847082, 49.55018649062416], [9.852090917132017, 49.54478234258643], [9.859953014301974, 49.54546020370031], [9.861432035858662, 49.55303721605081], [9.866755846425114, 49.55403775205719], [9.86617025728066, 49.56786672200901], [9.873768099026353, 49.57117756693943], [9.875257365911628, 49.5774381784335], [9.895541823522084, 49.58341151684836], [9.897809027925781, 49.58720412715832], [9.906458630502645, 49.58425802579345], [9.912038038881272, 49.58608107972929], [9.912301718643876, 49.58394068592872], [9.914335072424926, 49.58361544669531], [9.906731832881624, 49.58014159205834], [9.904457953712706, 49.57766676115929], [9.904478266415786, 49.57338544101447], [9.90041971996709, 49.57255362757895], [9.89844347601031, 49.56135290873929], [9.912663176924802, 49.56039421943594], [9.91874450856021, 49.562876030717], [9.924333959373302, 49.56189889514275], [9.925355844008712, 49.56041893972019], [9.923333601374624, 49.55843924506286], [9.925115559411912, 49.55729006579011], [9.920165492198445, 49.54439551513489], [9.925522230206171, 49.53913687343073], [9.948705804053086, 49.54566953449761], [9.969965309283968, 49.53729185678756], [9.975452272117717, 49.53689885236418], [9.983493725271998, 49.53842073731679], [9.999750156535526, 49.54730284023214], [10.005013176280801, 49.54521923949583], [10.00776496590881, 49.54784998993656], [10.0130116, 49.5457275], [10.015956421060835, 49.54163447958068], [10.0188568, 49.5418317], [10.0195355, 49.5388121], [10.0175296, 49.5384475], [10.01675287436892, 49.53086034211168], [10.0075032, 49.5289132], [10.01651929006652, 49.52307662992464], [10.0274073, 49.5208213], [10.0358831, 49.525806], [10.043101166766991, 49.52383741856227], [10.03521251564701, 49.5299741866237], [10.0442218537604, 49.53050640912912], [10.06091472747512, 49.53710241178884], [10.05956807038612, 49.54198754242158], [10.0631664839308, 49.54518554503955], [10.07316850657861, 49.54537832567028], [10.0876269, 49.5411623], [10.092585466699942, 49.53377615610584], [10.0893255, 49.5318493], [10.089055771584054, 49.52863759589212], [10.08182759755442, 49.52850692167871], [10.0777825, 49.5251378], [10.080386162271436, 49.52118545691975], [10.0772949, 49.5194457], [10.07945932790659, 49.51577428587613], [10.082547912251247, 49.514943636532145], [10.0833922, 49.5113552], [10.105587417921313, 49.515058470279165], [10.1082700153629, 49.51126274818224], [10.12072859825648, 49.51084392813123], [10.120479395150284, 49.507230554335756], [10.1172513, 49.507167], [10.118009273874307, 49.50408507483113], [10.1034083, 49.4987709], [10.10483196924905, 49.496061273555604], [10.1010667, 49.4941627], [10.1001621861665, 49.49107273746413], [10.102241096896156, 49.48978267554735], [10.1009711, 49.4857461], [10.1047827, 49.482581], [10.108202275558977, 49.48263666082405], [10.11186512127747, 49.47755872384819], [10.116236220924977, 49.47833363646928], [10.11489828429636, 49.4735500515936], [10.11930560199089, 49.471031351044154], [10.1176186, 49.4702276], [10.1179196, 49.4676005], [10.1221488, 49.4638061], [10.11598673589831, 49.46145222770879], [10.1050286, 49.4630928], [10.10808762680255, 49.46032484783661], [10.107115715121266, 49.45880678150923], [10.09791849266387, 49.45708604559701], [10.09457279529212, 49.44800096811535], [10.10561045309684, 49.44427711158366], [10.1118237, 49.4385686], [10.11104063654889, 49.4427373434314], [10.119089823051473, 49.443746665642585], [10.1211898292218, 49.44090472087979], [10.133511137156486, 49.43724578586885], [10.13726638088377, 49.43347775391523], [10.1336525, 49.4321226], [10.1383578, 49.4282156], [10.1373505, 49.4246652], [10.145568346302019, 49.4186733404324], [10.14707742820833, 49.41369399853225], [10.149888360573783, 49.41404091919223], [10.152409188026105, 49.411780910773345], [10.1478125, 49.411164], [10.152156782429069, 49.40437489715409], [10.15053525313638, 49.40369970298419], [10.15183186166978, 49.40165979501311], [10.14188807487451, 49.40398136637562], [10.1388905, 49.403072], [10.16144906013072, 49.39560961776729], [10.16004338914143, 49.39385142471126], [10.16090660014871, 49.39040478693206], [10.1463275, 49.3883048], [10.14430906206097, 49.38360842238896], [10.140169053926998, 49.38360180982165], [10.1399583, 49.3858334], [10.1364112, 49.3866821], [10.12117147781455, 49.38792358076084], [10.121632103070867, 49.386323362421884], [10.1118494, 49.3850505], [10.1071726, 49.3788747], [10.1172392, 49.3690834], [10.1173377, 49.3669883], [10.1135271, 49.3666235], [10.1133215, 49.3596775], [10.1179327, 49.3596519], [10.1183025, 49.3578656], [10.1246346, 49.3558628], [10.1230457, 49.3546561], [10.1237873, 49.350546], [10.1221899, 49.3502702], [10.106759, 49.3529282], [10.1092959, 49.3483333], [10.1038968, 49.3469711], [10.1032198, 49.3414498], [10.1044562, 49.3384917], [10.108875, 49.3379328], [10.1083188, 49.3359998], [10.1130964, 49.3356794], [10.1128506, 49.33241], [10.1071084, 49.3324182], [10.1089605, 49.3323316], [10.1105003, 49.3288175], [10.1186605, 49.3290423], [10.1203441, 49.3252687], [10.1230652, 49.3246117], [10.130748, 49.3254459], [10.1302898, 49.3276785], [10.1398497, 49.3270814], [10.1402697, 49.3225809], [10.1427695, 49.3225659], [10.145384, 49.3164071], [10.1314629, 49.3050589], [10.1322837, 49.3003943], [10.1383085, 49.2915121], [10.1441886, 49.290288], [10.1412809, 49.2887986], [10.1421232, 49.2878162], [10.1498512, 49.2880046], [10.1492296, 49.2846877], [10.1534944, 49.2848866], [10.1566147, 49.2810689], [10.1531284, 49.2818751], [10.1464528, 49.2770191], [10.148067, 49.2755727], [10.1450109, 49.27521], [10.1465115, 49.2720242], [10.1449139, 49.2717243], [10.1495688, 49.2690145], [10.1416311, 49.2675423], [10.1340971, 49.2621796], [10.1312938, 49.2639328], [10.1274326, 49.261355], [10.1261375, 49.2622382], [10.1271813, 49.2656971], [10.122256, 49.272737], [10.131231, 49.2745895], [10.1279864, 49.2758616], [10.123137, 49.2747342], [10.1195051, 49.2684852], [10.1199648, 49.2668111], [10.1177965, 49.2684351], [10.1142982, 49.2666764], [10.1167556, 49.2642531], [10.1158664, 49.2588706], [10.1190593, 49.2576856], [10.1092948, 49.25787], [10.1137306, 49.2560479], [10.1258934, 49.2558494], [10.127187, 49.253363], [10.1303576, 49.254176], [10.1294672, 49.2563196], [10.1332091, 49.2532501], [10.1322587, 49.2512826], [10.1197915, 49.2468832], [10.1242146, 49.2455068], [10.1231648, 49.2441202], [10.1247898, 49.2427197], [10.1228437, 49.2407726], [10.1264882, 49.2361361], [10.1269493, 49.2240814], [10.1323949, 49.2172366], [10.1391524, 49.2160013], [10.1405643, 49.2089491], [10.125816, 49.2107934], [10.1247841, 49.209518], [10.1272627, 49.2097375], [10.127383, 49.2042269], [10.1312594, 49.2032539], [10.1244594, 49.2006051], [10.1248147, 49.1988368], [10.1300521, 49.1989108], [10.1270465, 49.1973655], [10.1290847, 49.1956072], [10.1303436, 49.1961169], [10.1289799, 49.1971547], [10.1328757, 49.1978189], [10.1311387, 49.1991407], [10.1353374, 49.2002869], [10.1383926, 49.1970877], [10.1410835, 49.1976938], [10.1419976, 49.1953694], [10.1568682, 49.1925217], [10.1528201, 49.189961], [10.1571692, 49.1900739], [10.1573528, 49.1870446], [10.1605087, 49.1850928], [10.1589594, 49.1838444], [10.1672711, 49.1812018], [10.1662133, 49.179443], [10.1681018, 49.1782203], [10.1813356, 49.1825656], [10.1812058, 49.176688], [10.1783538, 49.1760936], [10.1772678, 49.1732429], [10.183077, 49.1718264], [10.1855652, 49.1729872], [10.1847204, 49.1710653], [10.1867398, 49.170428], [10.1867354, 49.1725471], [10.1894023, 49.1743158], [10.1879727, 49.1697284], [10.195246, 49.169925], [10.1925959, 49.1675704], [10.1995639, 49.1602248], [10.1968289, 49.1557628], [10.2051184, 49.1556141], [10.2067005, 49.1589998], [10.2116918, 49.160299], [10.2129327, 49.1627948], [10.2181176, 49.1634809], [10.2198162, 49.1613664], [10.218608, 49.1600606], [10.2226458, 49.1600178], [10.2241132, 49.1618324], [10.2279526, 49.1599035], [10.2320388, 49.1564141], [10.2310226, 49.1534685], [10.2369043, 49.1519324], [10.2383575, 49.1494322], [10.2481538, 49.1492601], [10.2484767, 49.145838], [10.2555776, 49.1381008], [10.2514569, 49.1339907], [10.2557484, 49.1318415], [10.2571251, 49.1290209], [10.2527954, 49.1299949], [10.2514523, 49.127329], [10.2405246, 49.1244555], [10.2412757, 49.1225857], [10.2372114, 49.1203206], [10.2251402, 49.1202329], [10.2295888, 49.1170711], [10.2298546, 49.1132648], [10.2265021, 49.1128625], [10.2293705, 49.1111753], [10.215423, 49.1133409], [10.2152839, 49.1112824], [10.2135189, 49.1113809], [10.2161341, 49.1060109], [10.2122357, 49.1016659], [10.2135542, 49.1010049], [10.2074065, 49.1008944], [10.2073461, 49.0993918], [10.2102253, 49.100612], [10.2107473, 49.0969264], [10.2078106, 49.0994368], [10.20405, 49.0973601], [10.2116582, 49.0943032], [10.2225847, 49.0980117], [10.2280042, 49.0891095], [10.2331362, 49.0903479], [10.2323813, 49.0919246], [10.2350941, 49.0904454], [10.2445669, 49.0926629], [10.2433595, 49.0905568], [10.2477153, 49.0930053], [10.2506232, 49.0923225], [10.2481435, 49.0924405], [10.2479137, 49.0916399], [10.2508112, 49.0912729], [10.2459608, 49.0805827], [10.2471029, 49.0798204], [10.2428391, 49.0786779], [10.2412305, 49.079726], [10.2427864, 49.0820366], [10.2408845, 49.0821002], [10.2378247, 49.0773687], [10.2340536, 49.0762616], [10.2354262, 49.0738747], [10.2395469, 49.0746275], [10.2425248, 49.0722576], [10.2459434, 49.0742597], [10.2580067, 49.070109], [10.2595267, 49.0648232], [10.2654864, 49.0617715], [10.2588576, 49.0597225], [10.2563392, 49.0615278], [10.2568853, 49.052964], [10.2549749, 49.0542139], [10.2553042, 49.0521187], [10.2518922, 49.0496434], [10.2556967, 49.0445644], [10.2505878, 49.0433082], [10.250337, 49.0404228], [10.2549399, 49.0386913], [10.2589999, 49.0427327], [10.2631093, 49.0421817], [10.2617047, 49.0436612], [10.2657925, 49.0453093], [10.2680163, 49.0429482], [10.2771839, 49.0426047], [10.2744223, 49.0407943], [10.2770983, 49.0383339], [10.2847172, 49.0365497], [10.2884344, 49.0400914], [10.2851454, 49.0423726], [10.2927668, 49.0407924], [10.2951931, 49.0425048], [10.3042811, 49.03819], [10.302039, 49.0382887], [10.3024939, 49.0314438], [10.309547, 49.0319034], [10.3187258, 49.0286912], [10.3211339, 49.0254386], [10.3290658, 49.0242421], [10.3274397, 49.0301619], [10.3332251, 49.0267662], [10.3329125, 49.0320398], [10.3365903, 49.0296762], [10.3369112, 49.0274144], [10.3501379, 49.0283424], [10.3511047, 49.0221178], [10.345803, 49.0204749], [10.345457, 49.0174036], [10.3554515, 49.0144949], [10.3576174, 49.0115269], [10.3540692, 49.0047239], [10.3729561, 49.0033497], [10.3759644, 48.9996058], [10.3820157, 48.9992305], [10.3808395, 48.9967337], [10.3828787, 48.9941938], [10.3818556, 48.9915833], [10.3786858, 48.990498], [10.3816416, 48.9882861], [10.3947717, 48.9902337], [10.3971526, 48.9867255], [10.4012905, 48.986113], [10.4026733, 48.9820204], [10.4119239, 48.9785411], [10.409424, 48.9755615], [10.4015314, 48.9743541], [10.4037061, 48.9667932], [10.4091306, 48.9669261], [10.4115471, 48.9684377], [10.4106711, 48.9695703], [10.4201165, 48.9683345], [10.4181559, 48.9679277], [10.4184441, 48.9654791], [10.4251467, 48.9640062], [10.4251022, 48.9606523], [10.4207937, 48.9611326], [10.4194226, 48.9591412], [10.4238378, 48.9591793], [10.4309164, 48.9534477], [10.4312379, 48.9511677], [10.4294964, 48.9515284], [10.4314464, 48.9508511], [10.4296914, 48.9507988], [10.4308088, 48.9463044], [10.434961, 48.9442286], [10.4429809, 48.945908], [10.4458062, 48.943447], [10.4448318, 48.9402877], [10.4514721, 48.9386996], [10.451801, 48.9373368], [10.4476886, 48.9365937], [10.4489966, 48.9344759], [10.4400051, 48.9354386], [10.4378988, 48.9329772], [10.4452506, 48.93005], [10.4491221, 48.9260329], [10.4520048, 48.9265499], [10.4568403, 48.9204496], [10.4569049, 48.9170578], [10.4441316, 48.9107419], [10.4438561, 48.9084607], [10.4365191, 48.9090839], [10.4308053, 48.9079215], [10.4307848, 48.9059622], [10.4246764, 48.9076773], [10.4212612, 48.906051], [10.4286803, 48.9010154], [10.4407476, 48.8987144], [10.4420985, 48.8957203], [10.450088, 48.893194], [10.4493635, 48.8910382], [10.4533478, 48.8901737], [10.4529674, 48.8842535], [10.4504967, 48.8848582], [10.4482828, 48.8808823], [10.44465, 48.8802919], [10.4483997, 48.8788918], [10.44695, 48.8772782], [10.4526201, 48.8734043], [10.4508985, 48.8722927], [10.4525239, 48.8711663], [10.4518145, 48.8679837], [10.4484264, 48.8657414], [10.4503168, 48.8646586], [10.449808, 48.8628814], [10.4475294, 48.8635755], [10.4481008, 48.8616308], [10.4539305, 48.8602478], [10.4527705, 48.8533733], [10.4498653, 48.8528691], [10.4500165, 48.8509154], [10.4290063, 48.8457304], [10.4293836, 48.8431583], [10.4274056, 48.8428688], [10.4264795, 48.8369549], [10.4418387, 48.8344416], [10.4431957, 48.8321903], [10.4492505, 48.8303091], [10.4482828, 48.8280695], [10.4496811, 48.8269563], [10.447665, 48.8268683], [10.4496272, 48.8250709], [10.4465107, 48.8241028], [10.44886, 48.8208902], [10.4467889, 48.8190251], [10.4489379, 48.8179349], [10.446798, 48.8175388], [10.4468652, 48.8134399], [10.4506649, 48.81128], [10.4426142, 48.8082426], [10.4412293, 48.8051916], [10.4347045, 48.8014234], [10.4209892, 48.7991276], [10.4208547, 48.7955687], [10.4306698, 48.7936939], [10.4280396, 48.7909766], [10.4343855, 48.7895099], [10.4346513, 48.7876555], [10.4298462, 48.7882311], [10.4274036, 48.7864727], [10.4294305, 48.7832375], [10.4267659, 48.7816568], [10.4281592, 48.7785244], [10.4317714, 48.7788037], [10.4343505, 48.7763761], [10.4315274, 48.7750824], [10.4300493, 48.7769425], [10.4312202, 48.7748389], [10.4282994, 48.7735554], [10.4304776, 48.7700945], [10.4284145, 48.7699546], [10.4281563, 48.7729771], [10.4186017, 48.7726346], [10.4203195, 48.7760301], [10.4171598, 48.776383], [10.4155668, 48.7721039], [10.4121401, 48.7713718], [10.4177132, 48.7696531], [10.416692, 48.7676501], [10.4171979, 48.7651754], [10.4192223, 48.7648116], [10.4184459, 48.7629084], [10.4282908, 48.7559205], [10.4238004, 48.7566366], [10.4232032, 48.7533179], [10.4180862, 48.7532836], [10.4169552, 48.7510768], [10.4186835, 48.748695], [10.4227843, 48.749407], [10.4228444, 48.7481136], [10.4158902, 48.748285], [10.4239367, 48.7471365], [10.425279, 48.7458168], [10.4237614, 48.7442086], [10.4343445, 48.7411778], [10.4311981, 48.7373946], [10.4395419, 48.7388496], [10.4399362, 48.7337056], [10.4432715, 48.7312269], [10.4468371, 48.7320272], [10.4426501, 48.730649], [10.4434531, 48.7291898], [10.4465221, 48.72971], [10.4477598, 48.7274698], [10.4504039, 48.7349619], [10.4544578, 48.7337166], [10.4637033, 48.7358795], [10.4548562, 48.7292651], [10.4650431, 48.7278725], [10.4656351, 48.7239957], [10.4623136, 48.7243004], [10.4619121, 48.7225197], [10.4680938, 48.7213536], [10.46557, 48.7195555], [10.4681183, 48.7194316], [10.4682829, 48.7152087], [10.4736896, 48.7119353], [10.4817791, 48.7125815], [10.4832423, 48.7083397], [10.4826801, 48.7048615], [10.4808261, 48.7065981], [10.4778855, 48.7047311], [10.4745064, 48.7056522], [10.4715774, 48.7049253], [10.4715761, 48.7027645], [10.4801353, 48.7000753], [10.4795682, 48.6947347], [10.4872747, 48.6967823], [10.4854198, 48.6916032], [10.4955694, 48.6881454], [10.4924627, 48.6859721], [10.4909149, 48.6872708], [10.4890975, 48.6857354], [10.4817425, 48.6865044], [10.4813019, 48.6815682], [10.4651334, 48.6707659], [10.4539929, 48.6705938], [10.4540004, 48.6678834], [10.4489009, 48.6654549], [10.4418515, 48.6665221], [10.4414359, 48.6647778], [10.4333478, 48.6643503], [10.4326608, 48.6614112], [10.4290484, 48.6619609], [10.4281652, 48.6641982], [10.4231675, 48.6626018], [10.4164274, 48.6639771], [10.4165075, 48.6626798], [10.4104722, 48.6610811], [10.4092731, 48.6647604], [10.4075347, 48.6644607], [10.4085712, 48.6678048], [10.4149833, 48.6692275], [10.4145131, 48.6708339], [10.4178093, 48.6725701], [10.4205348, 48.6699614], [10.4259144, 48.673145], [10.4253835, 48.6751976], [10.4228997, 48.6745135], [10.4228916, 48.6794424], [10.424729, 48.6794283], [10.4188266, 48.6825933], [10.4226974, 48.6842594], [10.4228188, 48.6905524], [10.4265322, 48.6915479], [10.4268345, 48.6869813], [10.4298909, 48.6861081], [10.4346399, 48.6875951], [10.433974, 48.6907293], [10.4384896, 48.6910276], [10.4394399, 48.6935191], [10.4316472, 48.6995367], [10.4208901, 48.6941723], [10.4133212, 48.699143], [10.4114208, 48.6976334], [10.4061941, 48.6983701], [10.4051764, 48.6965387], [10.4076903, 48.694626], [10.4038863, 48.6945063], [10.4011068, 48.6928081], [10.4034269, 48.6915699], [10.4006491, 48.6924523], [10.3992013, 48.6901505], [10.3934481, 48.6891907], [10.3919408, 48.6871003], [10.3928966, 48.6779826], [10.3899506, 48.6775421], [10.3907814, 48.6747163], [10.3868712, 48.6740558], [10.3889683, 48.672416], [10.3892678, 48.6671784], [10.382519, 48.6653933], [10.3787075, 48.6665408], [10.3735263, 48.6629801], [10.3683001, 48.6638098], [10.3656496, 48.6566705], [10.3618266, 48.6553302], [10.3608348, 48.652956], [10.3510897, 48.654661], [10.3528209, 48.6581376], [10.3480381, 48.6597501], [10.3491567, 48.6634039], [10.347296, 48.6656371], [10.3520231, 48.6657132], [10.34838, 48.6733279], [10.3458951, 48.67416], [10.3478225, 48.6764353], [10.3471655, 48.6793524], [10.3370797, 48.6862343], [10.3375853, 48.6888007], [10.3283301, 48.6908653], [10.3233928, 48.6899256], [10.3235372, 48.688231], [10.3210015, 48.687345], [10.3172869, 48.6886038], [10.3186375, 48.6845154], [10.316392, 48.6823878], [10.3067466, 48.6871023], [10.3031912, 48.6862595], [10.3015396, 48.6877933], [10.3048436, 48.6882156], [10.3020818, 48.6906314], [10.2925303, 48.6914453], [10.2914293, 48.6946621], [10.2823388, 48.7009142], [10.2687047, 48.7035845], [10.2686499, 48.6977653], [10.2727292, 48.6856159], [10.2642161, 48.6824475], [10.2677674, 48.6798857], [10.2561155, 48.680508], [10.2551812, 48.6774134], [10.264801, 48.6720092], [10.2571818, 48.6688808], [10.2543358, 48.6645242], [10.2660557, 48.659441], [10.2667961, 48.6576965], [10.2594512, 48.6564903], [10.2625326, 48.6567034], [10.2633019, 48.653535], [10.2700569, 48.6520576], [10.2682707, 48.6466171], [10.2719139, 48.646891], [10.2726423, 48.6491341], [10.2750056, 48.6483133], [10.2733033, 48.6480567], [10.2746393, 48.6454475], [10.2802666, 48.6467627], [10.2792077, 48.6424089], [10.2850707, 48.6383823], [10.2833053, 48.6368554], [10.295132, 48.6336197], [10.2970086, 48.6259868], [10.299725, 48.6250115], [10.2977568, 48.6241998], [10.3230487, 48.60903], [10.3188281, 48.6074747], [10.31989, 48.6039954], [10.3085274, 48.6048677], [10.3090336, 48.6011042], [10.3018029, 48.6050835], [10.2970918, 48.6039273], [10.2981419, 48.5997471], [10.295371, 48.6004183], [10.2956576, 48.594319], [10.2930904, 48.5897095], [10.3062233, 48.5841194], [10.3107077, 48.5768925], [10.3091194, 48.5759787], [10.3130654, 48.5666106], [10.3129852, 48.5559348], [10.3160545, 48.5557236], [10.3100557, 48.5511222], [10.3052186, 48.5507951], [10.3023629, 48.5475928], [10.3017033, 48.5413017], [10.3039011, 48.5382753], [10.3016091, 48.5371722], [10.303228, 48.5299236], [10.3122288, 48.5301061], [10.3145315, 48.5264909], [10.3091675, 48.5263713], [10.3120672, 48.522946], [10.2963232, 48.5168773], [10.2868361, 48.516015], [10.2855878, 48.5178152], [10.274868685823545, 48.51549432855141], [10.272426421022047, 48.51770564146579], [10.2661175, 48.5175708], [10.263352910219906, 48.51993154121319], [10.25434546614878, 48.518653744089626], [10.2553317, 48.516017], [10.2524047, 48.5145983], [10.248625954040657, 48.5158271484054], [10.2498828, 48.5115248], [10.2477157, 48.5099442], [10.2344371, 48.5120017], [10.232954592639842, 48.51115855092218], [10.2383066, 48.5076585], [10.227885983700771, 48.50736495585893], [10.22818570796441, 48.50607071493886], [10.2409674, 48.5060336], [10.2426052, 48.500027], [10.2374495, 48.5001693], [10.24154156327241, 48.49145394743485], [10.23689855022032, 48.48849434604973], [10.21891339934282, 48.48765452494819], [10.18225317154986, 48.47511249697299], [10.18332757852687, 48.47413415870543], [10.1763701, 48.4713463], [10.1844759, 48.4729136], [10.18678700340475, 48.47063163267283], [10.18210685759203, 48.46906464510014], [10.18446324752065, 48.46617559438901], [10.176735506870488, 48.46975951826617], [10.1783126399066, 48.46372072059456], [10.17425173356256, 48.46252353450284], [10.17376801687943, 48.4595483512095], [10.13577514060839, 48.45483619876511], [10.13551734743412, 48.45280094538465], [10.1424704, 48.4484167], [10.138425953740505, 48.446628873268494], [10.1424937, 48.4443843], [10.16663074780828, 48.44438701647659], [10.170102, 48.4466907], [10.17876347647188, 48.44626708147797], [10.1809401, 48.4390502], [10.1840333, 48.4396388], [10.190030872887545, 48.43426389791754], [10.1995638, 48.4344245], [10.2003214, 48.4316765], [10.19743158171442, 48.43049129467883], [10.2048439, 48.4307131], [10.20881834108668, 48.42748342183246], [10.20510503199883, 48.41923890603548], [10.2091851, 48.415141], [10.2100106, 48.4110989], [10.20213620153022, 48.40827071232925], [10.20266601597674, 48.40527507071055], [10.2226112, 48.4135937], [10.2281643, 48.4091572], [10.233585073155776, 48.409864075093786], [10.2368871, 48.4138691], [10.2395052, 48.4131746], [10.23960617154863, 48.40912705622539], [10.2425955, 48.4081303], [10.2419983, 48.4054526], [10.233452085324373, 48.40134392945159], [10.2325791, 48.3988372], [10.2425667, 48.399223], [10.241317026429833, 48.39783108020351], [10.24609461880593, 48.39355755678778], [10.24296401965759, 48.39142818817935], [10.23646073201903, 48.39273787496455], [10.229992291871215, 48.38884115795123], [10.235473, 48.3864099], [10.23397597450051, 48.38476396692889], [10.2385416408244, 48.38022493290158], [10.22855357886982, 48.37411954599055], [10.2286475, 48.3720617], [10.22641600930121, 48.37089325600804], [10.2283219, 48.3689867], [10.22568031237567, 48.3666994710542], [10.220195904784608, 48.36804195009416], [10.20672876849234, 48.36586733708997], [10.2095104, 48.3633106], [10.2184948, 48.3642627], [10.22017094905328, 48.3598588053184], [10.2286753954063, 48.35744108702102], [10.2374058959892, 48.3454620098817], [10.24156038642049, 48.34295051235768], [10.244873313698783, 48.34322111968974], [10.25501417904941, 48.35017150776174], [10.25746989303034, 48.35637983704888], [10.2752264, 48.3612511], [10.2770278, 48.3587793], [10.27162852346745, 48.35372524725189], [10.27088800741625, 48.34787254046596], [10.26179994939114, 48.34856529814031], [10.2633571, 48.3444841], [10.257172610183702, 48.33938198352114], [10.257865193394581, 48.33791527473555], [10.2672066, 48.3396239], [10.27284746958979, 48.33706839252804], [10.27452021352708, 48.32627225481061], [10.271709105337655, 48.323588058671135], [10.2744713, 48.3200683], [10.26548103117615, 48.31864977289696], [10.266276829973675, 48.31309511299026], [10.2752393, 48.3170616], [10.278282447771454, 48.30422568260784], [10.30005284049085, 48.30113695214035], [10.29457043340832, 48.28909101329407], [10.28626340401248, 48.28712518138381], [10.287187744995649, 48.28388519943183], [10.2897848, 48.2846464], [10.29403680086145, 48.28076718981759], [10.29771452368765, 48.28014722853207], [10.295629436381226, 48.27589502835719], [10.3019322, 48.2728919], [10.302597649791034, 48.26931936524893], [10.3152404, 48.2706536], [10.3117266, 48.2631228], [10.285767283368465, 48.26495863316402], [10.2850887, 48.2622612], [10.2881966, 48.258803], [10.282181254841447, 48.25488819502216], [10.2851117, 48.2435373], [10.27292631938626, 48.23963516652288], [10.271783505783983, 48.22960735873538], [10.2777435, 48.2287683], [10.28300272346412, 48.22333193631587], [10.285179, 48.224769], [10.2908602511632, 48.22227528821994], [10.2927264, 48.2238837], [10.2957362, 48.2216448], [10.3025615, 48.2239496], [10.3003402, 48.225739], [10.3072262, 48.2294269], [10.3117027, 48.2300399], [10.317338187767307, 48.22248120642043], [10.3271192, 48.2191731], [10.325309212910703, 48.218766373071546], [10.32901604257109, 48.2153734861448], [10.33626834670155, 48.21380829777612], [10.33838367023508, 48.21150577309761], [10.33662210549698, 48.20974628806643], [10.3378012611016, 48.20859344688451], [10.33186768891186, 48.2057587308967], [10.32777461856844, 48.20711553248515], [10.32407872979683, 48.20570849230816], [10.327874, 48.20205], [10.324500204062092, 48.19834689462331], [10.3250552, 48.1965808], [10.32034543676056, 48.19554376296368], [10.314689024136252, 48.19791421217457], [10.31028411772992, 48.19276868196236], [10.3125596, 48.1898044], [10.308018, 48.1839646], [10.2959156609948, 48.18438026326616], [10.2941991, 48.1721525], [10.288080583123792, 48.170321674409365], [10.28678, 48.1673992], [10.28225482577945, 48.16707235147005], [10.2832276, 48.1645057], [10.27756573377954, 48.16470803303953], [10.27382913723792, 48.16168264987504], [10.2607861, 48.162285], [10.24409710485278, 48.16694992755604], [10.23173380669217, 48.16808918964237], [10.2240139, 48.1625563], [10.21118900260695, 48.16366601426375], [10.20898136834021, 48.16043925964841], [10.209741, 48.1546894], [10.20617498162763, 48.15289905043155], [10.21102293728972, 48.14909299840417], [10.20997866038755, 48.14651632832986], [10.2150964, 48.1432277], [10.20876157431666, 48.13779101047795], [10.199307640796219, 48.1347716205147], [10.191552271164722, 48.12587663889146], [10.1928762, 48.1233339], [10.1800133919631, 48.12415958134561], [10.15329383760647, 48.11785483913262], [10.1359448, 48.1051534], [10.1408203, 48.0953966], [10.137650563662055, 48.0944845134246], [10.1398164, 48.0889941], [10.1354401391976, 48.08241455119783], [10.135727564172761, 48.07682244117132], [10.14428715976314, 48.07359835840566], [10.1409387, 48.0656655], [10.1439544, 48.0590309], [10.1427062, 48.0548833], [10.1391611, 48.0527355], [10.1413196, 48.0503816], [10.1411855, 48.0465417], [10.136157533378501, 48.04386532543679], [10.1346599, 48.0396977], [10.12829338575533, 48.03389870840923], [10.131359, 48.0271044], [10.1361204, 48.0230551], [10.134237, 48.0210216], [10.1349158, 48.0173579], [10.12554369889193, 48.01052582793205], [10.1244625, 48.0069868], [10.119474975487357, 48.0031437867407], [10.12219021752909, 47.99641349419055], [10.115008116946907, 47.98851646460137], [10.11570370910812, 47.97550980614351], [10.0922279, 47.9718498], [10.0872657, 47.9677353], [10.0848569, 47.9603984], [10.0858906, 47.9533883], [10.0902139, 47.9473557], [10.0983549, 47.9422293], [10.1073216, 47.9395446], [10.1112579, 47.9349321], [10.10527247415891, 47.92318352884499], [10.1125146, 47.9165273], [10.108816596832312, 47.91475853803629], [10.11079923336965, 47.91101063980425], [10.10434085998613, 47.909002006407], [10.1048175, 47.9059787], [10.101732753381823, 47.905705448650636], [10.1039390751322, 47.89107216784905], [10.10208547426856, 47.88755207619619], [10.0955965, 47.8848902], [10.1064772, 47.8831165], [10.10730637274802, 47.87834715299666], [10.098064563176093, 47.876636847600615], [10.09844739201744, 47.87264103627381], [10.09142769197384, 47.86706009152056], [10.08195473561526, 47.86977196123694], [10.07729923859953, 47.86754871480112], [10.0802625, 47.8653973], [10.079147103889015, 47.863566026458415], [10.08205588173372, 47.86092799232877], [10.0801742, 47.8605618], [10.083142840179724, 47.855716393974504], [10.1023463, 47.8655061], [10.1053461, 47.8644016], [10.103828310502347, 47.859988463159], [10.10585143353921, 47.85614844085626], [10.102793968349756, 47.855904608567535], [10.10167242632119, 47.85364242319433], [10.097800840649851, 47.85494361805901], [10.096962992170994, 47.8538481988762], [10.10040970624669, 47.85231460008888], [10.095503947962406, 47.85129587423624], [10.09571216841335, 47.84803343424877], [10.092482151814442, 47.84439326422649], [10.0940597, 47.8438265], [10.0971061, 47.8483728], [10.09905118826432, 47.84532368574472], [10.1032866, 47.8513859], [10.1070622, 47.8532486], [10.1098610173502, 47.84659707678959], [10.1026686, 47.8424733], [10.1103805, 47.8399828], [10.11857040262367, 47.82911940394312], [10.1237054, 47.8269175], [10.1252609, 47.8229291], [10.1312129, 47.8225054], [10.1332627, 47.8156604], [10.1320582, 47.8155039], [10.1379981, 47.8096648], [10.1318763, 47.8096918], [10.1321699, 47.8110961], [10.1280924, 47.8134255], [10.1196915, 47.8126053], [10.1107074, 47.8065383], [10.1144152, 47.8062812], [10.1160677, 47.8032444], [10.1198027, 47.8035981], [10.1167415, 47.8007531], [10.1104102, 47.8020539], [10.1022399, 47.8005112], [10.0961944, 47.8045402], [10.0935883, 47.8021441], [10.0915011, 47.8044991], [10.0921139, 47.8014115], [10.089517, 47.7981367], [10.0738719, 47.7922087], [10.0750241, 47.7904418], [10.0681895, 47.7880572], [10.0663852, 47.7870399], [10.0685912, 47.7863139], [10.0653553, 47.7856874], [10.0651974, 47.7849488], [10.0689514, 47.7846149], [10.0667932, 47.783625], [10.0675145, 47.7823012], [10.0771348, 47.7801218], [10.0796734, 47.7812488], [10.0848861, 47.7766958], [10.0827188, 47.7710505], [10.1190293, 47.7594604], [10.1154962, 47.7581646], [10.1149083, 47.7551507], [10.118432, 47.7504469], [10.1128174, 47.7413136], [10.1135627, 47.7380369], [10.1187059, 47.7338771], [10.1156282, 47.7253456], [10.115581, 47.7190051], [10.1241226, 47.7108829], [10.139564, 47.703591], [10.1397604, 47.6994589], [10.1282524, 47.6907122], [10.1327786, 47.6852817], [10.1301176, 47.6817178], [10.1295833, 47.6760384], [10.1134557, 47.6695788], [10.1137666, 47.6662631], [10.100588, 47.667504], [10.0913466, 47.6739193], [10.0900335, 47.6734443], [10.0938103, 47.6697518], [10.0945702, 47.6652394], [10.0930853, 47.6627908], [10.0888321, 47.6630152], [10.0900015, 47.6600504], [10.0838175, 47.6547671], [10.0814565, 47.6547461], [10.0830517, 47.6539915], [10.0818904, 47.6514392], [10.0831847, 47.6497601], [10.0806008, 47.649155], [10.0794275, 47.6473119], [10.0819942, 47.6473381], [10.0760178, 47.6419389], [10.0784276, 47.6402963], [10.0732201, 47.6338284], [10.0751152, 47.6320977], [10.0725647, 47.6305678], [10.0764302, 47.6276064], [10.0727042, 47.6244046], [10.0758276, 47.621854], [10.0745345, 47.6200091], [10.0757258, 47.6181545], [10.0708564, 47.6165406], [10.0675269, 47.6175075], [10.0675143, 47.6104086], [10.061241, 47.6100667], [10.0601943, 47.6079203], [10.0689797, 47.6035675], [10.0599992, 47.5983657], [10.0624587, 47.5947992], [10.0584259, 47.586894], [10.0615969, 47.5801511], [10.0520234, 47.5791831], [10.0361582, 47.5733209], [10.0341731, 47.575682], [10.0304914, 47.5756015], [10.0257713, 47.5810857], [10.0263451, 47.5834211], [10.0224681, 47.5829809], [10.0176007, 47.5791591], [10.0169146, 47.572968], [10.0122884, 47.5717984], [10.008512, 47.5743649], [10.0012063, 47.5649988], [9.9949578, 47.5680026], [9.9865633, 47.5678963], [9.9869551, 47.5660064], [9.9750299, 47.5596842], [9.9640558, 47.565851], [9.9628176, 47.5635852], [9.9585842, 47.5642037], [9.9594455, 47.5612512], [9.9638632, 47.5589709], [9.9659468, 47.5519392], [9.9696237, 47.5495994], [9.9631795, 47.54229], [9.9588294, 47.5431278], [9.9605406, 47.5414685], [9.9595027, 47.538259], [9.9635034, 47.5346595], [9.9410791, 47.5382227], [9.9335226, 47.5326499], [9.9177314, 47.5301282], [9.9132717, 47.532811], [9.9066603, 47.5421716], [9.8993513, 47.54475], [9.8891039, 47.5439867], [9.8813164, 47.5481489], [9.8751486, 47.543427], [9.8777778, 47.5417796], [9.8780368, 47.5387569], [9.8739022, 47.533643], [9.8757039, 47.5318758], [9.8745052, 47.5285372], [9.8685394, 47.5320157], [9.8583884, 47.5338767], [9.8503241, 47.5416192], [9.8405896, 47.541952], [9.8299455, 47.5443349], [9.8281952, 47.5466211], [9.815755, 47.5476954], [9.8168558, 47.5530333], [9.8259626, 47.5604206], [9.8207906, 47.5707624], [9.8258078, 47.5737916], [9.8273748, 47.5786381], [9.8245677, 47.5809429], [9.8238141, 47.5871045], [9.81414, 47.5880685], [9.802334, 47.5959391], [9.7915271, 47.5935189], [9.7770456, 47.5954485], [9.7693306, 47.5873852], [9.7655314, 47.5891166], [9.7659195, 47.5853502], [9.763245, 47.5863882], [9.7606797, 47.5835084], [9.7619689, 47.5809636], [9.7564217, 47.5797592], [9.7560675, 47.5723648], [9.7480649, 47.5705239], [9.7520662, 47.5674668], [9.7433711, 47.5586655], [9.7471037, 47.5556923], [9.7416436, 47.5549858], [9.7351711, 47.5466141], [9.7368438, 47.5358733], [9.7352249, 47.5340669], [9.725635, 47.5328212], [9.550566, 47.5371757], [9.60400294560113, 47.585259958889246], [9.5942505, 47.5883914], [9.571736548701528, 47.58419440701616], [9.5602738, 47.5845848], [9.551528412850796, 47.58921282973515], [9.53001487193031, 47.60466777565914], [9.5279644, 47.6153544], [9.5239877, 47.6155051], [9.5181296, 47.620877], [9.5156258, 47.6285429], [9.51814060185722, 47.63259172925524], [9.5067076, 47.6410946], [9.5021462, 47.6470236], [9.483232478658438, 47.65216884781707], [9.479185959483859, 47.649077245107954], [9.4716059, 47.6513106], [9.462768638961178, 47.64836756744205], [9.45463597992397, 47.65483736016337], [9.434178108082685, 47.65719378989586], [9.4219381407421, 47.66584486460672], [9.39327288318903, 47.66872305295585], [9.386004702641335, 47.67325746673905], [9.3870588478978, 47.67640746885745], [9.39394265501627, 47.68050600513529], [9.395030392066522, 47.68558886667764], [9.407888161637832, 47.68195349422481], [9.414309150399403, 47.68445198097161], [9.42071892561772, 47.68288199647855], [9.425630471861373, 47.68462768952783], [9.427549180257618, 47.69250270073323], [9.446435972756168, 47.69364172594257], [9.452906427822832, 47.70149460233448], [9.454064867417342, 47.70558215148136], [9.444564010447005, 47.71211025949429], [9.437273763124862, 47.7084834426587], [9.435352476691794, 47.71234170399549], [9.43994764095927, 47.71380044780564], [9.441662330762474, 47.72019898834296], [9.446274979378739, 47.72325714365391], [9.450347894447649, 47.72258173782595], [9.462780549630947, 47.72793486679079], [9.440479260681913, 47.73996133103276], [9.448745226265324, 47.74323292361313], [9.448603231323538, 47.74950480040318], [9.4521624, 47.7580335], [9.4436882, 47.7621236], [9.4428002, 47.7664795], [9.439753, 47.769659], [9.4405067, 47.7721851], [9.433039073198684, 47.77407655219707], [9.4366548, 47.7820503], [9.4450868, 47.7866505], [9.4513323, 47.7874782], [9.457111, 47.7915275], [9.459842063430541, 47.79902042979281], [9.457274586770566, 47.80076491131796], [9.460716079738752, 47.80211608184266], [9.459876342546387, 47.80983209207178], [9.4515601, 47.8127428], [9.4498774, 47.8107107], [9.4468097, 47.8121647], [9.4357665, 47.8106952], [9.4403789, 47.8127273], [9.4368391, 47.8170339], [9.441905536202482, 47.82275006666139], [9.438369, 47.8252462], [9.431521134064216, 47.82366411112031], [9.4232131, 47.8182792], [9.410156, 47.8216118], [9.411189892935846, 47.82787883011217], [9.409617327888833, 47.83024942605158], [9.404707461254475, 47.83093802535564], [9.4022302, 47.8377258], [9.40235437907601, 47.84686760712045], [9.3957758, 47.8529044], [9.3986545, 47.8540751], [9.401584922947213, 47.86083584252332], [9.3975061, 47.8608254], [9.396887423665905, 47.86313625731262], [9.390487967251243, 47.86060330192226], [9.3833487, 47.8642457], [9.3759667, 47.8794564], [9.37855098233728, 47.88286075899932], [9.373590409267909, 47.88324823588992], [9.37482925875804, 47.88579254089645], [9.366842635310425, 47.89031823674787], [9.365981522475417, 47.8953572882835], [9.358166724233687, 47.89681737640416], [9.353891782955264, 47.90005577942717], [9.3443813743052, 47.89918587006702], [9.350916755030237, 47.89286498004468], [9.351198754032266, 47.889408590097084], [9.350863526678715, 47.885521319229156], [9.344555360297024, 47.88497217204897], [9.34494601414878, 47.88880785473376], [9.34256418705922, 47.89192374966591], [9.330939595618908, 47.89263265463452], [9.326242182095484, 47.89785666589099], [9.32045127905769, 47.90053357690127], [9.31679438122366, 47.91015336732065], [9.30192348422721, 47.91314796432194], [9.298582310760214, 47.91808056567465], [9.302835182228485, 47.92115435733815], [9.290330805396342, 47.927586870644085], [9.304515713499645, 47.93447658178485], [9.30372091840181, 47.9365528714069], [9.298414804083205, 47.94226352428877], [9.291768719181226, 47.94228137760562], [9.287920067711507, 47.93888740446128], [9.279704102294705, 47.94434293695738], [9.290831924019242, 47.9472366953573], [9.293188671959506, 47.9516255005063], [9.292091942512267, 47.96497307439054], [9.287996552083603, 47.96555433877871], [9.296364919804162, 47.98134591189774], [9.28216526846551, 47.9822669096569], [9.281650076098042, 47.978882998706], [9.277772700563299, 47.97589130643126], [9.26219006373594, 47.9751537326597], [9.255112185635623, 47.97757912295925], [9.249205896114619, 47.98630925345137], [9.24483137062435, 47.98838120726758], [9.243612201767002, 47.98324494610112], [9.23889391974004, 47.98171485519301], [9.240498331146929, 47.97767331803087], [9.227133450773549, 47.98625734880206], [9.228619694461369, 47.98226978524344], [9.225279244393052, 47.9795564919766], [9.228102517266747, 47.97709871538544], [9.226257732257107, 47.97504833027205], [9.210084565015995, 47.9792797351948], [9.193987821572273, 47.97940298308183], [9.190151207453571, 47.98248996842499], [9.183053772010274, 47.998410563436785], [9.186106745477884, 48.00511889688248], [9.181025020134635, 48.007010818548466], [9.184422392597554, 48.00915574029517], [9.18065448797376, 48.01367310814136], [9.18330962488302, 48.01749235673759], [9.174892981644877, 48.02906001461179], [9.18045500499373, 48.03194385009918], [9.166622241125202, 48.03372431069597], [9.144772412583126, 48.02711938457031], [9.139052467622585, 48.0223973829509], [9.133987601883431, 48.02160920934795], [9.124359750297353, 48.0317735452453], [9.11136528635776, 48.03968585967916], [9.115087141155653, 48.0480532377317], [9.112757223485897, 48.05222174617411], [9.121517716396795, 48.05994581083365], [9.126068145379453, 48.07071862622607], [9.134216800531334, 48.078644264243], [9.133011191183698, 48.08153408754457], [9.135639634660551, 48.0885359292818], [9.117786116377909, 48.10107748468341], [9.101637890671734, 48.101356762208], [9.094376626910163, 48.09919253788075], [9.089790870627798, 48.09166621316108], [9.072859585708212, 48.09179438538102], [9.071937357293518, 48.08673739480458], [9.068293015870701, 48.0866158083429], [9.068153428678237, 48.09127020545857], [9.070237116004378, 48.09313278536094], [9.069217688902484, 48.09498724887712], [9.072985729378921, 48.09654667742416], [9.071860159626759, 48.09834358534214], [9.063978534138839, 48.10083139697235], [9.053997316483793, 48.100949381387], [9.041634599123826, 48.10726860562601], [9.027172510310862, 48.10989470136997], [9.021082614272089, 48.10028177212069], [9.012407586863667, 48.09952692214151], [9.00600012148705, 48.0934692829339], [8.980427884364916, 48.09494118541605], [8.977344359148894, 48.08560703342822], [8.989843722592529, 48.07353462012489], [8.997758143082901, 48.06978560484835], [8.996527182435027, 48.0653296322373], [8.993774681672132, 48.0651786283803], [8.988349512410723, 48.05783201970077], [8.972483387291526, 48.05537119905255], [8.95186213738511, 48.05601549010852], [8.949295620361465, 48.0538748454265], [8.944300676327657, 48.06143673477934], [8.931568398951322, 48.06030702835679], [8.935569101494762, 48.055841264751464], [8.934288476515471, 48.05305639725123], [8.937878141447815, 48.05312408513593], [8.934787373539244, 48.04932787713085], [8.938480876571923, 48.04485687858891], [8.941058257845649, 48.04342866762355], [8.951172678536532, 48.04417262211417], [8.949920027396141, 48.03506892024416], [8.952564414831345, 48.03002705802564], [8.960073835894304, 48.02797751190334], [8.958593280703077, 48.0309219380043], [8.960936226508762, 48.0359933089866], [8.970147029885498, 48.04065761198276], [8.973470269188601, 48.03926972160667], [8.978500495645452, 48.03254833752883], [9.003014274953783, 48.02668471040402], [9.009081374998086, 48.02198434356982], [9.009976548473793, 48.01712351178701], [9.01219085626976, 48.017134426244525], [9.01408544599189, 48.006096378031955], [9.005762100253165, 47.99944308288615], [9.004498624298705, 47.9952123769729], [8.987329124268083, 47.99702648338654], [8.97906800565278, 47.99416113516382], [8.977470003516263, 47.99012798404905], [8.973896891293784, 47.9890308331865], [8.97192643607805, 47.98363603839004], [8.966007768995553, 47.98745437269714], [8.945148150657229, 47.98874879678204], [8.934425909475262, 47.99414250272951], [8.930117832180182, 47.99147928589476], [8.908129850857891, 47.98861638821046], [8.905499549099922, 47.98242809730773], [8.90112571930198, 47.97838454119431], [8.87914107513229, 47.9740582257137], [8.868184549140592, 47.96240122730777], [8.869128799998709, 47.960355083372875], [8.859084820168853, 47.95654879546956], [8.86382523461889, 47.95079295972843], [8.859357195359134, 47.94845085547355], [8.841297978722263, 47.94781447769037], [8.836655216714558, 47.94385996574275], [8.823635715351587, 47.93913539145105], [8.823684419394347, 47.94447167072859], [8.819839622164656, 47.95413195033423], [8.814914677168614, 47.96028425871992], [8.815472895131029, 47.96520843582064], [8.8041892931701, 47.97080994499438], [8.791837898908794, 47.97523758100651], [8.784541234958322, 47.97361857771785], [8.773816374772084, 47.97651411854962], [8.771896869005129, 47.97795013828059], [8.771708261688564, 47.9819979492985], [8.756433839506547, 47.98363202508064], [8.7507287918214, 47.98702616076084], [8.746188068573497, 47.98702157361651], [8.739390927281143, 47.99122563774585], [8.731346437165339, 47.99237545460144], [8.714564710226952, 47.99928869226827], [8.701876149855615, 48.00635248156576], [8.69837760823409, 48.00514483905935], [8.70031479484825, 47.99737694795343], [8.69283104309449, 47.99468168813478], [8.692565056631395, 47.99314961853093], [8.672822136692782, 48.00326182067592], [8.659103834857149, 47.99755463223736], [8.641213097790567, 48.00370457777808], [8.640605030429397, 48.00570596299185], [8.641589487792574, 48.00481399560002]], [[10.180978376389591, 48.438811284180815], [10.180978376389593, 48.438811284180815], [10.1810101, 48.4388498], [10.180978376389591, 48.438811284180815]], [[10.177469643631651, 48.470325668514555], [10.176919210143309, 48.47065230122268], [10.1772453, 48.4702403], [10.177469643631651, 48.470325668514555]], [[10.08767627268374, 48.2071427], [10.09893794373938, 48.211973403448276], [10.105029747823535, 48.209647509195406], [10.110626162566035, 48.211883945977014], [10.11675171251815, 48.211794488505745], [10.118706273190398, 48.21009479655173], [10.124457918925515, 48.21259960574713], [10.124077265534925, 48.21081045632184], [10.126112816290277, 48.21089991379311], [10.138932196610954, 48.21537278735632], [10.144210050359911, 48.2149255], [10.142549753656276, 48.21734085172414], [10.14541140325929, 48.215641159770115], [10.145208928051531, 48.223423959770116], [10.141834341255521, 48.22413961954023], [10.149406914025764, 48.22574985402299], [10.146774736324879, 48.22905978045977], [10.149244933859556, 48.229507067816094], [10.146329290867806, 48.23138567471265], [10.146234802437517, 48.2355007183908], [10.1536049, 48.24623561494253], [10.148043580960177, 48.24551995517241], [10.150135824773702, 48.248561509195405], [10.124405275371497, 48.24256785862069], [10.118297273270722, 48.23845281494253], [10.11892494641478, 48.236932037931034], [10.114353056223546, 48.235858548275864], [10.11314225448114, 48.23746878275862], [10.108099271973185, 48.23657420804598], [10.108848296172535, 48.23970441179783], [10.105087790716427, 48.23755824022989], [10.103778451039576, 48.2407787091954], [10.095701040084649, 48.239794677011496], [10.092346700809417, 48.24829313678161], [10.090072229308907, 48.24793530689655], [10.091042760471439, 48.24543049770115], [10.088433529960765, 48.24498321034483], [10.08900451004665, 48.23898955977012], [10.085756807714171, 48.23541126091954], [10.092889334366214, 48.23272753678161], [10.08838628574562, 48.23165404712644], [10.085567830853595, 48.2329959091954], [10.082625191167475, 48.23022272758621], [10.088874925913682, 48.222082097701154], [10.092724654530569, 48.22154535287356], [10.088283698307022, 48.219666745977015], [10.08960383666162, 48.21671464942529], [10.095028822394884, 48.21635681954023], [10.090648608733664, 48.21394146781609], [10.091511153118725, 48.21134720114943], [10.085542183993946, 48.2124206908046], [10.08767627268374, 48.2071427]], [[9.705221415934204, 49.417336680003], [9.7046377, 49.4175817], [9.70447028006413, 49.41740569600988], [9.705221415934204, 49.417336680003]], [[9.68704050342075, 49.40961194958258], [9.6864276, 49.4102482], [9.68632498705559, 49.41015152334163], [9.68704050342075, 49.40961194958258]], [[9.685935, 49.4105549], [9.685240400376523, 49.41128106469209], [9.686286525374591, 49.41018052744944], [9.685935, 49.4105549]], [[9.6833567, 49.4123784], [9.683361886662702, 49.41237245669006], [9.683402993713782, 49.41235947562115], [9.6833567, 49.4123784]], [[9.609466585191802, 47.58384536183277], [9.6102593, 47.5832649], [9.613502113115683, 47.57981897383344], [9.611558700530514, 47.58291439432967], [9.609466585191802, 47.58384536183277]], [[9.289706243904423, 49.32929491975975], [9.297839300832349, 49.32700292344381], [9.293287341626161, 49.328550092774], [9.289706243904423, 49.32929491975975]], [[8.7629344, 48.7806676], [8.762935797014212, 48.78071869967539], [8.76285867359543, 48.780657002283725], [8.7629344, 48.7806676]], [[8.761748044275663, 48.78113219950131], [8.7617706, 48.7813176], [8.761189827658074, 48.78173619125113], [8.761748044275663, 48.78113219950131]], [[8.760485419457936, 48.782402788760386], [8.760696100444338, 48.782202323628866], [8.7606753, 48.7824063], [8.760485419457936, 48.782402788760386]], [[8.7592589, 48.784648], [8.759155394483669, 48.78404561093654], [8.760012908595492, 48.7833262261496], [8.7592589, 48.784648]], [[8.758031634994506, 48.78585050132812], [8.758148848051652, 48.785696070464084], [8.758025075104209, 48.786150732605435], [8.758031634994506, 48.78585050132812]], [[8.7580933, 48.7870209], [8.758008467500542, 48.78691082489915], [8.758019727208206, 48.78639549365711], [8.7580933, 48.7870209]], [[8.756786186827073, 48.7912215951262], [8.7560101, 48.7915722], [8.75540360022063, 48.79171551237438], [8.756786186827073, 48.7912215951262]], [[8.756208165001784, 48.78944552728366], [8.7564093, 48.7893945], [8.756372791444313, 48.78992450820225], [8.756208165001784, 48.78944552728366]], [[8.756591977423083, 48.79067379083826], [8.7567311, 48.790808], [8.756745829381407, 48.790823478333], [8.756591977423083, 48.79067379083826]], [[8.754065874919302, 48.79294071685694], [8.752787006702372, 48.79368681912222], [8.753065652658558, 48.79326411503454], [8.754065874919302, 48.79294071685694]], [[8.752180324502172, 48.79410928967197], [8.7521696, 48.7941128], [8.752167674102871, 48.79411306023842], [8.752180324502172, 48.79410928967197]], [[8.7510836, 48.7946668], [8.75092861326105, 48.79498435339647], [8.751123563494886, 48.79453442340848], [8.7510836, 48.7946668]], [[8.749661602060058, 48.79554466431014], [8.749708682084021, 48.79552670907877], [8.749622447441585, 48.79559312435423], [8.749661602060058, 48.79554466431014]], [[8.74706804514858, 48.79688448815817], [8.7462706, 48.7972092], [8.745855917670479, 48.79733663000202], [8.74706804514858, 48.79688448815817]], [[8.7448914, 48.7984081], [8.745318670649665, 48.79774043773993], [8.745518498193226, 48.7975902425686], [8.7448914, 48.7984081]], [[8.6520787, 48.0010412], [8.653675638158573, 48.00075351935347], [8.651477797310845, 48.0013802574335], [8.6520787, 48.0010412]], [[8.6475736, 48.0024732], [8.647167440431797, 48.002609402299676], [8.64714, 48.0025179], [8.6475736, 48.0024732]], [[8.583145177481018, 48.076385746980684], [8.581888169959969, 48.075370667375076], [8.58333682656911, 48.0764214655518], [8.583145177481018, 48.076385746980684]], [[8.581925242207863, 48.075210410071406], [8.5824983, 48.0730242], [8.583142693753162, 48.07182470710498], [8.581925242207863, 48.075210410071406]], [[8.5788373, 48.0760349], [8.582062287061023, 48.07618392343502], [8.577635324991622, 48.076184269393636], [8.5788373, 48.0760349]], [[8.572086559019283, 48.07842138301561], [8.5744497, 48.0775797], [8.575126904076853, 48.07732396412675], [8.572086559019283, 48.07842138301561]], [[8.574093270704358, 48.092699181662084], [8.5743139, 48.09294], [8.5740333, 48.092737], [8.574093270704358, 48.092699181662084]], [[8.574247993130307, 48.08281788083889], [8.5740826, 48.0829083], [8.574111285463324, 48.08262258777471], [8.574247993130307, 48.08281788083889]], [[8.566263571228045, 48.09831885390445], [8.565957148043388, 48.098356599290376], [8.566355340291002, 48.09827371850764], [8.566263571228045, 48.09831885390445]], [[8.560888107810014, 48.10153912587944], [8.560446785536286, 48.10154004781962], [8.560534, 48.1015188], [8.560888107810014, 48.10153912587944]], [[8.551466757669958, 48.10666969069379], [8.550045, 48.1071427], [8.551566874176762, 48.106622715845425], [8.551466757669958, 48.10666969069379]], [[8.5452022, 48.1166687], [8.545467759362108, 48.11683630628907], [8.546293711606456, 48.11778185617604], [8.5452022, 48.1166687]], [[8.5357464, 48.1389708], [8.5356312362886, 48.1387218569447], [8.536238480795038, 48.139444118585146], [8.5357464, 48.1389708]], [[8.517064027461833, 48.16721258242226], [8.512101204676362, 48.16762652039799], [8.517152203068495, 48.16682323551706], [8.517064027461833, 48.16721258242226]], [[8.49033120238288, 48.17993596781499], [8.4893141, 48.1788613], [8.488896317944368, 48.17857116612507], [8.49033120238288, 48.17993596781499]], [[8.4872185, 48.1782159], [8.486828107414599, 48.17785261978113], [8.488848735519678, 48.17855463484027], [8.4872185, 48.1782159]], [[8.486500799621869, 48.17781533919213], [8.4863454, 48.1778267], [8.486297107970298, 48.17779213856901], [8.486500799621869, 48.17781533919213]], [[8.457001470084622, 48.18139703908011], [8.459912177824748, 48.18054111880286], [8.46005572580152, 48.18127310663863], [8.457001470084622, 48.18139703908011]], [[8.4527741, 48.1776169], [8.45344160499951, 48.17841219945285], [8.452404809421726, 48.17795200188578], [8.4527741, 48.1776169]], [[8.4446869, 48.1628748], [8.445051957713861, 48.16268609885081], [8.445203137677153, 48.162686834797675], [8.4446869, 48.1628748]], [[8.44278307008455, 48.156293017508006], [8.442108091931875, 48.15645287727639], [8.442679, 48.1562273], [8.44278307008455, 48.156293017508006]], [[8.438733393149533, 48.16505216321595], [8.440132495662173, 48.16466706487179], [8.43874761608476, 48.16507695644756], [8.438733393149533, 48.16505216321595]], [[8.421556080263189, 48.16820942313973], [8.4217224, 48.168129], [8.421822054638596, 48.16810550706474], [8.421556080263189, 48.16820942313973]]], [[[9.6715717, 49.4068716], [9.671555855094907, 49.40688529300873], [9.671652425421208, 49.406909610748144], [9.6715717, 49.4068716]]], [[[8.537426322173456, 48.13609765094236], [8.537125490270697, 48.13645263067329], [8.54120156344946, 48.135848707365014], [8.537426322173456, 48.13609765094236]]], [[[8.481829034653451, 48.17975253733172], [8.48142441371643, 48.17971586674794], [8.482223945373685, 48.18000386401291], [8.481829034653451, 48.17975253733172]]], [[[8.478064996816897, 48.17662348550835], [8.477783793702267, 48.17656471315321], [8.477786221156578, 48.17661942857491], [8.478064996816897, 48.17662348550835]]]]}}, {"type": "Feature", "properties": {"name": "Bayern", "verband": "Bayern"}, "geometry": {"type": "MultiPolygon", "coordinates": [[[[10.4544285, 47.5557972], [10.4387193, 47.5235235], [10.4421462, 47.5187888], [10.4405295, 47.5134758], [10.4313005, 47.5037634], [10.4425962, 47.4846349], [10.4514759, 47.4857708], [10.4575352, 47.4825757], [10.4637456, 47.4827517], [10.463669, 47.4803814], [10.4679703, 47.4771102], [10.4666347, 47.4735368], [10.4700062, 47.4687901], [10.4654744, 47.463922], [10.4682525, 47.4587845], [10.465885, 47.4529567], [10.4703203, 47.4484448], [10.4702657, 47.4447527], [10.4731483, 47.443083], [10.4720201, 47.4407601], [10.4759984, 47.4327871], [10.459196, 47.4281326], [10.4561053, 47.4235009], [10.4561912, 47.4192027], [10.4465115, 47.4147127], [10.4385427, 47.4135419], [10.4361768, 47.4110322], [10.4375066, 47.4068416], [10.4313376, 47.402776], [10.4343274, 47.3999861], [10.4305062, 47.3965226], [10.4292146, 47.3912178], [10.4367645, 47.3803634], [10.4308972, 47.3839449], [10.4197079, 47.3846405], [10.4134065, 47.3785872], [10.39473, 47.3756053], [10.3887561, 47.369628], [10.3892207, 47.367242], [10.385676, 47.361788], [10.3872515, 47.3597863], [10.3864718, 47.356586], [10.3775106, 47.3525125], [10.3709132, 47.3453291], [10.3569007, 47.3370375], [10.356681, 47.333405], [10.3458103, 47.3219703], [10.3453823, 47.3198737], [10.3487496, 47.3173721], [10.3462858, 47.3151124], [10.3406749, 47.3142467], [10.339365, 47.3105352], [10.3303332, 47.3048155], [10.3244171, 47.3038596], [10.3237706, 47.3056266], [10.3165844, 47.306745], [10.3014491, 47.2986903], [10.2956547, 47.2999039], [10.2923263, 47.2944743], [10.2816336, 47.2877139], [10.2658093, 47.2881085], [10.2661376, 47.2851867], [10.2614906, 47.2842535], [10.2595321, 47.2814206], [10.248534, 47.2791036], [10.2455919, 47.2803756], [10.2382432, 47.2719253], [10.2323482, 47.2705791], [10.222434, 47.2758352], [10.2076222, 47.2753027], [10.2012302, 47.2768989], [10.1950152, 47.2731244], [10.1740416, 47.2702482], [10.1725126, 47.2741231], [10.1751976, 47.275766], [10.172077, 47.2790762], [10.1759291, 47.2820496], [10.1748634, 47.2892287], [10.1796106, 47.2960256], [10.1896365, 47.2939449], [10.1991314, 47.2975423], [10.2107426, 47.3062943], [10.2117154, 47.3107073], [10.2159718, 47.311064], [10.2111311, 47.3189838], [10.1995092, 47.3264601], [10.2074173, 47.3323161], [10.2075853, 47.3349624], [10.2042369, 47.3367531], [10.2171047, 47.3498849], [10.2169885, 47.3543552], [10.2246177, 47.3588232], [10.2306984, 47.3680874], [10.2371623, 47.3735651], [10.2316784, 47.3789694], [10.2362396, 47.3818426], [10.2298113, 47.3879279], [10.227051, 47.388895], [10.2190296, 47.3827039], [10.2125912, 47.3803897], [10.208345, 47.3829448], [10.1998763, 47.3833352], [10.1950843, 47.3893456], [10.181849, 47.3924258], [10.1827194, 47.3880674], [10.1813043, 47.3872516], [10.1765361, 47.3852653], [10.1693975, 47.3858299], [10.1695804, 47.3712997], [10.1658749, 47.3688749], [10.1416871, 47.36718], [10.1193354, 47.375613], [10.099812, 47.3547862], [10.0828437, 47.3938062], [10.0862396, 47.3995221], [10.0816502, 47.4014019], [10.0797526, 47.4042951], [10.0729817, 47.4060999], [10.0691405, 47.410176], [10.07418, 47.4147226], [10.0854595, 47.4145086], [10.0937374, 47.4168811], [10.0956756, 47.4178841], [10.0958577, 47.4221837], [10.1055856, 47.4287167], [10.0938486, 47.4404644], [10.0930824, 47.4475295], [10.0949969, 47.4498377], [10.0915769, 47.4590074], [10.0895487, 47.460386], [10.0847912, 47.4590678], [10.0805676, 47.4553604], [10.0699906, 47.4559503], [10.0683862, 47.4608778], [10.064681, 47.4636357], [10.0534684, 47.4668571], [10.0516746, 47.4709949], [10.0541256, 47.4758854], [10.0452827, 47.4848597], [10.0471605, 47.4862565], [10.0447745, 47.4876222], [10.0374328, 47.4891775], [10.023014, 47.4841071], [10.0163421, 47.4848333], [10.0102023, 47.4818014], [10.0007641, 47.4821056], [9.995062, 47.486256], [9.9873585, 47.4984652], [9.9956949, 47.5027787], [9.9895824, 47.5057422], [9.9845689, 47.5109708], [9.9812178, 47.5104642], [9.9781124, 47.513516], [9.9716781, 47.5155027], [9.9650197, 47.5214724], [9.9683952, 47.5280172], [9.9672379, 47.5303459], [9.9652665, 47.5301229], [9.9648355, 47.538031], [9.9669737, 47.5384414], [9.9671261, 47.5413182], [9.9712486, 47.5443004], [9.9680512, 47.5463081], [9.9696237, 47.5495994], [9.9659468, 47.5519392], [9.9638632, 47.5589709], [9.9594455, 47.5612512], [9.9585842, 47.5642037], [9.9628176, 47.5635852], [9.9640558, 47.565851], [9.9750299, 47.5596842], [9.9869551, 47.5660064], [9.9865633, 47.5678963], [9.9949578, 47.5680026], [10.0012063, 47.5649988], [10.008512, 47.5743649], [10.0122884, 47.5717984], [10.0169146, 47.572968], [10.0176007, 47.5791591], [10.0224681, 47.5829809], [10.0263451, 47.5834211], [10.0257713, 47.5810857], [10.0304914, 47.5756015], [10.0341731, 47.575682], [10.0361582, 47.5733209], [10.0520234, 47.5791831], [10.0615969, 47.5801511], [10.0584259, 47.586894], [10.0624587, 47.5947992], [10.0599992, 47.5983657], [10.0689797, 47.6035675], [10.0601943, 47.6079203], [10.061241, 47.6100667], [10.0675143, 47.6104086], [10.0675269, 47.6175075], [10.0708564, 47.6165406], [10.0757258, 47.6181545], [10.0745345, 47.6200091], [10.0758276, 47.621854], [10.0727042, 47.6244046], [10.0764302, 47.6276064], [10.0725647, 47.6305678], [10.0751152, 47.6320977], [10.0732201, 47.6338284], [10.0784276, 47.6402963], [10.0760178, 47.6419389], [10.0819942, 47.6473381], [10.0794275, 47.6473119], [10.0806008, 47.649155], [10.0831847, 47.6497601], [10.0818904, 47.6514392], [10.0830517, 47.6539915], [10.0814565, 47.6547461], [10.0838175, 47.6547671], [10.0900015, 47.6600504], [10.0888321, 47.6630152], [10.0930853, 47.6627908], [10.0945702, 47.6652394], [10.0938103, 47.6697518], [10.0900335, 47.6734443], [10.100588, 47.667504], [10.1137666, 47.6662631], [10.1134557, 47.6695788], [10.1295833, 47.6760384], [10.1301176, 47.6817178], [10.1327786, 47.6852817], [10.1282524, 47.6907122], [10.1397604, 47.6994589], [10.139564, 47.703591], [10.1241226, 47.7108829], [10.115581, 47.7190051], [10.1156282, 47.7253456], [10.1187059, 47.7338771], [10.1135627, 47.7380369], [10.1128174, 47.7413136], [10.118432, 47.7504469], [10.1149083, 47.7551507], [10.1154962, 47.7581646], [10.1190293, 47.7594604], [10.0827188, 47.7710505], [10.0848861, 47.7766958], [10.0796734, 47.7812488], [10.0771348, 47.7801218], [10.0675145, 47.7823012], [10.0667932, 47.783625], [10.0689514, 47.7846149], [10.0651974, 47.7849488], [10.0685912, 47.7863139], [10.0663852, 47.7870399], [10.0681895, 47.7880572], [10.0750241, 47.7904418], [10.0738719, 47.7922087], [10.089517, 47.7981367], [10.0921139, 47.8014115], [10.0915011, 47.8044991], [10.0935883, 47.8021441], [10.0961944, 47.8045402], [10.1022399, 47.8005112], [10.1104102, 47.8020539], [10.1167415, 47.8007531], [10.1198027, 47.8035981], [10.1160677, 47.8032444], [10.1144152, 47.8062812], [10.1107074, 47.8065383], [10.1196915, 47.8126053], [10.1280924, 47.8134255], [10.1321699, 47.8110961], [10.1318763, 47.8096918], [10.1379981, 47.8096648], [10.1320582, 47.8155039], [10.1332627, 47.8156604], [10.13146973, 47.82250213999999], [10.12560844, 47.82289886], [10.12433815, 47.82674789], [10.11857040262367, 47.82911940394312], [10.1103805, 47.8399828], [10.10277081, 47.84237289], [10.11007214, 47.84697342], [10.1070622, 47.8532486], [10.1036377, 47.85182953], [10.09905118826432, 47.84532368574472], [10.0971061, 47.8483728], [10.094079959229783, 47.84385496009532], [10.092482151814442, 47.84439326422649], [10.09571216841335, 47.84803343424877], [10.095503947962406, 47.85129587423624], [10.10040970624669, 47.85231460008888], [10.096962992170994, 47.8538481988762], [10.097800840649851, 47.85494361805901], [10.10167242632119, 47.85364242319433], [10.102793968349756, 47.855904608567535], [10.10585143353921, 47.85614844085626], [10.103828310502347, 47.859988463159], [10.1053461, 47.8644016], [10.10207272, 47.86551285], [10.08307594227798, 47.855803603120734], [10.0801742, 47.8605618], [10.08205588173372, 47.86092799232877], [10.0790718783649, 47.86401788049946], [10.08031464, 47.86546707], [10.07729923859953, 47.86754871480112], [10.082362671373266, 47.86971906494927], [10.09142769197384, 47.86706009152056], [10.09844739201744, 47.87264103627381], [10.09803521225688, 47.87656440468353], [10.10730637274802, 47.87834715299666], [10.1064772, 47.8831165], [10.0955965, 47.8848902], [10.10208547426856, 47.88755207619619], [10.1039390751322, 47.89107216784905], [10.101731897853627, 47.905641231097626], [10.10494041, 47.90612411], [10.10434085998613, 47.909002006407], [10.11079923336965, 47.91101063980425], [10.108816596832312, 47.91475853803629], [10.1125146, 47.9165273], [10.10527247415891, 47.92318352884499], [10.1112579, 47.9349321], [10.1073216, 47.9395446], [10.0983549, 47.9422293], [10.0902139, 47.9473557], [10.0858906, 47.9533883], [10.0848569, 47.9603984], [10.0872657, 47.9677353], [10.0922279, 47.9718498], [10.11570370910812, 47.97550980614351], [10.115008116946907, 47.98851646460137], [10.12219021752909, 47.99641349419055], [10.119595634538689, 48.00340202902293], [10.12414837, 48.00650024], [10.12554369889193, 48.01052582793205], [10.1349158, 48.0173579], [10.134237, 48.0210216], [10.1361204, 48.0230551], [10.130232833159157, 48.029014174994295], [10.128284076026135, 48.03383616202632], [10.13397408, 48.03800200999999], [10.136594879191213, 48.04419156636226], [10.1411855, 48.0465417], [10.14126682, 48.05074691999999], [10.139384466854207, 48.052418583271425], [10.1427062, 48.0548833], [10.1439544, 48.0590309], [10.1409387, 48.0656655], [10.1440294, 48.0743718], [10.135727564172761, 48.07682244117132], [10.1354401391976, 48.08241455119783], [10.1398164, 48.0889941], [10.137650563662055, 48.0944845134246], [10.1408203, 48.0953966], [10.14132354216389, 48.09948244698036], [10.137387177363834, 48.10607083705372], [10.146972341072843, 48.11317283083034], [10.15071278697965, 48.11386558491217], [10.15272200380418, 48.11682608658306], [10.1800133919631, 48.12415958134561], [10.19327752516952, 48.12351778404528], [10.193725978329038, 48.12759665764984], [10.198015445272599, 48.132766009790245], [10.20844058710878, 48.1370252935163], [10.21586791406077, 48.14433364054865], [10.209997394786614, 48.147182702838535], [10.21102293728972, 48.14909299840417], [10.206407828549509, 48.152650023650814], [10.209741, 48.1546894], [10.209274711869721, 48.1608680206991], [10.21118900260695, 48.16366601426375], [10.2240139, 48.1625563], [10.23173380669217, 48.16808918964237], [10.24409710485278, 48.16694992755604], [10.2607861, 48.162285], [10.27382913723792, 48.16168264987504], [10.27756573377954, 48.16470803303953], [10.2832276, 48.1645057], [10.28225482577945, 48.16707235147005], [10.28678, 48.1673992], [10.288080583123792, 48.170321674409365], [10.2941991, 48.1721525], [10.2959156609948, 48.18438026326616], [10.308018, 48.1839646], [10.3125596, 48.1898044], [10.31028411772992, 48.19276868196236], [10.314689024136252, 48.19791421217457], [10.32034543676056, 48.19554376296368], [10.3250552, 48.1965808], [10.324500204062092, 48.19834689462331], [10.327874, 48.20205], [10.32407872979683, 48.20570849230816], [10.32777461856844, 48.20711553248515], [10.33186768891186, 48.2057587308967], [10.3378012611016, 48.20859344688451], [10.33662210549698, 48.20974628806643], [10.33838367023508, 48.21150577309761], [10.33626834670155, 48.21380829777612], [10.32901604257109, 48.2153734861448], [10.325309212910703, 48.218766373071546], [10.3271192, 48.2191731], [10.317338187767307, 48.22248120642043], [10.3117027, 48.2300399], [10.3072262, 48.2294269], [10.3003402, 48.225739], [10.3025615, 48.2239496], [10.2957362, 48.2216448], [10.2927264, 48.2238837], [10.2908602511632, 48.22227528821994], [10.285179, 48.224769], [10.28300272346412, 48.22333193631587], [10.2777435, 48.2287683], [10.271783505783983, 48.22960735873538], [10.27527378743751, 48.2357564909093], [10.273458101518772, 48.239832053634544], [10.2790307191963, 48.23986803016977], [10.2851117, 48.2435373], [10.282181254841447, 48.25488819502216], [10.2881966, 48.258803], [10.28498859168838, 48.26365737960362], [10.285767283368465, 48.26495863316402], [10.3117266, 48.2631228], [10.3152404, 48.2706536], [10.30472344463625, 48.26941777869457], [10.30231727100781, 48.27401475540011], [10.29618141096977, 48.27663199078824], [10.29771452368765, 48.28014722853207], [10.286644077203633, 48.28579085315278], [10.28626340401248, 48.28712518138381], [10.29457043340832, 48.28909101329407], [10.30005284049085, 48.30113695214035], [10.278282447771454, 48.30422568260784], [10.2768993904338, 48.31661974929403], [10.266441150279325, 48.31314845989515], [10.265913757922034, 48.318795658930924], [10.2744713, 48.3200683], [10.271709105337655, 48.323588058671135], [10.27452021352708, 48.32627225481061], [10.27284746958979, 48.33706839252804], [10.2672066, 48.3396239], [10.257554467068852, 48.338646337857746], [10.2633571, 48.3444841], [10.262305257625227, 48.34852677988304], [10.27088800741625, 48.34787254046596], [10.27273482603927, 48.34966475523117], [10.27162852346745, 48.35372524725189], [10.2770278, 48.3587793], [10.2752264, 48.3612511], [10.25746989303034, 48.35637983704888], [10.25501417904941, 48.35017150776174], [10.24272980915696, 48.34327466898421], [10.2374058959892, 48.3454620098817], [10.2286753954063, 48.35744108702102], [10.22153622222753, 48.35961179653764], [10.2184948, 48.3642627], [10.209778214927065, 48.36327423324298], [10.20672876849234, 48.36586733708997], [10.220195904784608, 48.36804195009416], [10.22568031237567, 48.3666994710542], [10.2283219, 48.3689867], [10.22641600930121, 48.37089325600804], [10.2286475, 48.3720617], [10.22855357886982, 48.37411954599055], [10.2385416408244, 48.38022493290158], [10.23397597450051, 48.38476396692889], [10.235473, 48.3864099], [10.229992291871215, 48.38884115795123], [10.23646073201903, 48.39273787496455], [10.24296401965759, 48.39142818817935], [10.24609461880593, 48.39355755678778], [10.241317026429833, 48.39783108020351], [10.2425667, 48.399223], [10.2325791, 48.3988372], [10.233452085324373, 48.40134392945159], [10.2419983, 48.4054526], [10.2425955, 48.4081303], [10.23960617154863, 48.40912705622539], [10.2395052, 48.4131746], [10.2368871, 48.4138691], [10.233585073155776, 48.409864075093786], [10.2281643, 48.4091572], [10.2226112, 48.4135937], [10.20266601597674, 48.40527507071055], [10.20213620153022, 48.40827071232925], [10.2100106, 48.4110989], [10.2091851, 48.415141], [10.20510503199883, 48.41923890603548], [10.20881834108668, 48.42748342183246], [10.2048439, 48.4307131], [10.19743158171442, 48.43049129467883], [10.2003214, 48.4316765], [10.1995638, 48.4344245], [10.190030872887545, 48.43426389791754], [10.1840333, 48.4396388], [10.181204188820848, 48.43919582883538], [10.18120487193403, 48.4458679939025], [10.16929511731234, 48.44675569370961], [10.16663074780828, 48.44438701647659], [10.142150476862943, 48.44460796318635], [10.14119551916599, 48.4478162414849], [10.1424704, 48.4484167], [10.136446943591151, 48.45216156502717], [10.13613490174577, 48.4544143471212], [10.165812138713084, 48.45970557101322], [10.17184639, 48.45778656], [10.17425173356256, 48.46252353450284], [10.1783126399066, 48.46372072059456], [10.176731711126584, 48.469704042508106], [10.18446324752065, 48.46617559438901], [10.182245178782718, 48.46911996978144], [10.18678700340475, 48.47063163267283], [10.1844759, 48.4729136], [10.180263798919796, 48.471379734044746], [10.177921956201544, 48.47110790835484], [10.177460302901679, 48.47153865379108], [10.18332757852687, 48.47413415870543], [10.18225317154986, 48.47511249697299], [10.21891339934282, 48.48765452494819], [10.23689855022032, 48.48849434604973], [10.24154156327241, 48.49145394743485], [10.237519817260868, 48.500167205258364], [10.2426052, 48.500027], [10.2409674, 48.5060336], [10.22818570796441, 48.50607071493886], [10.22788786318107, 48.50735684006516], [10.2383066, 48.5076585], [10.232954592639842, 48.51115855092218], [10.2344371, 48.5120017], [10.2477157, 48.5099442], [10.2498828, 48.5115248], [10.2498312, 48.51622009], [10.2542915762912, 48.51521121763377], [10.25547695, 48.51586533], [10.253983203561798, 48.51826662266908], [10.2575323, 48.5194123], [10.263907935014258, 48.519659959160165], [10.26624298, 48.51734543000001], [10.270794423569816, 48.51792570443318], [10.274868685823545, 48.51549432855141], [10.2855878, 48.5178152], [10.2868361, 48.516015], [10.2963232, 48.5168773], [10.3120672, 48.522946], [10.3091675, 48.5263713], [10.3145315, 48.5264909], [10.3122288, 48.5301061], [10.303228, 48.5299236], [10.3016091, 48.5371722], [10.3039011, 48.5382753], [10.3017033, 48.5413017], [10.3023629, 48.5475928], [10.3052186, 48.5507951], [10.3100557, 48.5511222], [10.3160545, 48.5557236], [10.3129852, 48.5559348], [10.3130654, 48.5666106], [10.3091194, 48.5759787], [10.3107077, 48.5768925], [10.3062233, 48.5841194], [10.2930904, 48.5897095], [10.2956576, 48.594319], [10.295371, 48.6004183], [10.2981419, 48.5997471], [10.2970918, 48.6039273], [10.3018029, 48.6050835], [10.3090336, 48.6011042], [10.3085274, 48.6048677], [10.31989, 48.6039954], [10.3188281, 48.6074747], [10.3230487, 48.60903], [10.2977568, 48.6241998], [10.299725, 48.6250115], [10.2970086, 48.6259868], [10.295132, 48.6336197], [10.2833053, 48.6368554], [10.2850707, 48.6383823], [10.2792077, 48.6424089], [10.2802666, 48.6467627], [10.2746393, 48.6454475], [10.2733033, 48.6480567], [10.2750056, 48.6483133], [10.2726423, 48.6491341], [10.2719139, 48.646891], [10.2682707, 48.6466171], [10.2700569, 48.6520576], [10.2633019, 48.653535], [10.2625326, 48.6567034], [10.2594512, 48.6564903], [10.2667961, 48.6576965], [10.2660557, 48.659441], [10.2543358, 48.6645242], [10.2571818, 48.6688808], [10.264801, 48.6720092], [10.2551812, 48.6774134], [10.2561155, 48.680508], [10.2677674, 48.6798857], [10.2642161, 48.6824475], [10.2727292, 48.6856159], [10.2686499, 48.6977653], [10.2687047, 48.7035845], [10.2823388, 48.7009142], [10.2914293, 48.6946621], [10.2925303, 48.6914453], [10.3020818, 48.6906314], [10.3048436, 48.6882156], [10.3015396, 48.6877933], [10.3031912, 48.6862595], [10.3067466, 48.6871023], [10.316392, 48.6823878], [10.3186375, 48.6845154], [10.3172869, 48.6886038], [10.3210015, 48.687345], [10.3235372, 48.688231], [10.3233928, 48.6899256], [10.3283301, 48.6908653], [10.3375853, 48.6888007], [10.3370797, 48.6862343], [10.3471655, 48.6793524], [10.3478225, 48.6764353], [10.3458951, 48.67416], [10.34838, 48.6733279], [10.3520231, 48.6657132], [10.347296, 48.6656371], [10.3491567, 48.6634039], [10.3480381, 48.6597501], [10.3528209, 48.6581376], [10.3510897, 48.654661], [10.3608348, 48.652956], [10.3618266, 48.6553302], [10.3656496, 48.6566705], [10.3683001, 48.6638098], [10.3735263, 48.6629801], [10.3787075, 48.6665408], [10.382519, 48.6653933], [10.3892678, 48.6671784], [10.3889683, 48.672416], [10.3868712, 48.6740558], [10.3907814, 48.6747163], [10.3899506, 48.6775421], [10.3928966, 48.6779826], [10.3919408, 48.6871003], [10.3934481, 48.6891907], [10.3992013, 48.6901505], [10.4006491, 48.6924523], [10.4034269, 48.6915699], [10.4011068, 48.6928081], [10.4038863, 48.6945063], [10.4076903, 48.694626], [10.4051764, 48.6965387], [10.4061941, 48.6983701], [10.4114208, 48.6976334], [10.4133212, 48.699143], [10.4208901, 48.6941723], [10.4316472, 48.6995367], [10.4394399, 48.6935191], [10.4384896, 48.6910276], [10.433974, 48.6907293], [10.4346399, 48.6875951], [10.4298909, 48.6861081], [10.4268345, 48.6869813], [10.4265322, 48.6915479], [10.4228188, 48.6905524], [10.4226974, 48.6842594], [10.4188266, 48.6825933], [10.424729, 48.6794283], [10.4228916, 48.6794424], [10.4228997, 48.6745135], [10.4253835, 48.6751976], [10.4259144, 48.673145], [10.4205348, 48.6699614], [10.4178093, 48.6725701], [10.4145131, 48.6708339], [10.4149833, 48.6692275], [10.4085712, 48.6678048], [10.4075347, 48.6644607], [10.4092731, 48.6647604], [10.4104722, 48.6610811], [10.4165075, 48.6626798], [10.4164274, 48.6639771], [10.4231675, 48.6626018], [10.4281652, 48.6641982], [10.4290484, 48.6619609], [10.4326608, 48.6614112], [10.4333478, 48.6643503], [10.4414359, 48.6647778], [10.4418515, 48.6665221], [10.4489009, 48.6654549], [10.4540004, 48.6678834], [10.4539929, 48.6705938], [10.4651334, 48.6707659], [10.4813019, 48.6815682], [10.4817425, 48.6865044], [10.4890975, 48.6857354], [10.4909149, 48.6872708], [10.4924627, 48.6859721], [10.4955694, 48.6881454], [10.4854198, 48.6916032], [10.4872747, 48.6967823], [10.4795682, 48.6947347], [10.4801353, 48.7000753], [10.4715761, 48.7027645], [10.4715774, 48.7049253], [10.4745064, 48.7056522], [10.4778855, 48.7047311], [10.4808261, 48.7065981], [10.4826801, 48.7048615], [10.4832423, 48.7083397], [10.4817791, 48.7125815], [10.4736896, 48.7119353], [10.4682829, 48.7152087], [10.4681183, 48.7194316], [10.46557, 48.7195555], [10.4680938, 48.7213536], [10.4619121, 48.7225197], [10.4623136, 48.7243004], [10.4656351, 48.7239957], [10.4650431, 48.7278725], [10.4548562, 48.7292651], [10.4637033, 48.7358795], [10.4544578, 48.7337166], [10.4504039, 48.7349619], [10.4477598, 48.7274698], [10.4465221, 48.72971], [10.4434531, 48.7291898], [10.4426501, 48.730649], [10.4468371, 48.7320272], [10.4432715, 48.7312269], [10.4399362, 48.7337056], [10.4395419, 48.7388496], [10.4311981, 48.7373946], [10.4343445, 48.7411778], [10.4237614, 48.7442086], [10.425279, 48.7458168], [10.4239367, 48.7471365], [10.4158902, 48.748285], [10.4228444, 48.7481136], [10.4227843, 48.749407], [10.4186835, 48.748695], [10.4169552, 48.7510768], [10.4180862, 48.7532836], [10.4232032, 48.7533179], [10.4238004, 48.7566366], [10.4282908, 48.7559205], [10.4184459, 48.7629084], [10.4192223, 48.7648116], [10.4171979, 48.7651754], [10.416692, 48.7676501], [10.4177132, 48.7696531], [10.4121401, 48.7713718], [10.4155668, 48.7721039], [10.4171598, 48.776383], [10.4203195, 48.7760301], [10.4186017, 48.7726346], [10.4281563, 48.7729771], [10.4284145, 48.7699546], [10.4304776, 48.7700945], [10.4282994, 48.7735554], [10.4312202, 48.7748389], [10.4300493, 48.7769425], [10.4315274, 48.7750824], [10.4343505, 48.7763761], [10.4317714, 48.7788037], [10.4281592, 48.7785244], [10.4267659, 48.7816568], [10.4294305, 48.7832375], [10.4274036, 48.7864727], [10.4298462, 48.7882311], [10.4346513, 48.7876555], [10.4343855, 48.7895099], [10.4280396, 48.7909766], [10.4306698, 48.7936939], [10.4208547, 48.7955687], [10.4209892, 48.7991276], [10.4347045, 48.8014234], [10.4412293, 48.8051916], [10.4426142, 48.8082426], [10.4506649, 48.81128], [10.4468652, 48.8134399], [10.446798, 48.8175388], [10.4489379, 48.8179349], [10.4467889, 48.8190251], [10.44886, 48.8208902], [10.4465107, 48.8241028], [10.4496272, 48.8250709], [10.447665, 48.8268683], [10.4496811, 48.8269563], [10.4482828, 48.8280695], [10.4492505, 48.8303091], [10.4431957, 48.8321903], [10.4418387, 48.8344416], [10.4264795, 48.8369549], [10.4274056, 48.8428688], [10.4293836, 48.8431583], [10.4290063, 48.8457304], [10.4500165, 48.8509154], [10.4498653, 48.8528691], [10.4527705, 48.8533733], [10.4539305, 48.8602478], [10.4481008, 48.8616308], [10.4475294, 48.8635755], [10.449808, 48.8628814], [10.4503168, 48.8646586], [10.4484264, 48.8657414], [10.4518145, 48.8679837], [10.4525239, 48.8711663], [10.4508985, 48.8722927], [10.4526201, 48.8734043], [10.44695, 48.8772782], [10.4483997, 48.8788918], [10.44465, 48.8802919], [10.4482828, 48.8808823], [10.4504967, 48.8848582], [10.4529674, 48.8842535], [10.4533478, 48.8901737], [10.4493635, 48.8910382], [10.450088, 48.893194], [10.4420985, 48.8957203], [10.4407476, 48.8987144], [10.4286803, 48.9010154], [10.4212612, 48.906051], [10.4246764, 48.9076773], [10.4307848, 48.9059622], [10.4308053, 48.9079215], [10.4365191, 48.9090839], [10.4438561, 48.9084607], [10.4441316, 48.9107419], [10.4569049, 48.9170578], [10.4568403, 48.9204496], [10.4520048, 48.9265499], [10.4491221, 48.9260329], [10.4452506, 48.93005], [10.4378988, 48.9329772], [10.4400051, 48.9354386], [10.4489966, 48.9344759], [10.4476886, 48.9365937], [10.451801, 48.9373368], [10.4514721, 48.9386996], [10.4448318, 48.9402877], [10.4458062, 48.943447], [10.4429809, 48.945908], [10.434961, 48.9442286], [10.4308088, 48.9463044], [10.4296914, 48.9507988], [10.4314464, 48.9508511], [10.4294964, 48.9515284], [10.4312379, 48.9511677], [10.4309164, 48.9534477], [10.4238378, 48.9591793], [10.4194226, 48.9591412], [10.4207937, 48.9611326], [10.4251022, 48.9606523], [10.4251467, 48.9640062], [10.4184441, 48.9654791], [10.4181559, 48.9679277], [10.4201165, 48.9683345], [10.4106711, 48.9695703], [10.4115471, 48.9684377], [10.4091306, 48.9669261], [10.4037061, 48.9667932], [10.4015314, 48.9743541], [10.409424, 48.9755615], [10.4119239, 48.9785411], [10.4026733, 48.9820204], [10.4012905, 48.986113], [10.3971526, 48.9867255], [10.3947717, 48.9902337], [10.3816416, 48.9882861], [10.3786858, 48.990498], [10.3818556, 48.9915833], [10.3828787, 48.9941938], [10.3808395, 48.9967337], [10.3820157, 48.9992305], [10.3759644, 48.9996058], [10.3729561, 49.0033497], [10.3540692, 49.0047239], [10.3576174, 49.0115269], [10.3554515, 49.0144949], [10.345457, 49.0174036], [10.345803, 49.0204749], [10.3511047, 49.0221178], [10.3501379, 49.0283424], [10.3369112, 49.0274144], [10.3365903, 49.0296762], [10.3329125, 49.0320398], [10.3332251, 49.0267662], [10.3274397, 49.0301619], [10.3290658, 49.0242421], [10.3211339, 49.0254386], [10.3187258, 49.0286912], [10.309547, 49.0319034], [10.3024939, 49.0314438], [10.302039, 49.0382887], [10.3042811, 49.03819], [10.2951931, 49.0425048], [10.2927668, 49.0407924], [10.2851454, 49.0423726], [10.2884344, 49.0400914], [10.2847172, 49.0365497], [10.2770983, 49.0383339], [10.2744223, 49.0407943], [10.2771839, 49.0426047], [10.2680163, 49.0429482], [10.2657925, 49.0453093], [10.2617047, 49.0436612], [10.2631093, 49.0421817], [10.2589999, 49.0427327], [10.2549399, 49.0386913], [10.250337, 49.0404228], [10.2505878, 49.0433082], [10.2556967, 49.0445644], [10.2518922, 49.0496434], [10.2553042, 49.0521187], [10.2549749, 49.0542139], [10.2568853, 49.052964], [10.2563392, 49.0615278], [10.2588576, 49.0597225], [10.2654864, 49.0617715], [10.2595267, 49.0648232], [10.2580067, 49.070109], [10.2459434, 49.0742597], [10.2425248, 49.0722576], [10.2395469, 49.0746275], [10.2354262, 49.0738747], [10.2340536, 49.0762616], [10.2378247, 49.0773687], [10.2408845, 49.0821002], [10.2427864, 49.0820366], [10.2412305, 49.079726], [10.2428391, 49.0786779], [10.2471029, 49.0798204], [10.2459608, 49.0805827], [10.2508112, 49.0912729], [10.2479137, 49.0916399], [10.2506232, 49.0923225], [10.2477153, 49.0930053], [10.2433595, 49.0905568], [10.2445669, 49.0926629], [10.2350941, 49.0904454], [10.2323813, 49.0919246], [10.2331362, 49.0903479], [10.2280042, 49.0891095], [10.2225847, 49.0980117], [10.2116582, 49.0943032], [10.20405, 49.0973601], [10.2078106, 49.0994368], [10.2107473, 49.0969264], [10.2102253, 49.100612], [10.2073461, 49.0993918], [10.2074065, 49.1008944], [10.2135542, 49.1010049], [10.2122357, 49.1016659], [10.2161341, 49.1060109], [10.2135189, 49.1113809], [10.2152839, 49.1112824], [10.215423, 49.1133409], [10.2277727, 49.1102963], [10.2293705, 49.1111753], [10.2265021, 49.1128625], [10.2298546, 49.1132648], [10.2295888, 49.1170711], [10.2251402, 49.1202329], [10.2372114, 49.1203206], [10.2412757, 49.1225857], [10.2405246, 49.1244555], [10.2514523, 49.127329], [10.2527954, 49.1299949], [10.2571251, 49.1290209], [10.2557484, 49.1318415], [10.2514569, 49.1339907], [10.2555776, 49.1381008], [10.2484767, 49.145838], [10.2481538, 49.1492601], [10.2383575, 49.1494322], [10.2369043, 49.1519324], [10.2310226, 49.1534685], [10.2320388, 49.1564141], [10.2279526, 49.1599035], [10.2241132, 49.1618324], [10.2226458, 49.1600178], [10.218608, 49.1600606], [10.2198162, 49.1613664], [10.2181176, 49.1634809], [10.2129327, 49.1627948], [10.2116918, 49.160299], [10.2067005, 49.1589998], [10.2051184, 49.1556141], [10.1968289, 49.1557628], [10.1995639, 49.1602248], [10.1925959, 49.1675704], [10.195246, 49.169925], [10.1879727, 49.1697284], [10.1894023, 49.1743158], [10.1867354, 49.1725471], [10.1867398, 49.170428], [10.1847204, 49.1710653], [10.1855652, 49.1729872], [10.183077, 49.1718264], [10.1772678, 49.1732429], [10.1783538, 49.1760936], [10.1812058, 49.176688], [10.1813356, 49.1825656], [10.1681018, 49.1782203], [10.1662133, 49.179443], [10.1672711, 49.1812018], [10.1589594, 49.1838444], [10.1605087, 49.1850928], [10.1573528, 49.1870446], [10.1571692, 49.1900739], [10.1528201, 49.189961], [10.1568682, 49.1925217], [10.1419976, 49.1953694], [10.1410835, 49.1976938], [10.1383926, 49.1970877], [10.1353374, 49.2002869], [10.1311387, 49.1991407], [10.1328757, 49.1978189], [10.1289799, 49.1971547], [10.1303436, 49.1961169], [10.1290847, 49.1956072], [10.1270465, 49.1973655], [10.1300521, 49.1989108], [10.1248147, 49.1988368], [10.1244594, 49.2006051], [10.1312594, 49.2032539], [10.127383, 49.2042269], [10.1272627, 49.2097375], [10.1247841, 49.209518], [10.125816, 49.2107934], [10.1405643, 49.2089491], [10.1391524, 49.2160013], [10.1323949, 49.2172366], [10.1269493, 49.2240814], [10.1264882, 49.2361361], [10.1228437, 49.2407726], [10.1247898, 49.2427197], [10.1231648, 49.2441202], [10.1242146, 49.2455068], [10.1197915, 49.2468832], [10.1322587, 49.2512826], [10.1332091, 49.2532501], [10.1294672, 49.2563196], [10.1303576, 49.254176], [10.127187, 49.253363], [10.1258934, 49.2558494], [10.1137306, 49.2560479], [10.1092948, 49.25787], [10.1190593, 49.2576856], [10.1158664, 49.2588706], [10.1167556, 49.2642531], [10.1142982, 49.2666764], [10.1177965, 49.2684351], [10.1199648, 49.2668111], [10.1195051, 49.2684852], [10.123137, 49.2747342], [10.1279864, 49.2758616], [10.131231, 49.2745895], [10.122256, 49.272737], [10.1271813, 49.2656971], [10.1261375, 49.2622382], [10.1274326, 49.261355], [10.1312938, 49.2639328], [10.1340971, 49.2621796], [10.1416311, 49.2675423], [10.1495688, 49.2690145], [10.1449139, 49.2717243], [10.1465115, 49.2720242], [10.1450109, 49.27521], [10.148067, 49.2755727], [10.1464528, 49.2770191], [10.1531284, 49.2818751], [10.1566147, 49.2810689], [10.1534944, 49.2848866], [10.1492296, 49.2846877], [10.1498512, 49.2880046], [10.1421232, 49.2878162], [10.1412809, 49.2887986], [10.1441886, 49.290288], [10.1383085, 49.2915121], [10.1322837, 49.3003943], [10.1314629, 49.3050589], [10.145384, 49.3164071], [10.1427695, 49.3225659], [10.1402697, 49.3225809], [10.1398497, 49.3270814], [10.1302898, 49.3276785], [10.130748, 49.3254459], [10.1230652, 49.3246117], [10.1203441, 49.3252687], [10.1186605, 49.3290423], [10.1105003, 49.3288175], [10.1089605, 49.3323316], [10.1071084, 49.3324182], [10.1128506, 49.33241], [10.1130964, 49.3356794], [10.1083188, 49.3359998], [10.108875, 49.3379328], [10.1044562, 49.3384917], [10.1032198, 49.3414498], [10.1038968, 49.3469711], [10.1092959, 49.3483333], [10.106759, 49.3529282], [10.1221899, 49.3502702], [10.1237873, 49.350546], [10.1230457, 49.3546561], [10.1246346, 49.3558628], [10.1183025, 49.3578656], [10.1179327, 49.3596519], [10.1133215, 49.3596775], [10.1135271, 49.3666235], [10.1173377, 49.3669883], [10.1172392, 49.3690834], [10.1071726, 49.3788747], [10.1118494, 49.3850505], [10.1219216, 49.3863577], [10.1216989, 49.3878944], [10.1364112, 49.3866821], [10.1399583, 49.3858334], [10.1399399, 49.3835353], [10.1445788, 49.3835506], [10.1463275, 49.3883048], [10.1610007, 49.3903839], [10.1617523, 49.3952798], [10.1550402, 49.3965843], [10.1541805, 49.3987447], [10.1447656, 49.4024284], [10.1388905, 49.403072], [10.1441648, 49.4035534], [10.1522092, 49.4012431], [10.1524178, 49.4042261], [10.1478125, 49.411164], [10.1524765, 49.4116431], [10.149949, 49.4140666], [10.1472701, 49.413751], [10.1457515, 49.418856], [10.1373505, 49.4246652], [10.1383578, 49.4282156], [10.1336525, 49.4321226], [10.1380923, 49.4331924], [10.1343286, 49.4348112], [10.1331394, 49.4379412], [10.1218318, 49.4409437], [10.1188853, 49.4439206], [10.1101779, 49.4423588], [10.1118237, 49.4385686], [10.1058505, 49.444392], [10.0948706, 49.4480675], [10.0978926, 49.4570203], [10.1076422, 49.4594994], [10.1050286, 49.4630928], [10.1159046, 49.4611991], [10.1221488, 49.4638061], [10.1179196, 49.4676005], [10.1176186, 49.4702276], [10.1194751, 49.470975], [10.1148917, 49.4739657], [10.1163006, 49.478768], [10.1113695, 49.4779068], [10.1080176, 49.4828475], [10.1047827, 49.482581], [10.1009711, 49.4857461], [10.102236, 49.489829], [10.1002808, 49.491537], [10.1010667, 49.4941627], [10.1049924, 49.4957036], [10.1034083, 49.4987709], [10.1185684, 49.5043287], [10.1172513, 49.507167], [10.1207443, 49.5073023], [10.1212713, 49.5110265], [10.108403, 49.5113499], [10.1056613, 49.5150756], [10.0833922, 49.5113552], [10.0830608, 49.5151315], [10.0804954, 49.5151566], [10.0772949, 49.5194457], [10.0809025, 49.5209101], [10.0777825, 49.5251378], [10.0809357, 49.5279862], [10.0890753, 49.5286417], [10.0893255, 49.5318493], [10.0933827, 49.5324583], [10.0876269, 49.5411623], [10.0837166, 49.5435644], [10.07316850657861, 49.54537832567028], [10.06142712, 49.54513931], [10.059547175872648, 49.54131795598255], [10.05710506, 49.54067993], [10.06084050379055, 49.53737167808721], [10.0442218537604, 49.53050640912912], [10.03521251564701, 49.5299741866237], [10.043101166766991, 49.52383741856227], [10.0358831, 49.525806], [10.0274073, 49.5208213], [10.01651929006652, 49.52307662992464], [10.0075032, 49.5289132], [10.01675287436892, 49.53086034211168], [10.0175296, 49.5384475], [10.0195355, 49.5388121], [10.0188568, 49.5418317], [10.015956421060835, 49.54163447958068], [10.0130116, 49.5457275], [10.00776496590881, 49.54784998993656], [10.005013176280801, 49.54521923949583], [9.999750156535526, 49.54730284023214], [9.983493725271998, 49.53842073731679], [9.975452272117717, 49.53689885236418], [9.969965309283968, 49.53729185678756], [9.948705804053086, 49.54566953449761], [9.925522230206171, 49.53913687343073], [9.920427251979639, 49.54484565207459], [9.9229744, 49.5458638], [9.922897031671692, 49.5502396289677], [9.9276779, 49.5494965], [9.92578506, 49.55372238], [9.923176348904247, 49.553708418225185], [9.925115559411912, 49.55729006579011], [9.923333601374624, 49.55843924506286], [9.925355844008712, 49.56041893972019], [9.924333959373302, 49.56189889514275], [9.9209977, 49.5633424], [9.911922124264871, 49.561445337197114], [9.89830403484116, 49.56222909234435], [9.899486, 49.5678595], [9.90614128, 49.57709503], [9.91572094, 49.58222960999999], [9.912301718643876, 49.58394068592872], [9.912038038881272, 49.58608107972929], [9.902014814357248, 49.585596299299894], [9.89879131, 49.58834839], [9.89352512, 49.5835228], [9.8751731, 49.5784697], [9.873765413037226, 49.57166834097863], [9.86937428, 49.57129288], [9.86970700182805, 49.569187934025045], [9.86455059, 49.56788254000001], [9.86663914, 49.5574646], [9.86458111, 49.55373764], [9.8603756, 49.5535191], [9.85931015, 49.5460434], [9.850028303513644, 49.545745692663914], [9.84056473, 49.55069351], [9.82798235362996, 49.551622534316806], [9.82069812743152, 49.55501804850122], [9.8181078, 49.5587867], [9.810528428971724, 49.556945657544134], [9.8384528, 49.5695084], [9.837135542404273, 49.570833856999656], [9.84166431, 49.57277298], [9.8406227, 49.5744701], [9.8487845, 49.5776702], [9.84689834905947, 49.57984251792072], [9.8488864, 49.5802766], [9.8472561, 49.5844608], [9.84149456, 49.59178925], [9.8433412, 49.5932663], [9.8414667, 49.594765], [9.8595391, 49.6029921], [9.859838036141849, 49.60774636317707], [9.8728173, 49.609942], [9.87203884, 49.61172867], [9.868040053072468, 49.61118578566929], [9.86920738, 49.61249161], [9.8677086, 49.6212823], [9.8644196, 49.621765], [9.864115989580942, 49.623828428373784], [9.86565781, 49.62413025], [9.86385822, 49.62791443], [9.8605029, 49.6324], [9.85772228, 49.63241196], [9.8587919, 49.6347873], [9.85697079, 49.6346817], [9.8580375, 49.6360671], [9.8554802, 49.6415296], [9.8350673, 49.6464738], [9.83604431, 49.64840698], [9.83006001, 49.65174103], [9.8296361, 49.6542116], [9.833859, 49.6562537], [9.82940102, 49.65969467], [9.83249474, 49.66041565], [9.82748699, 49.66132355], [9.822295949551485, 49.664980507192], [9.825642, 49.6675355], [9.823589810558163, 49.67217710793418], [9.8311516, 49.6789567], [9.8300957, 49.6810144], [9.8411597, 49.6817485], [9.84117222, 49.68341827], [9.83705711, 49.68323135], [9.8367035, 49.6853725], [9.830396315085313, 49.68750429553813], [9.83614731, 49.69174194000001], [9.83301609340904, 49.69349343519794], [9.8346664, 49.6943682], [9.832361621393336, 49.695734818736106], [9.8339568, 49.6967312], [9.831889462299387, 49.6982922870566], [9.83180428, 49.70380402], [9.82816029, 49.70645523], [9.823431216908375, 49.704681360278094], [9.8236293, 49.7077356], [9.8207006, 49.7104542], [9.808661392484495, 49.71392247348198], [9.8041913, 49.7181716], [9.79640616300056, 49.72107774191377], [9.796022825458216, 49.7265814953104], [9.79999352, 49.73094176999999], [9.79372978, 49.73136139], [9.7906369, 49.73006], [9.78675556, 49.72184752999999], [9.77918911, 49.72249985], [9.77160263, 49.72010803], [9.7528671, 49.7101144], [9.75078869, 49.69784546], [9.74542611071762, 49.69185972728219], [9.7387661, 49.6900595], [9.7393839, 49.6881966], [9.728567777858737, 49.68834565200846], [9.72753486927572, 49.69123723152705], [9.729165, 49.6970988], [9.7259167, 49.7005666], [9.7193607, 49.7019611], [9.713309281541415, 49.71391313392382], [9.7141589, 49.7208767], [9.712008, 49.7226767], [9.7118462, 49.726247], [9.70971966, 49.72705841], [9.7007246, 49.72214507999999], [9.700389107463769, 49.717014337303794], [9.6962304, 49.7193152], [9.677039, 49.7163248], [9.677804269032759, 49.71048047669884], [9.67409039, 49.69671631000001], [9.6759401, 49.6933299], [9.653353373750887, 49.68718525408571], [9.64888, 49.69173431], [9.63246059, 49.69318770999999], [9.6318326, 49.6996982], [9.625656423179507, 49.70427573429211], [9.627671990446375, 49.708245248201145], [9.6312125, 49.7101503], [9.63305283, 49.71706772], [9.64095, 49.72037], [9.638754984515177, 49.72217240444827], [9.6420332, 49.7234499], [9.627771397343782, 49.73193238327873], [9.6363775, 49.731502], [9.63805962, 49.73711395], [9.64585972, 49.73647308], [9.6469452, 49.739156], [9.639004748716696, 49.74072733940906], [9.639251996259887, 49.742562313252485], [9.6445244, 49.7438595], [9.64555264, 49.7469101], [9.638074116499325, 49.753930889005304], [9.65186596, 49.76637268000001], [9.64818756107791, 49.768595915665216], [9.64495754, 49.77515792999999], [9.6451484, 49.7787218], [9.6519902, 49.7806102], [9.6487676, 49.7912941], [9.6195655, 49.7831875], [9.6083989, 49.7831737], [9.5914406, 49.7800978], [9.5899815, 49.7812746], [9.5813472, 49.7782801], [9.57655, 49.779192], [9.5778241, 49.7802511], [9.5764714, 49.783009], [9.579997, 49.784159], [9.5671827, 49.7827683], [9.5606629, 49.7801531], [9.5567665, 49.7755039], [9.557777, 49.7653502], [9.5690122, 49.7502389], [9.5673337, 49.7461158], [9.5640815, 49.7442513], [9.5547333, 49.7470755], [9.5511969, 49.7614607], [9.5445229, 49.7669311], [9.5362, 49.7674266], [9.5246263, 49.7609556], [9.5155664, 49.7627575], [9.5093689, 49.7700503], [9.5123931, 49.7823136], [9.5014753, 49.7887501], [9.4797603, 49.7873063], [9.4715447, 49.7804785], [9.4691568, 49.7740569], [9.4585434, 49.769509], [9.4450954, 49.7734361], [9.4348216, 49.7873964], [9.4240935, 49.7896056], [9.4183745, 49.7875548], [9.4042233, 49.7766112], [9.3909973, 49.7703155], [9.3865027, 49.7709164], [9.3774667, 49.7774196], [9.3705053, 49.7791868], [9.3517378, 49.7692646], [9.3163428, 49.7683356], [9.3133946, 49.7656757], [9.3135132, 49.7598277], [9.3228211, 49.7494424], [9.322903, 49.7435879], [9.3175485, 49.7404441], [9.2956877, 49.7404603], [9.2960637, 49.7386511], [9.3116288, 49.7347977], [9.3165291, 49.7352632], [9.3229425, 49.7310662], [9.3415327, 49.7341672], [9.3573297, 49.730885], [9.3635831, 49.7315472], [9.3739683, 49.7279721], [9.3442726, 49.7186997], [9.3459207, 49.7165355], [9.3525511, 49.7166757], [9.3532776, 49.7073176], [9.357625, 49.7041604], [9.3690419, 49.7035052], [9.3807642, 49.7053829], [9.3828962, 49.7094177], [9.3828886, 49.7190009], [9.3803123, 49.7261571], [9.3864165, 49.7282723], [9.38568, 49.7318935], [9.3998398, 49.7296497], [9.401477, 49.7206486], [9.4077984, 49.7217792], [9.4096378, 49.7177072], [9.4185855, 49.7117546], [9.4203341, 49.70662], [9.4176339, 49.7058621], [9.4167957, 49.7023287], [9.4184672, 49.6974064], [9.4223348, 49.6961426], [9.4192955, 49.6939244], [9.4207119, 49.6909118], [9.4130334, 49.6831362], [9.4062818, 49.6794253], [9.4130076, 49.6773882], [9.4121645, 49.6754906], [9.4029781, 49.6752345], [9.3969649, 49.6718961], [9.4127685, 49.6628537], [9.4119422, 49.6608688], [9.4195, 49.6588747], [9.4164537, 49.6537682], [9.4061438, 49.6454555], [9.3926761, 49.6458739], [9.3837466, 49.6427756], [9.3715572, 49.6512402], [9.3667577, 49.6583608], [9.3634089, 49.655231], [9.3487536, 49.6496591], [9.3432433, 49.6442321], [9.3354987, 49.6446934], [9.3173125, 49.6506551], [9.3136885, 49.6536461], [9.3040865, 49.6549019], [9.3064875, 49.6507174], [9.2908341, 49.6440217], [9.2854054, 49.6357902], [9.2781778, 49.6376861], [9.2717925, 49.6347579], [9.2754669, 49.6314484], [9.2704664, 49.6264234], [9.2757757, 49.624353], [9.2778365, 49.6202007], [9.2835579, 49.6174865], [9.285127, 49.6147933], [9.2646891, 49.6068258], [9.2648447, 49.6018635], [9.2604111, 49.5983226], [9.2592897, 49.5932254], [9.2493946, 49.5935571], [9.2462257, 49.5897974], [9.2488895, 49.5878344], [9.249156, 49.5846699], [9.2449833, 49.5844922], [9.2404506, 49.5814359], [9.2139941, 49.5765247], [9.2109034, 49.5779055], [9.2006195, 49.5765599], [9.1945553, 49.573884], [9.1873157, 49.576879], [9.180739, 49.5737308], [9.1737757, 49.5778607], [9.1649073, 49.5753961], [9.1591782, 49.5796417], [9.1205426, 49.5734945], [9.1141967, 49.5750884], [9.1083388, 49.5792168], [9.1026924, 49.5775409], [9.1017937, 49.5806563], [9.0918766, 49.5887802], [9.0880605, 49.597252], [9.0831487, 49.6017841], [9.0741509, 49.6007201], [9.066486, 49.6022919], [9.0683963, 49.610924], [9.0649933, 49.6172708], [9.0687699, 49.6225984], [9.0798384, 49.6294047], [9.0816261, 49.6330422], [9.0860867, 49.6356752], [9.0923931, 49.6353283], [9.1020712, 49.6419786], [9.0990676, 49.6464017], [9.1009434, 49.6491296], [9.0995819, 49.6532632], [9.103772, 49.6600047], [9.0887147, 49.6689604], [9.0879642, 49.6880895], [9.0896365, 49.6931968], [9.0952292, 49.6961162], [9.1162798, 49.6975757], [9.1277865, 49.700357], [9.1273629, 49.7067282], [9.1238418, 49.7064115], [9.1212237, 49.7146486], [9.1315221, 49.7146555], [9.1346272, 49.7164153], [9.1360929, 49.7241397], [9.1409903, 49.7293913], [9.1438131, 49.737005], [9.1505794, 49.7427032], [9.1441904, 49.744767], [9.1449709, 49.7474688], [9.1279464, 49.7552379], [9.1119509, 49.7566827], [9.1069689, 49.7587498], [9.1104701, 49.7663076], [9.1131953, 49.767378], [9.1132666, 49.7737732], [9.1272623, 49.7764505], [9.134301, 49.782186], [9.1291613, 49.7877896], [9.1295104, 49.7930723], [9.1321799, 49.7941033], [9.107952, 49.7980112], [9.0940935, 49.7902508], [9.0907306, 49.7908526], [9.0902706, 49.7959478], [9.0869858, 49.7993991], [9.0863214, 49.806618], [9.0770541, 49.8182684], [9.0816306, 49.8240441], [9.0868659, 49.826554], [9.0830101, 49.8296108], [9.0828141, 49.8328398], [9.0778266, 49.8346622], [9.0823815, 49.8390408], [9.0899808, 49.8410999], [9.0852496, 49.8476968], [9.0713092, 49.8363409], [9.0703754, 49.8333635], [9.0648006, 49.831793], [9.0561589, 49.8345639], [9.0593231, 49.8410085], [9.0531222, 49.8398626], [9.0539686, 49.8427752], [9.0601327, 49.8461748], [9.0540458, 49.8455308], [9.0501806, 49.8420831], [9.0433802, 49.844033], [9.0415797, 49.8399299], [9.0378118, 49.8426258], [9.0361394, 49.8463978], [9.0407317, 49.8474705], [9.0432552, 49.8502826], [9.0437906, 49.8554858], [9.0338196, 49.8603891], [9.0332578, 49.8665686], [9.0367412, 49.8672167], [9.0382443, 49.8655446], [9.043472, 49.8679443], [9.0479167, 49.8661926], [9.0504967, 49.8672994], [9.037993616021339, 49.877322278677994], [9.0371117, 49.8958463], [9.0356499, 49.8993827], [9.031379, 49.9012983], [9.0327364, 49.9013998], [9.03107262, 49.90394974], [9.0326248, 49.9043921], [9.030021956343074, 49.90586677312141], [9.0320237, 49.9094558], [9.023392444263122, 49.91011647851964], [9.0322846, 49.9245929], [9.02943325, 49.92742538], [9.0254027, 49.9456445], [9.01919822984815, 49.947005339091156], [9.026714, 49.9550681], [9.01934338, 49.97471619000001], [9.02011395, 49.98589325], [9.0157312821959, 49.98912448777347], [9.01679824891126, 49.99296806451241], [9.022980699492072, 49.9970496302766], [9.02941895, 49.99262238], [9.030953, 49.98866], [9.0409284, 49.9879428], [9.0448701, 49.9879667], [9.0494248, 49.9912851], [9.0513498, 49.9930429], [9.0507979, 49.995482], [9.0361891, 50.0027354], [9.036205305628783, 50.00761011771297], [9.03981781, 50.01037216], [9.030621732337696, 50.021678512712356], [9.03221893, 50.0374794], [9.02944279, 50.04096221999999], [9.0230013, 50.0440379], [9.01011181, 50.04603195], [8.985814631827656, 50.04170938017155], [8.9788341, 50.0449677], [8.9763497, 50.0497851], [8.9766926, 50.0520772], [8.9829808, 50.0567569], [8.990892371206337, 50.06693513999307], [8.99331284, 50.06628418], [8.9994151, 50.0695213], [8.997979907106036, 50.09213796102565], [9.00008678, 50.09471893], [9.00426865, 50.09695053], [9.013609482344098, 50.10823635099506], [9.021883325092688, 50.11210620764142], [9.03644410812394, 50.11384487679152], [9.0234039, 50.0853052], [9.0232094, 50.0782619], [9.0255188, 50.0750138], [9.021722, 50.0724], [9.0216866, 50.0699162], [9.0238745, 50.0692422], [9.0205679, 50.0618884], [9.0222604, 50.0561388], [9.0302574, 50.0548555], [9.0318905, 50.0492761], [9.0301761, 50.048415], [9.0404808, 50.0445094], [9.0551208, 50.0450601], [9.0598739, 50.0410842], [9.0815975, 50.0425546], [9.0944244, 50.0408856], [9.1060208, 50.0461097], [9.1017704, 50.0477655], [9.1025193, 50.0545612], [9.1133489, 50.0648567], [9.1141243, 50.0738487], [9.123237, 50.0830415], [9.1227629, 50.0886315], [9.1326207, 50.0919215], [9.1337118, 50.0946898], [9.1390842, 50.0951624], [9.1417113, 50.092457], [9.1447128, 50.0927868], [9.1434926, 50.0934447], [9.1438361, 50.0941414], [9.1487142, 50.0902558], [9.15559101, 50.09499741], [9.1592348, 50.0953308], [9.1625452, 50.09818649000001], [9.1591918, 50.09997], [9.160414355241803, 50.10211373125035], [9.1676293, 50.1098926], [9.1748024, 50.1140954], [9.17305183, 50.11631393], [9.174499649019662, 50.11941134465697], [9.19159412, 50.12748718000001], [9.18998241, 50.13159180000001], [9.1833201, 50.137993], [9.2103648, 50.1428421], [9.211866610802032, 50.14662311230332], [9.2188776, 50.1466344], [9.221863248737872, 50.14941567857338], [9.255755, 50.1390537], [9.26594925, 50.13932037], [9.27392769, 50.14266205], [9.2854652, 50.1416019], [9.3074112, 50.1333236], [9.32742882, 50.14105988000001], [9.33615494, 50.13687897], [9.34158421, 50.13128281], [9.36924171, 50.13144302], [9.37563896, 50.12966156], [9.37580013, 50.12586594], [9.3827467, 50.11917496], [9.39446354, 50.09748459000001], [9.4016752, 50.0896633], [9.4122261, 50.0835583], [9.4239268, 50.0856106], [9.4360044, 50.0850601], [9.4453536, 50.0898618], [9.4610151, 50.0897843], [9.4784298, 50.0948625], [9.4960438, 50.09477], [9.5001473, 50.0972069], [9.5130437, 50.0943483], [9.5144164, 50.0970421], [9.5130837, 50.099481], [9.5192911, 50.1059133], [9.5194249, 50.1132163], [9.5124937, 50.1240213], [9.5073895, 50.1454654], [9.5100149, 50.1479634], [9.5224035, 50.1504545], [9.5311487, 50.1611602], [9.5280748, 50.1680728], [9.5050062, 50.1691762], [9.4981011, 50.1755864], [9.5013002, 50.1825094], [9.501066, 50.188261], [9.5027827, 50.1885415], [9.5009041, 50.1898738], [9.5015193, 50.1929841], [9.508163, 50.1953857], [9.5131841, 50.1936447], [9.5162469, 50.1945881], [9.5160669, 50.1997876], [9.5105658, 50.2018577], [9.5070591, 50.2071594], [9.5033934, 50.2087997], [9.5020934, 50.2122803], [9.5053677, 50.2143729], [9.5017305, 50.2222388], [9.4946293, 50.2268025], [9.5011341, 50.2385201], [9.498539, 50.2404085], [9.5014282, 50.2431982], [9.5143543, 50.2343011], [9.5335539, 50.2345564], [9.5373987, 50.2321431], [9.5372346, 50.2270647], [9.5422453, 50.2242907], [9.5503867, 50.2283657], [9.5753744, 50.232666], [9.5828307, 50.2213619], [9.5942952, 50.2250207], [9.5958388, 50.2226763], [9.6043683, 50.2217064], [9.6206249, 50.2244373], [9.6203524, 50.2264902], [9.6237954, 50.2296384], [9.63649240373969, 50.23516256600446], [9.64691734, 50.23497009], [9.65372658, 50.23231888], [9.66361904, 50.23373413], [9.6681757, 50.2394371], [9.639385832351623, 50.24830109812834], [9.637670935063863, 50.25252933255499], [9.64345074, 50.25511551], [9.642040854353194, 50.25705212827329], [9.6458426, 50.2583968], [9.6485254, 50.2621538], [9.648460418770991, 50.26553978419575], [9.65395832, 50.27101517], [9.66499043, 50.27117538], [9.68230057, 50.27848815999999], [9.6904068, 50.27761841000001], [9.7023584, 50.2802889], [9.7134783, 50.2916748], [9.72081757, 50.29199219], [9.719653159950072, 50.29486927597852], [9.7278779, 50.2950251], [9.7393091, 50.3024115], [9.738563628527933, 50.30449330469068], [9.741926, 50.305717], [9.7477318, 50.3144597], [9.74406338, 50.31908798], [9.74889755, 50.32515335], [9.7444161, 50.3290858], [9.7475128, 50.3405867], [9.744290163136636, 50.34657035886317], [9.750851156057522, 50.34671456104584], [9.755844252599308, 50.34435499669302], [9.757504232875176, 50.349419289529926], [9.764696368430917, 50.34524726947907], [9.76783925805153, 50.34686805656375], [9.763219037701337, 50.349678798540154], [9.766304748587656, 50.35162635357196], [9.762881734926356, 50.35190784513818], [9.763277432469168, 50.35327674743882], [9.767977475013048, 50.35343395692553], [9.770053349897996, 50.35672898110054], [9.774206183385887, 50.35655024389941], [9.776101740484632, 50.359623088345], [9.77404678727425, 50.36243972242677], [9.7807250115317, 50.36627542085973], [9.790684059361903, 50.36868449585091], [9.792627091691475, 50.37389704779595], [9.787162515542851, 50.377901580199385], [9.788128557089928, 50.37954035016725], [9.78292669635189, 50.38194460901784], [9.787311494748243, 50.3882187964161], [9.804441863230524, 50.39849467200117], [9.79468816309876, 50.41003722112859], [9.799356328364562, 50.41203078030441], [9.799962033789038, 50.41479920698526], [9.804254270880296, 50.41813356517187], [9.809173657047197, 50.421318901201666], [9.8112278, 50.4171603], [9.8079429, 50.4122627], [9.8137969, 50.412403], [9.8234396, 50.40553284], [9.838323924963824, 50.40543065580029], [9.8471847, 50.3993157], [9.86004639, 50.39747238], [9.870189588207785, 50.40928422462077], [9.873388920169427, 50.40879806667127], [9.8772479, 50.4026665], [9.883162, 50.3987739], [9.8919107, 50.4033403], [9.9012055, 50.4037683], [9.910346181210446, 50.408766497649346], [9.9191754, 50.4106122], [9.9265985, 50.4163819], [9.9433788, 50.4233726], [9.9577911, 50.423326], [9.9625345, 50.4265553], [9.9621509, 50.429512], [9.9683486, 50.435863], [9.9719425, 50.4358347], [9.9786842, 50.442258], [9.9852113, 50.4433685], [9.9898693, 50.4468895], [9.9936432, 50.4514971], [9.9929102, 50.4552812], [9.996858, 50.4610622], [10.0184189, 50.4665117], [10.021796, 50.4751603], [10.0335286, 50.4811664], [10.0336296, 50.484427], [10.0313155, 50.4864031], [10.0364249, 50.4874974], [10.0343546, 50.4901412], [10.0411414, 50.4951547], [10.0370631, 50.4999919], [10.0421471, 50.5086014], [10.0398081, 50.5156786], [10.0518132, 50.5191209], [10.0665743, 50.5287613], [10.0734115, 50.5269027], [10.0713592, 50.5282186], [10.0739365, 50.5283553], [10.0683092, 50.529927], [10.0708174, 50.5328361], [10.0699343, 50.5353949], [10.0729964, 50.5361588], [10.0765622, 50.5409978], [10.0899376, 50.5448445], [10.0942147, 50.5483507], [10.0939233, 50.553527], [10.0982765, 50.552046], [10.0994602, 50.5582104], [10.1062239, 50.5632937], [10.120644, 50.5647142], [10.1262775, 50.5614005], [10.1266438, 50.5585687], [10.1227876, 50.5584772], [10.1207205, 50.555883], [10.1362558, 50.5461962], [10.137249, 50.5428371], [10.146701, 50.5432975], [10.1468089, 50.5460938], [10.1501174, 50.5489426], [10.147538, 50.5498272], [10.1508105, 50.5522779], [10.1522266, 50.549814], [10.1596526, 50.5497399], [10.1770367, 50.5424154], [10.1745679, 50.5461312], [10.1780869, 50.5519989], [10.1956505, 50.5551493], [10.1992431, 50.5532673], [10.2039942, 50.5546467], [10.204329, 50.5446272], [10.2083018, 50.5405869], [10.2213301, 50.5386341], [10.2247172, 50.5336237], [10.2246457, 50.5298398], [10.2321547, 50.5310145], [10.2258748, 50.5183228], [10.2312773, 50.5146946], [10.2301048, 50.5113028], [10.2414934, 50.5124553], [10.2439332, 50.5147651], [10.2437032, 50.5125804], [10.2518223, 50.5109587], [10.256523, 50.5129053], [10.2670775, 50.5041646], [10.2744216, 50.5056541], [10.2918513, 50.4960792], [10.3062869, 50.4921948], [10.3095104, 50.4942133], [10.3226771, 50.4925849], [10.3254711, 50.4926146], [10.3261386, 50.4946163], [10.3307162, 50.494362], [10.3332406, 50.4907549], [10.3330564, 50.4867691], [10.3413545, 50.4831291], [10.3360284, 50.4658496], [10.347073, 50.4630637], [10.3513825, 50.4565791], [10.3574053, 50.4544607], [10.3601841, 50.4485772], [10.3633739, 50.4477561], [10.3607732, 50.4454637], [10.3675167, 50.4413543], [10.3655658, 50.4408429], [10.3666381, 50.4386778], [10.3759646, 50.4405565], [10.381186, 50.4392679], [10.3723705, 50.4372513], [10.3729592, 50.4350748], [10.3699766, 50.4347767], [10.3705927, 50.4317839], [10.3784829, 50.4324772], [10.3789729, 50.4297728], [10.3870541, 50.4299476], [10.3857985, 50.4286193], [10.3921824, 50.4289246], [10.3922372, 50.4275835], [10.3973909, 50.4277471], [10.4039532, 50.4249904], [10.4047892, 50.4231387], [10.3998357, 50.422128], [10.4009802, 50.4190408], [10.3949027, 50.4184301], [10.3944566, 50.413782], [10.3890266, 50.4113622], [10.3898025, 50.4096136], [10.383923, 50.408608], [10.3844952, 50.4028228], [10.3867404, 50.402793], [10.3872635, 50.3983512], [10.3911777, 50.398627], [10.3947913, 50.3933346], [10.3947819, 50.3970364], [10.3963499, 50.3971356], [10.4039696, 50.3944885], [10.4063268, 50.3955261], [10.4063843, 50.3934104], [10.4140473, 50.3951798], [10.4146681, 50.3934599], [10.4265078, 50.3928905], [10.4380568, 50.3952413], [10.4378538, 50.4012549], [10.4497823, 50.4030838], [10.4533266, 50.4016614], [10.4553503, 50.3964365], [10.4525706, 50.392807], [10.4571647, 50.3878095], [10.4597269, 50.3877833], [10.4582048, 50.3829734], [10.4635383, 50.3762038], [10.4670728, 50.3776547], [10.4733876, 50.3724899], [10.4912685, 50.3750935], [10.4879996, 50.3740715], [10.4906411, 50.3687741], [10.4944164, 50.3693159], [10.4956684, 50.3673094], [10.4940953, 50.3665408], [10.4962518, 50.3654766], [10.4919132, 50.3639182], [10.4927247, 50.3621007], [10.489852, 50.3612999], [10.492425, 50.3624308], [10.4862254, 50.3630621], [10.4894716, 50.361513], [10.4918573, 50.3542216], [10.4990068, 50.3576603], [10.503556, 50.3531023], [10.5070911, 50.3574394], [10.5127091, 50.3598081], [10.5147377, 50.3498828], [10.5183552, 50.3542564], [10.5240017, 50.3547201], [10.5265062, 50.3614819], [10.5303294, 50.3607336], [10.5289781, 50.3624885], [10.5317291, 50.3650331], [10.5343697, 50.3655927], [10.5371403, 50.3624143], [10.5445605, 50.3643005], [10.5542166, 50.3566311], [10.554974, 50.3549192], [10.5497983, 50.3495397], [10.5503926, 50.346055], [10.5578888, 50.3391937], [10.5617741, 50.3372381], [10.5709485, 50.3376804], [10.5832166, 50.3323343], [10.6011878, 50.3339103], [10.5955443, 50.3225685], [10.5957361, 50.3194915], [10.5922403, 50.3168033], [10.5945415, 50.3135886], [10.5922363, 50.3112341], [10.5923067, 50.3081615], [10.59332, 50.3065264], [10.5966549, 50.3066173], [10.6049656, 50.2931003], [10.6018958, 50.2900495], [10.5976368, 50.2891464], [10.5980877, 50.2840829], [10.6008273, 50.2843707], [10.6013659, 50.2826848], [10.593786, 50.2782957], [10.5909426, 50.2717984], [10.593507, 50.2691134], [10.6073676, 50.2720667], [10.6027771, 50.2703441], [10.5981132, 50.26264], [10.6048426, 50.2590873], [10.6063843, 50.2531433], [10.6114457, 50.2512465], [10.6115312, 50.2495443], [10.6037866, 50.2458074], [10.5971274, 50.2461163], [10.6030269, 50.241845], [10.6121063, 50.2241248], [10.6363319, 50.2230995], [10.6598477, 50.231424], [10.6623325, 50.2269387], [10.6579302, 50.2235482], [10.6698381, 50.2210685], [10.6869254, 50.225864], [10.6857113, 50.2223223], [10.6874198, 50.2191289], [10.6957742, 50.2117222], [10.7001234, 50.2124923], [10.7096468, 50.210168], [10.7174795, 50.2043467], [10.7237612, 50.2052038], [10.7312034, 50.2129127], [10.7288107, 50.2222214], [10.7294813, 50.2302566], [10.7269992, 50.2306936], [10.7279862, 50.2385792], [10.7259213, 50.2410191], [10.7296841, 50.2424658], [10.7301606, 50.2444991], [10.7270306, 50.2484045], [10.7322621, 50.2517977], [10.7485368, 50.2475931], [10.7458983, 50.2446734], [10.74982, 50.2421733], [10.769392, 50.2407598], [10.7847498, 50.2485427], [10.7819996, 50.2512048], [10.800432, 50.2515455], [10.8068891, 50.2443392], [10.8073614, 50.2401812], [10.824645, 50.2375101], [10.8358438, 50.2393349], [10.8359739, 50.2420677], [10.8456685, 50.2437735], [10.8518489, 50.2513889], [10.8512275, 50.2646611], [10.8451592, 50.2700151], [10.8465719, 50.2761917], [10.8358865, 50.2730939], [10.8322361, 50.2735791], [10.8264328, 50.2780045], [10.8209975, 50.277017], [10.8146859, 50.2788255], [10.8115041, 50.2774984], [10.8109241, 50.2795498], [10.804201, 50.2796103], [10.8017131, 50.2830923], [10.8043101, 50.2886742], [10.802478, 50.2919696], [10.7931106, 50.2954438], [10.7694936, 50.2931176], [10.7625399, 50.2983636], [10.7598455, 50.3034605], [10.7520258, 50.3068372], [10.7507509, 50.3095835], [10.7477024, 50.3102569], [10.7417519, 50.3159832], [10.7367187, 50.3141952], [10.7273021, 50.3184302], [10.7201453, 50.318519], [10.7154723, 50.3213439], [10.7141868, 50.3250658], [10.7162635, 50.3279989], [10.7150259, 50.3329923], [10.7200202, 50.3332553], [10.7283164, 50.3380991], [10.727292, 50.3433736], [10.7294282, 50.3446902], [10.7266516, 50.3468807], [10.7286313, 50.3487963], [10.7225644, 50.349469], [10.714021, 50.3461221], [10.7123208, 50.3545216], [10.7177785, 50.3554681], [10.715275, 50.363687], [10.7385861, 50.3629717], [10.7489972, 50.3579225], [10.7545725, 50.3580936], [10.7603832, 50.3624139], [10.7622394, 50.3682465], [10.7647504, 50.3691153], [10.7634074, 50.37017], [10.773962, 50.3718858], [10.7854811, 50.3852036], [10.7902809, 50.3821139], [10.8043776, 50.3791651], [10.8108757, 50.3841379], [10.8167533, 50.386018], [10.8201151, 50.3848093], [10.8304723, 50.3927122], [10.8605546, 50.3876216], [10.8660912, 50.3893803], [10.8684653, 50.3946713], [10.8760946, 50.396647], [10.8781819, 50.393094], [10.8871774, 50.3925953], [10.8848318, 50.3886954], [10.8932131, 50.3801715], [10.8990863, 50.3845608], [10.9086943, 50.3873371], [10.9118388, 50.385203], [10.9300133, 50.3919495], [10.9372391, 50.3921579], [10.9496106, 50.3836918], [10.9486403, 50.3815292], [10.9597267, 50.3752774], [10.9607043, 50.3775337], [10.9625309, 50.3770461], [10.9628396, 50.3718765], [10.9564645, 50.3686002], [10.9617317, 50.3677919], [10.9825881, 50.3519565], [10.9858687, 50.347333], [10.9926328, 50.349153], [10.9961055, 50.3467059], [10.9989009, 50.3502676], [10.9977264, 50.3538383], [10.9942227, 50.3535767], [10.9931001, 50.3552839], [10.9933577, 50.3653943], [11.0080955, 50.3651116], [11.019337, 50.3608313], [11.0198955, 50.3622696], [11.0242563, 50.3604272], [11.0333529, 50.3613436], [11.0363745, 50.3586514], [11.033215, 50.3574277], [11.031496, 50.3539727], [11.0321497, 50.3551021], [11.0433781, 50.3524012], [11.0300725, 50.3513558], [11.0350578, 50.3486586], [11.0368724, 50.3452292], [11.0411629, 50.3466868], [11.0430217, 50.3447614], [11.0587122, 50.3492976], [11.0644628, 50.3491913], [11.0732989, 50.3537968], [11.0859957, 50.352271], [11.0819548, 50.3539598], [11.0865447, 50.359151], [11.0856184, 50.362087], [11.0897295, 50.3659559], [11.1154177, 50.3669314], [11.1194, 50.3592301], [11.1141369, 50.3526285], [11.1161602, 50.3498221], [11.1219483, 50.3492505], [11.1267868, 50.3562406], [11.138986, 50.3536018], [11.1362905, 50.3494795], [11.1595094, 50.3302269], [11.1573389, 50.3266232], [11.1591064, 50.3253821], [11.1582308, 50.3239051], [11.1523001, 50.3231106], [11.1384583, 50.3163357], [11.1311101, 50.3090426], [11.1322432, 50.3002858], [11.1380257, 50.299353], [11.1397895, 50.2930469], [11.1430121, 50.293309], [11.1409195, 50.2892614], [11.1453436, 50.2852849], [11.1517101, 50.2861049], [11.1543217, 50.2834945], [11.158333, 50.2891158], [11.1591396, 50.2862419], [11.1644757, 50.2829344], [11.1838519, 50.28105], [11.1788322, 50.2744823], [11.1762933, 50.2756899], [11.173508, 50.2709291], [11.175533, 50.2691847], [11.1820903, 50.270461], [11.1879882, 50.2691968], [11.191303, 50.2740099], [11.1893783, 50.2748383], [11.1915383, 50.2774026], [11.190344, 50.2816383], [11.197841, 50.2917584], [11.2114032, 50.2846094], [11.2162471, 50.2840483], [11.2147508, 50.2807269], [11.2191726, 50.2812556], [11.2251191, 50.2769816], [11.2355251, 50.2753887], [11.248055, 50.266772], [11.2531027, 50.2678525], [11.2584673, 50.2735951], [11.2623288, 50.2745389], [11.2598918, 50.2786166], [11.2606237, 50.2871549], [11.2572647, 50.2883442], [11.2596813, 50.2898326], [11.2519499, 50.2933843], [11.2540984, 50.2966806], [11.2513631, 50.2989543], [11.2603564, 50.3000564], [11.2704564, 50.3070848], [11.2666305, 50.3095989], [11.2668438, 50.3119457], [11.2637797, 50.3133763], [11.2618797, 50.3183671], [11.2564026, 50.3223227], [11.2624871, 50.325197], [11.2607435, 50.3298317], [11.26132, 50.3378874], [11.2770524, 50.3360317], [11.2663487, 50.3518643], [11.2622865, 50.3523598], [11.2790029, 50.3559279], [11.2841372, 50.3606746], [11.2792147, 50.366993], [11.2807996, 50.3712983], [11.277066, 50.3753918], [11.2765181, 50.3806086], [11.2722142, 50.3854929], [11.2641844, 50.3869845], [11.2645155, 50.3913734], [11.2705277, 50.3942986], [11.2584252, 50.3999276], [11.2612308, 50.4019925], [11.2606823, 50.4044847], [11.2691823, 50.4192537], [11.2667359, 50.4225327], [11.2680323, 50.4346215], [11.264841, 50.4377691], [11.2636926, 50.4427794], [11.2461848, 50.4491746], [11.2550888, 50.4565478], [11.252211, 50.4635314], [11.2450427, 50.4705262], [11.2473231, 50.4778948], [11.2569966, 50.4818313], [11.2662549, 50.4789136], [11.2727166, 50.4826951], [11.278885, 50.4814043], [11.2779632, 50.4832721], [11.2891437, 50.4855228], [11.2919622, 50.4788202], [11.2901062, 50.4765093], [11.2917456, 50.4751401], [11.2935552, 50.4791784], [11.2959981, 50.4815441], [11.29767, 50.4805019], [11.3031291, 50.4865572], [11.2995332, 50.4873452], [11.3007733, 50.4883168], [11.3207509, 50.4888544], [11.3251617, 50.4972377], [11.3226723, 50.4998613], [11.3214123, 50.5085679], [11.3469544, 50.5116041], [11.3462983, 50.5156456], [11.343199, 50.5187742], [11.3467213, 50.5214416], [11.357835, 50.5199269], [11.3702456, 50.5232047], [11.3790848, 50.5208503], [11.387699, 50.5156535], [11.3961629, 50.5195742], [11.3951514, 50.5179895], [11.3978966, 50.5162625], [11.4087554, 50.5147761], [11.4234128, 50.5161888], [11.4276203, 50.5139489], [11.433567, 50.5080225], [11.4345468, 50.5040092], [11.4410633, 50.5002321], [11.4354014, 50.492149], [11.4196316, 50.4946424], [11.4187579, 50.4933775], [11.4203439, 50.4895204], [11.422367, 50.4890479], [11.4212936, 50.4859629], [11.4258997, 50.4845382], [11.417573, 50.4817709], [11.4201891, 50.4792093], [11.420483, 50.473448], [11.4154005, 50.4681056], [11.4236412, 50.4622738], [11.4193919, 50.4546358], [11.4197676, 50.444562], [11.4285469, 50.4403703], [11.4409934, 50.4386401], [11.4513711, 50.4313212], [11.4502612, 50.4283789], [11.4446222, 50.4246021], [11.4435947, 50.4206842], [11.4447882, 50.4237439], [11.4608802, 50.4287035], [11.4637022, 50.4322858], [11.4752304, 50.4316229], [11.4753562, 50.4335806], [11.4818616, 50.4316567], [11.4830544, 50.4298189], [11.481024, 50.4249708], [11.4884374, 50.4162294], [11.4860842, 50.4112391], [11.4794418, 50.4072444], [11.4781647, 50.4010185], [11.4894868, 50.3958961], [11.4969318, 50.3996069], [11.5034535, 50.3993476], [11.5059322, 50.3964683], [11.5184662, 50.3959722], [11.5180599, 50.38933], [11.5206774, 50.3809633], [11.5186422, 50.3773218], [11.5194652, 50.3739938], [11.5274927, 50.3759774], [11.5341152, 50.3793991], [11.5343336, 50.3811117], [11.5462059, 50.3843067], [11.5526241, 50.3825808], [11.55965, 50.3838526], [11.565175, 50.3872023], [11.5669283, 50.3954398], [11.5731878, 50.4001537], [11.5817479, 50.3990691], [11.594447, 50.4026257], [11.6055348, 50.398481], [11.6180124, 50.3885696], [11.6245136, 50.3867535], [11.6277359, 50.3887776], [11.6322771, 50.3878965], [11.6489977, 50.3923263], [11.67291, 50.3944091], [11.6841007, 50.3928267], [11.6952847, 50.3959593], [11.6974977, 50.3998259], [11.7074845, 50.4038336], [11.7115337, 50.4017501], [11.7138959, 50.3965961], [11.716989, 50.399321], [11.7273245, 50.4003857], [11.7382466, 50.408561], [11.744526, 50.4104737], [11.7457632, 50.4084721], [11.7609298, 50.4050597], [11.7631619, 50.4065323], [11.7510821, 50.4131951], [11.751274, 50.4147465], [11.754932, 50.415977], [11.7723159, 50.4112678], [11.7745629, 50.4156634], [11.7803678, 50.4188269], [11.7862254, 50.4151902], [11.79265, 50.4183643], [11.7979616, 50.417075], [11.7986534, 50.4148622], [11.8173373, 50.4005057], [11.8253235, 50.4041424], [11.8277721, 50.3999533], [11.8183337, 50.3937902], [11.8192913, 50.3910721], [11.8245222, 50.3897329], [11.8320921, 50.3951784], [11.8350017, 50.3935448], [11.836017, 50.3956416], [11.8522524, 50.4018442], [11.8575459, 50.3993481], [11.8660413, 50.400795], [11.8680533, 50.4053087], [11.8753719, 50.4080028], [11.8803931, 50.4141414], [11.8851574, 50.4160628], [11.9058297, 50.4170964], [11.9059941, 50.419817], [11.9189495, 50.4247582], [11.9302472, 50.4209658], [11.9349229, 50.4236526], [11.9391951, 50.4181933], [11.945524, 50.4162739], [11.9432578, 50.4128943], [11.9458578, 50.4100665], [11.9540974, 50.4076087], [11.9475201, 50.3977243], [11.9490455, 50.3951477], [11.9513227, 50.3944226], [11.9529413, 50.3965938], [11.9573427, 50.3971485], [11.9604525, 50.3955441], [11.9645778, 50.3997868], [11.9691594, 50.3970242], [11.9694702, 50.3946229], [11.9754731, 50.3887462], [11.9837187, 50.3898533], [11.9805376, 50.3843233], [11.9813097, 50.3822317], [11.978612, 50.3798701], [11.9847197, 50.3753864], [11.9787207, 50.3691233], [11.9847813, 50.3649423], [11.9796763, 50.3648367], [11.9771399, 50.3618126], [11.9779029, 50.3605534], [11.9805894, 50.3618972], [11.9817634, 50.3585364], [11.9727268, 50.3520634], [11.9809499, 50.3492973], [11.9969533, 50.354016], [11.9983674, 50.3524957], [11.9967641, 50.3467097], [12.0082335, 50.34571], [12.0147296, 50.3476315], [12.0138563, 50.3442288], [12.0179522, 50.3409934], [12.0215495, 50.3394096], [12.0273753, 50.3410156], [12.030851, 50.3391885], [12.0294111, 50.3364743], [12.0325797, 50.3298254], [12.0414105, 50.3320935], [12.0390286, 50.3340968], [12.0378672, 50.3360935], [12.0459759, 50.3296169], [12.0456029, 50.3273479], [12.0489462, 50.323751], [12.0488892, 50.3285651], [12.046056, 50.331194], [12.049959, 50.3312769], [12.0537381, 50.3266679], [12.0527402, 50.3309508], [12.0580984, 50.3264561], [12.0559187, 50.331285], [12.0617906, 50.3289846], [12.0630081, 50.3294327], [12.0613467, 50.3308008], [12.0642772, 50.3329887], [12.0799737, 50.3268785], [12.0829989, 50.328661], [12.0823909, 50.3300747], [12.0913088, 50.3325205], [12.0896432, 50.3308026], [12.0929355, 50.3290664], [12.0902548, 50.3243133], [12.0941014, 50.3251703], [12.0961613, 50.3226709], [12.0980776, 50.3230825], [12.0996435, 50.3189727], [12.1048861, 50.3145639], [12.1150234, 50.3130707], [12.1260253, 50.3072441], [12.1192, 50.2987656], [12.1220197, 50.2960317], [12.1229511, 50.2907308], [12.1359152, 50.2838195], [12.1356016, 50.2810277], [12.1400487, 50.2778639], [12.1391065, 50.2761236], [12.1188338, 50.266531], [12.1123082, 50.2676827], [12.1059524, 50.263695], [12.0976138, 50.2623053], [12.1017197, 50.2589727], [12.1023238, 50.2555298], [12.090593, 50.2523755], [12.0975973, 50.2463835], [12.1066006, 50.2465946], [12.1089429, 50.2379831], [12.1269327, 50.2324302], [12.1412527, 50.2304686], [12.1417894, 50.2335936], [12.1510777, 50.2357163], [12.1518096, 50.2343097], [12.1453831, 50.2303941], [12.1574894, 50.2271835], [12.1586735, 50.2257308], [12.1572588, 50.2232412], [12.1620233, 50.2234556], [12.1603224, 50.219785], [12.1629637, 50.2199473], [12.1639704, 50.2179587], [12.1578659, 50.2145319], [12.1596949, 50.2112319], [12.1648592, 50.2134946], [12.1664154, 50.2120224], [12.1753852, 50.2128427], [12.1782918, 50.204816], [12.1835815, 50.2052405], [12.1861699, 50.203081], [12.1816494, 50.2005698], [12.1827047, 50.1991697], [12.1901462, 50.2007636], [12.1916072, 50.1986651], [12.1971702, 50.1989946], [12.1888555, 50.195541], [12.201186, 50.1886426], [12.2082792, 50.1743613], [12.2072957, 50.1694766], [12.2159697, 50.1682034], [12.2113924, 50.1589116], [12.2000503, 50.151499], [12.2034778, 50.1505497], [12.20131, 50.14826], [12.2036196, 50.1456913], [12.1951612, 50.1431663], [12.194596, 50.1376673], [12.1974156, 50.1355648], [12.1963422, 50.1228925], [12.2025864, 50.1153559], [12.1995662, 50.1108252], [12.200964, 50.1085699], [12.2067067, 50.1066131], [12.2104722, 50.1016806], [12.2212561, 50.1039119], [12.2286674, 50.1023851], [12.2273639, 50.0970867], [12.231419, 50.0943319], [12.2466126, 50.0975308], [12.2479938, 50.095741], [12.2443385, 50.0947132], [12.2460394, 50.0924158], [12.2483758, 50.0927576], [12.2485797, 50.0907764], [12.2523987, 50.0915804], [12.2529699, 50.0873981], [12.2654564, 50.0790123], [12.2754108, 50.076473], [12.2608472, 50.0643797], [12.2597202, 50.0610577], [12.2609832, 50.0584418], [12.2713081, 50.0613533], [12.2781348, 50.0576918], [12.279254, 50.055171], [12.2990179, 50.0586106], [12.311165, 50.0554369], [12.3143603, 50.0524715], [12.3172796, 50.0533696], [12.3191853, 50.0487061], [12.3157172, 50.0460289], [12.3244557, 50.0387744], [12.3258725, 50.0328314], [12.3288464, 50.0321885], [12.333453, 50.0347999], [12.3356746, 50.0385196], [12.3396548, 50.0393276], [12.3473574, 50.0366788], [12.3490359, 50.0320759], [12.3573775, 50.0255703], [12.3656978, 50.0227632], [12.3674931, 50.0174234], [12.378656, 50.0190975], [12.3777769, 50.0164829], [12.379702, 50.0138853], [12.3865968, 50.0124741], [12.4004312, 50.0150222], [12.4027826, 50.0131234], [12.3973935, 50.0088499], [12.4022905, 50.0077286], [12.4021351, 50.0049891], [12.4145468, 50.0045917], [12.4243398, 50.0003019], [12.4316509, 50.0025104], [12.431985, 50.0001903], [12.4352722, 49.998419], [12.4353017, 49.9935033], [12.4256832, 49.9909898], [12.431362, 49.9885726], [12.4314804, 49.984392], [12.4407226, 49.986418], [12.458966, 49.9947657], [12.4671639, 49.9928141], [12.4766092, 49.9807413], [12.4899586, 49.9816004], [12.4995578, 49.9720459], [12.4940221, 49.9698607], [12.4905553, 49.9585949], [12.4781864, 49.9567223], [12.4699908, 49.9483245], [12.4749306, 49.9385227], [12.478335, 49.9355348], [12.4943161, 49.936789], [12.4929923, 49.9331631], [12.5037754, 49.9296292], [12.5385522, 49.9248431], [12.5476748, 49.920493], [12.5512077, 49.9093084], [12.5500296, 49.9015379], [12.5398761, 49.8912319], [12.5354651, 49.8908066], [12.5216093, 49.8816898], [12.5187324, 49.8771506], [12.5185765, 49.8690683], [12.5120786, 49.8594006], [12.4978631, 49.8569341], [12.4979787, 49.8375246], [12.4832366, 49.8419329], [12.4730578, 49.8336697], [12.4762949, 49.8248671], [12.4733638, 49.8150974], [12.4640151, 49.8100531], [12.4705006, 49.8023249], [12.4705512, 49.7995215], [12.4654267, 49.7951142], [12.474184, 49.7919957], [12.4726499, 49.7861069], [12.4693059, 49.7871381], [12.4047615, 49.7627815], [12.4016136, 49.7593744], [12.4005548, 49.7538009], [12.4057081, 49.7481944], [12.4042986, 49.7456759], [12.4057843, 49.7403723], [12.412549, 49.7358853], [12.413208, 49.7322074], [12.4256975, 49.7305634], [12.4293756, 49.7201454], [12.43293, 49.7179565], [12.435183, 49.7124174], [12.4424511, 49.7038177], [12.4529802, 49.7010881], [12.4573281, 49.7020232], [12.4840477, 49.6939892], [12.485128, 49.6878718], [12.4913793, 49.6860146], [12.5052489, 49.6851769], [12.5146801, 49.6878433], [12.5219871, 49.6864409], [12.5225786, 49.6768424], [12.5299739, 49.6660822], [12.5224978, 49.6606785], [12.5231329, 49.6558304], [12.5261643, 49.6543209], [12.5172471, 49.6454018], [12.5182848, 49.6430934], [12.5285679, 49.6399596], [12.5280458, 49.6376434], [12.5225967, 49.6337976], [12.5231612, 49.6284988], [12.5342853, 49.626081], [12.5269131, 49.6222538], [12.5281035, 49.6180989], [12.5360538, 49.6179038], [12.5457849, 49.6212576], [12.5607428, 49.6196047], [12.5569424, 49.6142829], [12.5622777, 49.6090134], [12.56408, 49.5967605], [12.5766794, 49.5863417], [12.5707861, 49.5693801], [12.5742179, 49.5644038], [12.5743492, 49.559133], [12.5803911, 49.5556697], [12.5878676, 49.545775], [12.5949151, 49.5417212], [12.5885508, 49.5384854], [12.6145289, 49.5284274], [12.618971, 49.5293085], [12.6207709, 49.5265817], [12.6285974, 49.527007], [12.6306028, 49.5310662], [12.6361097, 49.5319826], [12.6441965, 49.5229631], [12.6421387, 49.5178648], [12.6438789, 49.5104193], [12.6394306, 49.500684], [12.6438615, 49.4943945], [12.6442144, 49.4849161], [12.6384987, 49.4831231], [12.6336486, 49.4761499], [12.6370958, 49.4759639], [12.6417011, 49.4698969], [12.6485484, 49.4682843], [12.6529981, 49.4602646], [12.6579773, 49.4503354], [12.655502, 49.4486546], [12.6582364, 49.4403549], [12.655553, 49.4347964], [12.6793717, 49.4260932], [12.7087051, 49.4247571], [12.7136417, 49.4197789], [12.7148146, 49.4141296], [12.7330417, 49.4098722], [12.7576685, 49.3947991], [12.7611005, 49.3825319], [12.7580742, 49.3752378], [12.7684278, 49.3653714], [12.7771367, 49.3639627], [12.7812853, 49.3604078], [12.7823633, 49.3592117], [12.7786377, 49.355242], [12.7787036, 49.3481563], [12.7857825, 49.3454587], [12.8030886, 49.3416241], [12.8372394, 49.340728], [12.8428927, 49.3423412], [12.8434918, 49.3450866], [12.8476677, 49.3444203], [12.8533895, 49.3381205], [12.8593513, 49.3388186], [12.876913, 49.3324778], [12.8868463, 49.3323503], [12.888865, 49.3334247], [12.8852896, 49.3403726], [12.8809926, 49.3435057], [12.8800124, 49.350403], [12.9013869, 49.3496286], [12.9193251, 49.3434459], [12.9291738, 49.3448143], [12.9390182, 49.3422528], [12.9452847, 49.3437959], [12.9500328, 49.3429108], [12.9584357, 49.3367434], [12.9639966, 49.3371168], [12.9726306, 49.3338608], [12.9787483, 49.3285063], [12.9886271, 49.323793], [12.9906896, 49.3194431], [13.0041856, 49.3120665], [13.0074017, 49.3059204], [13.0291143, 49.3043259], [13.0304184, 49.2875859], [13.0255378, 49.2787613], [13.0339847, 49.263927], [13.0553222, 49.2639231], [13.0582824, 49.2602229], [13.0567181, 49.2566524], [13.0604076, 49.2502037], [13.0676098, 49.2497829], [13.0682198, 49.2474618], [13.0727703, 49.2463568], [13.0808165, 49.2474065], [13.0884031, 49.2375684], [13.0886349, 49.2314454], [13.0862103, 49.2291211], [13.1141757, 49.2182578], [13.1143738, 49.2135485], [13.1098864, 49.2031309], [13.1171962, 49.1991808], [13.1293483, 49.1968895], [13.1372974, 49.1907524], [13.1417939, 49.1896681], [13.1486242, 49.1820199], [13.1617498, 49.1747891], [13.1708968, 49.1736238], [13.176901, 49.1642341], [13.1702957, 49.1440086], [13.1827775, 49.1344886], [13.2055344, 49.122178], [13.2360558, 49.1137199], [13.2764029, 49.1204818], [13.2891826, 49.1186381], [13.3127145, 49.1044962], [13.3242784, 49.1003368], [13.3277053, 49.0961098], [13.3360684, 49.0937868], [13.3393026, 49.0901912], [13.3441582, 49.0889065], [13.3464675, 49.0820112], [13.3544917, 49.0787041], [13.3637963, 49.0690689], [13.3704935, 49.0674607], [13.3762187, 49.0582655], [13.3835855, 49.057359], [13.3863445, 49.0528213], [13.3921772, 49.0543463], [13.3973727, 49.050664], [13.3969592, 49.0442183], [13.3916747, 49.0421508], [13.3996626, 49.0370711], [13.4018706, 49.0289654], [13.4058312, 49.0238492], [13.4018118, 49.0209692], [13.4002881, 49.0156746], [13.4029807, 49.0106389], [13.4085684, 49.0072553], [13.4094137, 49.0032276], [13.4022638, 48.9944394], [13.4027247, 48.9872264], [13.4243981, 48.9774108], [13.4261946, 48.9724925], [13.4335358, 48.9716851], [13.4429843, 48.9658334], [13.4592594, 48.9626738], [13.4691373, 48.9544291], [13.4834718, 48.9513538], [13.4844537, 48.948182], [13.4957744, 48.9414872], [13.5082771, 48.9421362], [13.5082932, 48.9510564], [13.5058639, 48.9599107], [13.5070734, 48.9691115], [13.5158917, 48.9687407], [13.5292768, 48.9740476], [13.5370046, 48.973398], [13.5433668, 48.9680225], [13.5480557, 48.9668786], [13.5571329, 48.9670677], [13.5632366, 48.9704972], [13.5727226, 48.9660185], [13.5759666, 48.9701625], [13.5839023, 48.9692081], [13.5930013, 48.9608858], [13.5892378, 48.9562963], [13.5903409, 48.9529709], [13.5978157, 48.946012], [13.6102455, 48.9386225], [13.6079209, 48.9435065], [13.6139384, 48.9443316], [13.621575, 48.9489853], [13.6286031, 48.9492428], [13.6311477, 48.9469929], [13.6238364, 48.9422172], [13.6224888, 48.9388052], [13.6380208, 48.9256898], [13.6380187, 48.9192256], [13.6453472, 48.9112291], [13.6554752, 48.8935737], [13.6612403, 48.8944143], [13.6696397, 48.8905131], [13.6680066, 48.8878694], [13.6694086, 48.8837232], [13.6714328, 48.8801409], [13.6759378, 48.8787335], [13.6841972, 48.879949], [13.6892539, 48.8782291], [13.7022334, 48.8817161], [13.7168135, 48.8782155], [13.7250813, 48.8813176], [13.7305717, 48.8871084], [13.7379384, 48.8860115], [13.7373075, 48.8793225], [13.7436337, 48.8758486], [13.7471414, 48.8692689], [13.7505939, 48.8668271], [13.7494211, 48.859635], [13.7549194, 48.8549333], [13.7627982, 48.8394075], [13.7656405, 48.8375918], [13.7644284, 48.8344708], [13.7698422, 48.830781], [13.7788007, 48.8323973], [13.7929153, 48.8300498], [13.7881294, 48.8249082], [13.7946116, 48.821606], [13.7983398, 48.8172729], [13.7955816, 48.8148464], [13.8152377, 48.7970878], [13.8082268, 48.7834232], [13.8036497, 48.7809293], [13.8131798, 48.7739964], [13.831396, 48.7707911], [13.8395515, 48.7716206], [13.8395409, 48.7663617], [13.8361347, 48.7627378], [13.8209748, 48.7543887], [13.821459, 48.744755], [13.8178202, 48.7358188], [13.8190481, 48.7317973], [13.8103868, 48.728937], [13.8084232, 48.7245836], [13.8020525, 48.7201576], [13.8018776, 48.7172993], [13.7948787, 48.7150361], [13.8031807, 48.708054], [13.8114075, 48.7086967], [13.8128909, 48.7050921], [13.8111944, 48.7025776], [13.8140747, 48.7009038], [13.8167993, 48.7015454], [13.8204387, 48.6990708], [13.8374192, 48.7005462], [13.8335227, 48.6918616], [13.8171014, 48.6948403], [13.8134888, 48.6918328], [13.8131378, 48.6835421], [13.8166601, 48.6813207], [13.8197648, 48.6704478], [13.8140767, 48.6496636], [13.8239369, 48.6421546], [13.8216388, 48.6387115], [13.826491, 48.6348513], [13.8254279, 48.6306955], [13.8271725, 48.6280356], [13.82344, 48.6253854], [13.8257897, 48.6185762], [13.8229691, 48.6174734], [13.8225958, 48.6142318], [13.816008, 48.6145734], [13.8141012, 48.6122463], [13.8148893, 48.6096389], [13.8103563, 48.6086011], [13.8101341, 48.6059109], [13.8073709, 48.6049653], [13.8086569, 48.5999322], [13.8012712, 48.5973938], [13.801516, 48.5925904], [13.807048, 48.5900555], [13.8051205, 48.5888972], [13.8072865, 48.5844378], [13.8009246, 48.5735989], [13.7903694, 48.5718639], [13.7885288, 48.5685245], [13.7812102, 48.5654103], [13.7814037, 48.5633661], [13.7701003, 48.553588], [13.7681141, 48.5536439], [13.7602641, 48.5654531], [13.7540684, 48.5635717], [13.7504856, 48.5576676], [13.7480663, 48.5567388], [13.7493031, 48.5539909], [13.7466535, 48.5524086], [13.7548599, 48.5511572], [13.7436572, 48.5440494], [13.7450221, 48.5404421], [13.7489038, 48.5380064], [13.7477763, 48.5293901], [13.7333067, 48.5253021], [13.7334937, 48.5221184], [13.7307538, 48.5211009], [13.7322366, 48.5165936], [13.730512, 48.5147674], [13.7270837, 48.5130182], [13.7068162, 48.5172723], [13.6859309, 48.5284109], [13.6641008, 48.534169], [13.6606944, 48.536876], [13.653746, 48.548885], [13.6246433, 48.5544573], [13.5997712, 48.5693883], [13.589713, 48.5685337], [13.5815411, 48.5596761], [13.5709044, 48.5609764], [13.5435033, 48.5747864], [13.5276986, 48.5871515], [13.5172549, 48.590585], [13.5089626, 48.5905995], [13.505171, 48.5878242], [13.5016328, 48.5808924], [13.5069693, 48.5777326], [13.5040344, 48.5725145], [13.4918852, 48.5696995], [13.4933921, 48.5669818], [13.4887984, 48.5627978], [13.4848832, 48.561535], [13.4789327, 48.5646679], [13.4744974, 48.5623713], [13.476411, 48.5589474], [13.4753731, 48.5560605], [13.4635543, 48.5539753], [13.4499783, 48.5639466], [13.4378394, 48.5574418], [13.43681, 48.5543054], [13.4386567, 48.548504], [13.450146, 48.537649], [13.449995, 48.5335548], [13.4449962, 48.5290696], [13.4464251, 48.52358], [13.4581768, 48.5119092], [13.4480038, 48.4964703], [13.4465914, 48.4909889], [13.4269976, 48.456641], [13.4282198, 48.4513035], [13.4388706, 48.4386126], [13.4393132, 48.4308398], [13.4219562, 48.4047174], [13.4179701, 48.3849422], [13.4113572, 48.3747104], [13.3676606, 48.3531801], [13.329798, 48.3235141], [13.2562164, 48.29356], [13.1808424, 48.2949917], [13.128223, 48.2784592], [13.0805772, 48.2771446], [13.0574829, 48.2662386], [13.0216802, 48.2578178], [13.0122757, 48.2524303], [12.9990984, 48.2375768], [12.9666233, 48.2146695], [12.9561334, 48.209281], [12.9457528, 48.2067401], [12.9170166, 48.2064432], [12.8700508, 48.2013101], [12.8650109, 48.1975787], [12.8605175, 48.1850908], [12.8523479, 48.1775714], [12.8477105, 48.1673748], [12.8360466, 48.1653333], [12.8345785, 48.1581508], [12.8275304, 48.1529122], [12.8117505, 48.151553], [12.7994023, 48.1467763], [12.797286, 48.1383463], [12.7869191, 48.1237109], [12.7821685, 48.1231297], [12.7739737, 48.1275519], [12.7669988, 48.1288507], [12.7581257, 48.1260686], [12.7586685, 48.1186952], [12.7502849, 48.1116447], [12.749244, 48.1085127], [12.7529806, 48.0868349], [12.7594809, 48.0751672], [12.770193, 48.0661325], [12.8386803, 48.0251359], [12.8502052, 48.016211], [12.857299, 48.0076006], [12.8685486, 47.9710105], [12.8739101, 47.9639227], [12.8838918, 47.9594768], [12.9100728, 47.9573634], [12.9173263, 47.9549968], [12.9206776, 47.9513751], [12.919334, 47.9422635], [12.92261, 47.9393554], [12.9322989, 47.939946], [12.9357733, 47.9439371], [12.938171, 47.9432828], [12.9407328, 47.932194], [12.945895, 47.9227613], [12.964173, 47.9037003], [12.9815668, 47.8768055], [13.0013973, 47.8543925], [13.0033609, 47.8500223], [13.0027151, 47.8417655], [12.9842464, 47.8277876], [12.9641876, 47.7999998], [12.947001, 47.7863663], [12.9395904, 47.7850099], [12.938412, 47.7833238], [12.9396953, 47.7783908], [12.9302348, 47.7739569], [12.9277236, 47.7698848], [12.934804, 47.7722781], [12.9347799, 47.7701906], [12.9422359, 47.7709804], [12.9448157, 47.7644088], [12.9407334, 47.7598537], [12.935126, 47.7579298], [12.9379404, 47.7578786], [12.9352022, 47.7473215], [12.9309793, 47.7448529], [12.9182359, 47.7425822], [12.9123306, 47.7370002], [12.9107219, 47.7316093], [12.9045536, 47.7274474], [12.9052681, 47.7234383], [12.9129543, 47.7173515], [12.9229881, 47.7138568], [12.9250331, 47.7103136], [12.9331693, 47.7095538], [12.9464151, 47.7121844], [12.9555434, 47.7077985], [12.9627018, 47.7094851], [12.9738047, 47.7071526], [12.9914808, 47.708646], [12.9949796, 47.7130617], [13.00193, 47.7132685], [13.0045312, 47.7151269], [13.0059574, 47.716935], [13.0047574, 47.7180526], [13.0086562, 47.7223761], [13.0183382, 47.7228752], [13.0287562, 47.7158505], [13.0334804, 47.7164978], [13.0460629, 47.7126266], [13.0608569, 47.6971475], [13.0691981, 47.6919276], [13.0742347, 47.691866], [13.0807484, 47.6870338], [13.0768889, 47.6728312], [13.0780811, 47.6668746], [13.0800589, 47.6624823], [13.0844464, 47.6604735], [13.0894697, 47.6542733], [13.0884972, 47.649121], [13.0970234, 47.6407055], [13.0989358, 47.6351717], [13.0958947, 47.6279971], [13.0806007, 47.6189621], [13.0716597, 47.6105671], [13.0695006, 47.6048336], [13.062619, 47.6014623], [13.0648284, 47.5954736], [13.0712065, 47.5914622], [13.0720923, 47.5884387], [13.0706416, 47.586978], [13.0436523, 47.5833636], [13.045112, 47.579164], [13.0415725, 47.5764859], [13.0426632, 47.573717], [13.0507192, 47.563552], [13.0574986, 47.5621479], [13.0551844, 47.5595819], [13.0557034, 47.5573407], [13.0447227, 47.5502968], [13.0435275, 47.5460715], [13.0371853, 47.5428454], [13.0381285, 47.5411259], [13.0316986, 47.5355227], [13.0309256, 47.5325668], [13.0462606, 47.5238746], [13.0472929, 47.521496], [13.0432772, 47.5199306], [13.0437905, 47.5160837], [13.0466997, 47.5147714], [13.0460884, 47.5037365], [13.0482783, 47.4981464], [13.04597, 47.4946602], [13.0476465, 47.4921627], [13.0418917, 47.4887469], [13.0268945, 47.4866965], [13.0219457, 47.4775869], [13.0197695, 47.4774565], [13.0162226, 47.4718923], [13.0066207, 47.4643842], [13.0010473, 47.4640123], [12.9973817, 47.469575], [12.9934, 47.4717096], [12.9947678, 47.4786439], [12.9894318, 47.4775801], [12.9855798, 47.4814763], [12.9778859, 47.4829529], [12.9780077, 47.4846889], [12.9734779, 47.4832616], [12.9726828, 47.474304], [12.9681513, 47.474451], [12.9087264, 47.4969431], [12.8844722, 47.5127584], [12.8852644, 47.5184963], [12.8828416, 47.5206153], [12.8671669, 47.523992], [12.8632834, 47.5280525], [12.8572638, 47.5269386], [12.8517108, 47.5307857], [12.8476923, 47.5459785], [12.8177288, 47.544902], [12.807262, 47.5483949], [12.7943155, 47.5570041], [12.7923685, 47.5651064], [12.7842817, 47.5688641], [12.7800626, 47.5745156], [12.7791497, 47.5791416], [12.7874362, 47.5886054], [12.7953337, 47.5931666], [12.7913246, 47.5977696], [12.7928837, 47.6005732], [12.7993926, 47.6052105], [12.8027981, 47.6054066], [12.8073584, 47.6102534], [12.8132705, 47.6119811], [12.822879, 47.6096079], [12.8244836, 47.6121071], [12.7897064, 47.6332181], [12.7809381, 47.6326508], [12.7585755, 47.6515501], [12.7606524, 47.6549518], [12.7676427, 47.655435], [12.7784548, 47.660917], [12.7780271, 47.6628599], [12.7840532, 47.6715362], [12.7811652, 47.6738182], [12.7720703, 47.6656349], [12.7633051, 47.6670423], [12.7572069, 47.6630364], [12.7547091, 47.6681178], [12.7460726, 47.6749897], [12.7321173, 47.6796706], [12.715232, 47.6762902], [12.7051123, 47.6811271], [12.7007336, 47.6796779], [12.6958024, 47.6822111], [12.6782362, 47.6824604], [12.6661134, 47.6810368], [12.6572696, 47.6760744], [12.654889, 47.6720806], [12.6483117, 47.6701253], [12.6456207, 47.6735419], [12.6387706, 47.6710362], [12.6300882, 47.6762168], [12.6168761, 47.6724445], [12.6073437, 47.6737269], [12.5969025, 47.6661084], [12.5828802, 47.6473246], [12.5780103, 47.6342199], [12.5750269, 47.6323152], [12.536374, 47.6364725], [12.5122716, 47.625307], [12.4991695, 47.6251006], [12.4906589, 47.6350586], [12.4913477, 47.6369024], [12.465113, 47.649733], [12.4538456, 47.6633549], [12.4527426, 47.6678963], [12.4452732, 47.6708709], [12.4445839, 47.6738872], [12.440743, 47.6739052], [12.4389352, 47.6761953], [12.4407966, 47.6771199], [12.4395381, 47.6797459], [12.4429966, 47.6918376], [12.4400708, 47.6952305], [12.4326253, 47.694443], [12.4291199, 47.6963833], [12.4013715, 47.6922737], [12.3636175, 47.6838421], [12.3570348, 47.6904277], [12.3514538, 47.6920989], [12.3397571, 47.6903488], [12.3361021, 47.6918137], [12.3350634, 47.6926978], [12.3380351, 47.697055], [12.2847204, 47.6901459], [12.2775137, 47.6878885], [12.2632436, 47.6783215], [12.2552499, 47.6794511], [12.2529718, 47.6838412], [12.2458853, 47.6877517], [12.2412609, 47.6943766], [12.2469234, 47.7109573], [12.2507067, 47.7126943], [12.2649807, 47.7325165], [12.2631886, 47.7369079], [12.2570286, 47.7430345], [12.2497055, 47.7415525], [12.2267425, 47.7181373], [12.2119569, 47.7111967], [12.2059577, 47.7105179], [12.2036359, 47.7074327], [12.1964516, 47.7084799], [12.1835036, 47.7004961], [12.1624246, 47.701167], [12.1683802, 47.680558], [12.1822372, 47.668039], [12.1849988, 47.6596885], [12.1990868, 47.6408506], [12.2037036, 47.6229714], [12.2082498, 47.6134704], [12.2073109, 47.6097073], [12.2039614, 47.6067646], [12.1858448, 47.6047352], [12.1781491, 47.6008901], [12.1814362, 47.6103544], [12.1790043, 47.6143898], [12.1635669, 47.6134367], [12.1398022, 47.6053353], [12.1290224, 47.6056493], [12.1152172, 47.6114504], [12.0823518, 47.6097453], [12.0781745, 47.6135126], [12.060719, 47.6188294], [12.0512284, 47.6148816], [12.0373288, 47.6176226], [12.0285913, 47.6112599], [12.0219093, 47.611083], [12.0196276, 47.6119571], [12.0127625, 47.6232007], [12.0085326, 47.6251781], [11.9994677, 47.6215034], [11.9809046, 47.6188651], [11.976229, 47.6129776], [11.9744184, 47.6153987], [11.9681661, 47.6172392], [11.9333303, 47.6127291], [11.9136975, 47.613838], [11.9022567, 47.6082267], [11.895155, 47.6090464], [11.8635552, 47.6008644], [11.8549553, 47.6023579], [11.8473688, 47.5823238], [11.8440415, 47.5812118], [11.8294452, 47.5821237], [11.8274462, 47.5855079], [11.8170056, 47.5843955], [11.789562, 47.587692], [11.7810482, 47.5911967], [11.7453084, 47.5877161], [11.7001715, 47.5889654], [11.6812597, 47.5838292], [11.6728491, 47.5854649], [11.6603082, 47.5838042], [11.6492739, 47.5903476], [11.6433452, 47.5893018], [11.6413142, 47.5933877], [11.6361799, 47.5945549], [11.6329856, 47.592591], [11.631042, 47.5866321], [11.6344492, 47.5819857], [11.6334888, 47.5805894], [11.6195346, 47.5843831], [11.6130527, 47.5798373], [11.6057627, 47.5810794], [11.5999481, 47.5665075], [11.5903523, 47.5597916], [11.5868807, 47.5547196], [11.589651, 47.5517968], [11.5857454, 47.5454823], [11.5886561, 47.5313233], [11.5881089, 47.5254507], [11.5773109, 47.5202222], [11.5724166, 47.5145064], [11.5517996, 47.5133805], [11.5337173, 47.5088714], [11.5186116, 47.5110024], [11.5125354, 47.5063605], [11.5056645, 47.5047271], [11.4990692, 47.5073404], [11.4894772, 47.5070775], [11.487603, 47.5090036], [11.4559183, 47.5089679], [11.4493318, 47.5072432], [11.44209, 47.517917], [11.4331652, 47.5138859], [11.4218866, 47.5063237], [11.4205505, 47.5034947], [11.4166252, 47.5022682], [11.4075816, 47.4905883], [11.3993058, 47.4867674], [11.395078, 47.4822419], [11.3908127, 47.4821578], [11.3838429, 47.4723745], [11.3899958, 47.4669484], [11.4094382, 47.4667359], [11.4083332, 47.4643377], [11.4105953, 47.4626627], [11.4121722, 47.4555558], [11.4211938, 47.4445915], [11.4154242, 47.4470178], [11.4074327, 47.445851], [11.4023542, 47.4480784], [11.3887599, 47.4465161], [11.3850316, 47.4486128], [11.3769449, 47.4491734], [11.3711221, 47.4454217], [11.3645376, 47.4448188], [11.3574294, 47.4487571], [11.350073, 47.4475129], [11.3386129, 47.4499229], [11.3312651, 47.4446175], [11.3312896, 47.439033], [11.3296715, 47.4380969], [11.3212636, 47.4377249], [11.3177038, 47.4324673], [11.3142425, 47.4308998], [11.2996213, 47.4307657], [11.2977216, 47.4285043], [11.2910304, 47.4270797], [11.2902425, 47.4221218], [11.2932679, 47.4191276], [11.290057, 47.4072642], [11.2811384, 47.4006155], [11.2698847, 47.3975653], [11.2628683, 47.3993551], [11.2369269, 47.3981011], [11.2249594, 47.3952524], [11.2223073, 47.3973463], [11.2240265, 47.4015382], [11.2307144, 47.4056486], [11.2323549, 47.4107696], [11.2397332, 47.4156755], [11.2403488, 47.4195505], [11.2534161, 47.4282377], [11.2489708, 47.4325754], [11.2213137, 47.4305061], [11.2069902, 47.4339396], [11.198392, 47.4276344], [11.1800302, 47.4263842], [11.169186, 47.4224755], [11.1559917, 47.4211551], [11.1410105, 47.4141137], [11.1280711, 47.4121964], [11.1225528, 47.4063541], [11.1238288, 47.3996333], [11.114824, 47.3954556], [11.1002707, 47.3942824], [11.0942053, 47.3959282], [11.0615533, 47.3965466], [11.0534001, 47.3961121], [11.0486024, 47.3939066], [11.0382091, 47.3965894], [11.028455, 47.393369], [11.0231808, 47.3970782], [11.0049719, 47.3941292], [10.9795552, 47.3969636], [10.9718964, 47.3995575], [10.9696958, 47.4039697], [10.9711117, 47.4084619], [10.968792, 47.4118666], [10.9716929, 47.4172673], [10.9804486, 47.4183487], [10.984616, 47.4209797], [10.9836122, 47.4300177], [10.9581723, 47.4515472], [10.9295387, 47.4702317], [10.9288081, 47.473178], [10.9384622, 47.4799665], [10.9371742, 47.4811371], [10.9099244, 47.4855481], [10.8814595, 47.479178], [10.8744802, 47.4803881], [10.8700396, 47.483255], [10.8695266, 47.4880005], [10.8717779, 47.4931197], [10.8700552, 47.4982856], [10.8719887, 47.5003627], [10.8908218, 47.5075829], [10.918007, 47.5136312], [10.9185975, 47.5173359], [10.9158416, 47.5193689], [10.9055145, 47.5174765], [10.9009027, 47.5210562], [10.8926869, 47.530491], [10.890311, 47.5373142], [10.862118, 47.5339992], [10.853562, 47.5346673], [10.8484803, 47.5302265], [10.8399842, 47.5277489], [10.8385263, 47.5254472], [10.8316544, 47.5283659], [10.8131433, 47.5264301], [10.8110676, 47.5243217], [10.8126224, 47.5200321], [10.7954152, 47.521195], [10.777508, 47.5139211], [10.7764126, 47.5156782], [10.7637598, 47.5195919], [10.7621865, 47.5227115], [10.7646093, 47.5248972], [10.763958, 47.5282841], [10.7585038, 47.5344939], [10.7510481, 47.537277], [10.7183807, 47.538138], [10.7089737, 47.5437178], [10.6945958, 47.5447809], [10.6902266, 47.5553646], [10.6924026, 47.5560098], [10.6910027, 47.5587703], [10.6780074, 47.5562275], [10.6765632, 47.559003], [10.6347529, 47.559044], [10.6260938, 47.5610121], [10.6260881, 47.5629565], [10.6190545, 47.5668703], [10.608131, 47.5658021], [10.5979477, 47.5697413], [10.5959083, 47.5649107], [10.5898528, 47.5598248], [10.5803298, 47.5556614], [10.5793036, 47.5532447], [10.582347, 47.550178], [10.5817954, 47.5479661], [10.5729847, 47.5337474], [10.5639853, 47.5341059], [10.5628016, 47.5363176], [10.558885, 47.5373323], [10.5245223, 47.535167], [10.4889121, 47.540403], [10.4723343, 47.5511101], [10.4604899, 47.5526228], [10.4544285, 47.5557972]], [[10.4544285, 47.5557972], [10.4672359, 47.56776], [10.4731526, 47.5700777], [10.4707128, 47.5797253], [10.479112, 47.5806788], [10.4820072, 47.584485], [10.4726799, 47.5846508], [10.4723901, 47.5869399], [10.4696663, 47.5871297], [10.4558123, 47.582656], [10.4370007, 47.5841962], [10.4329415, 47.5815748], [10.4353961, 47.5794039], [10.428999, 47.5776114], [10.4335774, 47.5727561], [10.4318945, 47.5723625], [10.4331329, 47.5695363], [10.4362763, 47.5676915], [10.445211, 47.5672392], [10.4502075, 47.5553621], [10.4544285, 47.5557972]]], [[[10.09893794373938, 48.211973403448276], [10.08767627268374, 48.2071427], [10.085542183993946, 48.2124206908046], [10.091511153118725, 48.21134720114943], [10.090648608733664, 48.21394146781609], [10.095028822394884, 48.21635681954023], [10.08960383666162, 48.21671464942529], [10.088283698307022, 48.219666745977015], [10.092724654530569, 48.22154535287356], [10.088874925913682, 48.222082097701154], [10.082625191167475, 48.23022272758621], [10.085567830853595, 48.2329959091954], [10.08838628574562, 48.23165404712644], [10.092889334366214, 48.23272753678161], [10.085756807714171, 48.23541126091954], [10.08900451004665, 48.23898955977012], [10.088433529960765, 48.24498321034483], [10.091042760471439, 48.24543049770115], [10.090072229308907, 48.24793530689655], [10.092346700809417, 48.24829313678161], [10.095701040084649, 48.239794677011496], [10.103778451039576, 48.2407787091954], [10.105087790716427, 48.23755824022989], [10.108848296172535, 48.23970441179783], [10.108099271973185, 48.23657420804598], [10.11314225448114, 48.23746878275862], [10.114353056223546, 48.235858548275864], [10.11892494641478, 48.236932037931034], [10.118297273270722, 48.23845281494253], [10.124405275371497, 48.24256785862069], [10.150135824773702, 48.248561509195405], [10.148043580960177, 48.24551995517241], [10.1536049, 48.24623561494253], [10.146234802437517, 48.2355007183908], [10.146329290867806, 48.23138567471265], [10.149244933859556, 48.229507067816094], [10.146774736324879, 48.22905978045977], [10.149406914025764, 48.22574985402299], [10.141834341255521, 48.22413961954023], [10.145208928051531, 48.223423959770116], [10.14541140325929, 48.215641159770115], [10.142549753656276, 48.21734085172414], [10.144210050359911, 48.2149255], [10.138932196610954, 48.21537278735632], [10.133715085424326, 48.2124206908046], [10.124077265534925, 48.21081045632184], [10.12437827867713, 48.21259960574713], [10.118706273190398, 48.21009479655173], [10.11675171251815, 48.211794488505745], [10.110626162566035, 48.211883945977014], [10.105029747823535, 48.209647509195406], [10.09893794373938, 48.211973403448276]]]]}}, {"type": "Feature", "properties": {"name": "Südwest", "verband": "Südwest"}, "geometry": {"type": "Polygon", "coordinates": [[[7.3937934, 49.3150667], [7.3927385, 49.3208191], [7.3860771, 49.3201476], [7.3811622, 49.3163136], [7.3778267, 49.3200022], [7.3847966, 49.3207975], [7.3875089, 49.3248538], [7.3932631, 49.3281111], [7.3966989, 49.3358904], [7.402853, 49.3376912], [7.4013813, 49.3390301], [7.4048307, 49.3423527], [7.4010453, 49.3445234], [7.4036669, 49.3461213], [7.3982767, 49.347999], [7.3997465, 49.34867], [7.3992145, 49.3514627], [7.3914066, 49.3499058], [7.3911417, 49.3531985], [7.402768, 49.3559412], [7.3931444, 49.3633983], [7.4017471, 49.3677088], [7.4011102, 49.3706465], [7.3971358, 49.3718824], [7.3829092, 49.3665093], [7.3662876, 49.3634952], [7.3667527, 49.3694194], [7.3693445, 49.3739625], [7.3548782, 49.374497], [7.3557947, 49.3797644], [7.3411173, 49.3808032], [7.3311729, 49.3788464], [7.3021548, 49.3859717], [7.3032371, 49.3891973], [7.2897041, 49.3896592], [7.2920577, 49.3928439], [7.289663, 49.3932298], [7.2988987, 49.3984403], [7.2943284, 49.4010427], [7.2970677, 49.4045753], [7.2914168, 49.4106249], [7.291253, 49.4158558], [7.282267, 49.4174601], [7.2727814, 49.4242243], [7.2611172, 49.423384], [7.2600512, 49.4262111], [7.2568357, 49.4259941], [7.2504577, 49.4349733], [7.2537307, 49.4362181], [7.2521039, 49.4369064], [7.2553578, 49.4405665], [7.2488757, 49.4430152], [7.2462765, 49.4461825], [7.2662222, 49.4524562], [7.2698477, 49.4519032], [7.2873842, 49.4564158], [7.2863133, 49.4599104], [7.3019032, 49.4668545], [7.3006788, 49.4694218], [7.3056425, 49.4741398], [7.3005623, 49.4770385], [7.2959949, 49.4833477], [7.2930333, 49.4818069], [7.2781844, 49.4841756], [7.2817759, 49.4860644], [7.2796942, 49.4872813], [7.281502, 49.4885591], [7.2825818, 49.4953874], [7.2871604, 49.4988799], [7.2866287, 49.5005825], [7.2826814, 49.5014225], [7.2852653, 49.5045087], [7.2814185, 49.5051704], [7.2827964, 49.5099479], [7.288686, 49.5130825], [7.2858495, 49.5168482], [7.2940872, 49.5196048], [7.2938344, 49.5216973], [7.2967898, 49.5228397], [7.2990634, 49.5204122], [7.3018651, 49.5214015], [7.2987005, 49.5178281], [7.301361, 49.5179608], [7.3077062, 49.5197804], [7.309201, 49.5235266], [7.3008131, 49.5299981], [7.2995498, 49.5291315], [7.2990683, 49.5316134], [7.3030615, 49.5356317], [7.2873217, 49.5346147], [7.2846078, 49.536641], [7.2758086, 49.5378296], [7.2769354, 49.5486094], [7.2738259, 49.552531], [7.2752307, 49.5577614], [7.267159, 49.5636764], [7.2689905, 49.5648732], [7.2677107, 49.5679582], [7.2623275, 49.5719368], [7.2620605, 49.5757173], [7.2684616, 49.5841728], [7.2621375, 49.5840984], [7.258907, 49.578307], [7.2526129, 49.5739015], [7.2394737, 49.572803], [7.2414133, 49.5706474], [7.2392611, 49.5686639], [7.231133, 49.5679772], [7.2247469, 49.5649485], [7.2134306, 49.5656402], [7.2099212, 49.5681421], [7.2139811, 49.5744006], [7.2100141, 49.5771375], [7.1896719, 49.5773611], [7.1877442, 49.5754193], [7.182141, 49.5825915], [7.1723154, 49.5861041], [7.1712205, 49.5877599], [7.1732072, 49.5878669], [7.1757078, 49.5952641], [7.1722763, 49.6009434], [7.1633516, 49.6007984], [7.1523732, 49.6035611], [7.1462241, 49.6024472], [7.1413268, 49.5970028], [7.1215426, 49.595596], [7.1047401, 49.5990537], [7.1031572, 49.604045], [7.1002246, 49.6056479], [7.1009775, 49.6023823], [7.0926857, 49.603488], [7.0881834, 49.5994375], [7.0870116, 49.6022642], [7.083827, 49.6032711], [7.0848853, 49.6050748], [7.0798454, 49.6118711], [7.0592575, 49.630237], [7.027988, 49.639343], [7.0329802, 49.6437565], [7.0461063, 49.6501498], [7.0507547, 49.6548073], [7.0520145, 49.6595907], [7.0436146, 49.6728962], [7.0530233, 49.6733012], [7.0510846, 49.674701], [7.0537966, 49.6771629], [7.0598903, 49.6758039], [7.0652015, 49.6768788], [7.0613881, 49.6809113], [7.0426068, 49.6897843], [7.0528703, 49.6988483], [7.0701764, 49.7097609], [7.0810232, 49.7202749], [7.09598, 49.728656], [7.1080082, 49.7446267], [7.1241039, 49.7508155], [7.1313118, 49.7576518], [7.1309689, 49.7633693], [7.1252202, 49.7722098], [7.1272034, 49.7768586], [7.1452824, 49.7858544], [7.1658478, 49.800594], [7.1892561, 49.8124626], [7.2145417, 49.8301847], [7.2237533, 49.8332324], [7.2623777, 49.8535436], [7.2632946, 49.855239], [7.2591876, 49.8615343], [7.2505874, 49.8655768], [7.2455471, 49.8703113], [7.2384021, 49.8734619], [7.2381542, 49.8719251], [7.2410847, 49.8706662], [7.2401619, 49.8693274], [7.2374953, 49.8675496], [7.2333649, 49.8689684], [7.2305333, 49.8717221], [7.2358169, 49.87564], [7.2273507, 49.8792881], [7.2290967, 49.8808742], [7.2223216, 49.885012], [7.2336426, 49.8899982], [7.2398269, 49.8951755], [7.2511392, 49.8939736], [7.2573813, 49.890277], [7.2808652, 49.8994667], [7.28716, 49.8896671], [7.2827077, 49.8871494], [7.280899, 49.8831399], [7.2939101, 49.8790013], [7.2995063, 49.8827619], [7.3109906, 49.8842768], [7.3202403, 49.890773], [7.3210849, 49.8920768], [7.3190553, 49.8929464], [7.3232348, 49.8992531], [7.3310327, 49.900501], [7.3362439, 49.8986122], [7.3377897, 49.8956945], [7.3501219, 49.8972164], [7.356809, 49.9000581], [7.3875355, 49.8961095], [7.3893463, 49.8931349], [7.3943819, 49.8933564], [7.3967517, 49.8880305], [7.3923239, 49.8860317], [7.3977761, 49.8802293], [7.3930558, 49.8767657], [7.3947176, 49.8767307], [7.3931708, 49.8722792], [7.3945336, 49.8673468], [7.3930098, 49.8659469], [7.3956795, 49.8616554], [7.3872927, 49.8614994], [7.3867328, 49.8595006], [7.3985341, 49.8557011], [7.4042252, 49.8585118], [7.4119371, 49.8580578], [7.4140668, 49.8537363], [7.4254022, 49.8508217], [7.4195161, 49.8451763], [7.4242414, 49.8406098], [7.4509045, 49.8542433], [7.4520034, 49.856712], [7.4678074, 49.8661155], [7.4737962, 49.86584], [7.4764348, 49.8630784], [7.4798363, 49.8643712], [7.4860564, 49.8620445], [7.489048, 49.8588059], [7.496291, 49.8608276], [7.5115697, 49.8703836], [7.5320597, 49.8873737], [7.5417666, 49.8914267], [7.5442839, 49.8958198], [7.5592377, 49.8960218], [7.5727168, 49.8994324], [7.5810685, 49.9085004], [7.5958604, 49.9181813], [7.6174642, 49.9254256], [7.6309902, 49.9351685], [7.646355, 49.931201], [7.6505761, 49.9280479], [7.6513243, 49.9315829], [7.6621027, 49.939864], [7.6579123, 49.9461093], [7.6587552, 49.9540434], [7.6688037, 49.9591519], [7.666401, 49.9686038], [7.6821817, 49.9770389], [7.7057864, 49.9797892], [7.7022829, 49.9822392], [7.7015068, 49.9858199], [7.69355, 49.9908024], [7.6941319, 49.9921982], [7.6859671, 49.9967377], [7.6867499, 50.0007512], [7.7053312, 49.9995984], [7.713929, 49.9971037], [7.7346262, 49.9986854], [7.7272186, 50.0015785], [7.7321905, 50.0047745], [7.7297048, 50.0062754], [7.7270562, 50.0017963], [7.7173695, 50.0059277], [7.7147552, 50.0100509], [7.7090696, 50.0088291], [7.699483, 50.0125269], [7.7012518, 50.0153796], [7.6971094, 50.0171234], [7.6950159, 50.0233072], [7.6909324, 50.0253529], [7.6929655, 50.0296314], [7.6949511, 50.0300172], [7.693197, 50.0313685], [7.6853927, 50.0316937], [7.6832591, 50.028424], [7.6663364, 50.0312777], [7.6649629, 50.0332445], [7.6686014, 50.0343014], [7.6737516, 50.0411827], [7.7059379, 50.0631403], [7.7148266, 50.0652481], [7.7180501, 50.0682367], [7.7271988, 50.0714224], [7.732423, 50.0718453], [7.7314742, 50.0726502], [7.7445402, 50.0772237], [7.7465629, 50.0794865], [7.752675, 50.0809663], [7.7584952, 50.0798375], [7.765327, 50.0829148], [7.7744019, 50.0745789], [7.7724313, 50.0583379], [7.7766927, 50.0532145], [7.7932539, 50.0438367], [7.8079852, 50.0388375], [7.8323388, 50.0205943], [7.85166, 50.0132821], [7.8586408, 50.0062988], [7.8652662, 49.9807578], [7.8701789, 49.9757937], [7.880427, 49.9720988], [7.9363349, 49.9737957], [7.970173, 49.9783583], [8.0054489, 49.989955], [8.038362, 50.0035316], [8.080263, 50.0071483], [8.1306246, 50.0245274], [8.1812762, 50.0351678], [8.2034531, 50.0343262], [8.2433881, 50.0284268], [8.2733817, 50.0096259], [8.2888419, 49.9946811], [8.3078737, 49.9841772], [8.3217712, 49.9739892], [8.332899, 49.9646117], [8.3399871, 49.9552016], [8.3422611, 49.939778], [8.3546208, 49.916911], [8.353447, 49.9076451], [8.3419648, 49.8915428], [8.341017, 49.8852265], [8.3427187, 49.8799731], [8.3467882, 49.8728169], [8.3549811, 49.8648819], [8.3738064, 49.8618273], [8.3829211, 49.8566459], [8.3853088, 49.8491887], [8.378093, 49.8324897], [8.3783309, 49.8250454], [8.3821754, 49.819266], [8.406713, 49.7961907], [8.4174356, 49.7728104], [8.4242677, 49.7677409], [8.4341533, 49.7657082], [8.4686893, 49.7688699], [8.4763872, 49.7671651], [8.4795247, 49.7637395], [8.4773401, 49.7570103], [8.4556683, 49.7419989], [8.4383789, 49.7223571], [8.4245439, 49.7161697], [8.3925226, 49.7103263], [8.3699159, 49.7018952], [8.3591085, 49.694659], [8.3546642, 49.6811095], [8.3619982, 49.6667811], [8.3695672, 49.659194], [8.3773202, 49.6364965], [8.3828225, 49.6259867], [8.3913483, 49.6168768], [8.4110286, 49.6030454], [8.4230335, 49.5826647], [8.4229967, 49.574585], [8.4149201, 49.563001], [8.4148994, 49.5534979], [8.4235605, 49.5410247], [8.4428764, 49.4927873], [8.4586221, 49.4787449], [8.463894, 49.4706789], [8.460686, 49.4649506], [8.4438635, 49.4586606], [8.4416132, 49.4546328], [8.4425716, 49.4504978], [8.4466455, 49.4467381], [8.4545809, 49.4439145], [8.4981221, 49.4427715], [8.5047785, 49.4398303], [8.5079853, 49.435479], [8.5076041, 49.4303306], [8.4978753, 49.4127169], [8.4963777, 49.4022479], [8.4655405, 49.3873967], [8.4635494, 49.3844979], [8.4641832, 49.3768458], [8.4724731, 49.3732915], [8.481542, 49.3774466], [8.4906991, 49.3855969], [8.5005922, 49.389], [8.5009992, 49.3768394], [8.4967039, 49.3639746], [8.4878121, 49.3524917], [8.4761828, 49.3436377], [8.4560788, 49.3325029], [8.4502566, 49.3241758], [8.4509596, 49.3193113], [8.454998, 49.3145089], [8.4748272, 49.3093745], [8.483391, 49.305239], [8.4880624, 49.2999976], [8.4887603, 49.2932993], [8.4829482, 49.28694], [8.4593326, 49.2797498], [8.4384577, 49.2614958], [8.4012391, 49.2443716], [8.3891349, 49.2338318], [8.3857224, 49.2267825], [8.3851966, 49.2188554], [8.389035, 49.2195084], [8.3958214, 49.2252799], [8.4024369, 49.2256444], [8.4053451, 49.2203977], [8.3985899, 49.2075071], [8.3849157, 49.1983246], [8.3815843, 49.1862851], [8.3681413, 49.1675551], [8.3679573, 49.1622607], [8.3725118, 49.1503851], [8.358781, 49.0989368], [8.3460049, 49.0846924], [8.3209556, 49.0651685], [8.311236, 49.0533888], [8.304854, 49.0416201], [8.2973372, 49.0137012], [8.2861797, 48.9967795], [8.2743306, 48.988028], [8.2354522, 48.9674862], [8.2325219, 48.9664472], [8.2267541, 48.9738688], [8.2228787, 48.9758829], [8.214542, 48.9748639], [8.1994093, 48.9668924], [8.1953284, 48.9690585], [8.1974589, 48.9725863], [8.1959345, 48.9732922], [8.1963471, 48.9763782], [8.1938851, 48.9772258], [8.1876744, 48.9763387], [8.184792, 48.978428], [8.1718505, 48.9791185], [8.1699385, 48.9762196], [8.1608152, 48.9787034], [8.1485171, 48.977247], [8.1368499, 48.9793196], [8.1312737, 48.983157], [8.1282852, 48.9823561], [8.1235762, 48.9865757], [8.119694, 48.9847303], [8.1149313, 48.9870504], [8.1081307, 48.9862091], [8.1065502, 48.989163], [8.0880057, 48.9897003], [8.0859731, 48.9931644], [8.0720489, 48.9967746], [8.0705659, 48.9958113], [8.0684315, 48.9993987], [8.0646751, 49.000044], [8.0639896, 49.0055532], [8.0582568, 49.0069686], [8.0495522, 49.014457], [8.04489, 49.0139666], [8.0311781, 49.0189235], [8.0227663, 49.0181918], [8.0182537, 49.0216283], [8.0165435, 49.0201953], [8.0125951, 49.0213155], [8.0133381, 49.0235909], [8.0108389, 49.0255524], [8.0080805, 49.0246155], [8.0003605, 49.0283161], [7.9750359, 49.0265644], [7.9720144, 49.0361755], [7.9669246, 49.0362483], [7.9667248, 49.0417599], [7.9569524, 49.0431235], [7.9575663, 49.0448675], [7.9457153, 49.0497061], [7.9452909, 49.0555975], [7.9406867, 49.054273], [7.9399258, 49.0564086], [7.9339765, 49.0579226], [7.9312262, 49.0576832], [7.9310563, 49.0541743], [7.9234264, 49.0443102], [7.9169464, 49.0408813], [7.913096, 49.0401093], [7.9139131, 49.0415826], [7.9107187, 49.0451085], [7.9019002, 49.0447503], [7.8885034, 49.0490578], [7.8811706, 49.045707], [7.8673397, 49.032962], [7.8543641, 49.0355206], [7.8494901, 49.0439469], [7.8448616, 49.0428381], [7.8415295, 49.0458057], [7.8306255, 49.0471364], [7.8260202, 49.0522513], [7.8132165, 49.0565543], [7.8109465, 49.0608891], [7.7944344, 49.0657512], [7.7894966, 49.0587098], [7.780482, 49.0584003], [7.77637, 49.0564837], [7.769397, 49.0476104], [7.7654406, 49.0462751], [7.7572879, 49.045315], [7.7509298, 49.0480539], [7.7473261, 49.0463655], [7.7408308, 49.0473132], [7.7370779, 49.0444109], [7.7323575, 49.0440063], [7.7319284, 49.0555766], [7.7271509, 49.0549412], [7.7216318, 49.0510577], [7.7181723, 49.0539982], [7.7081748, 49.0524655], [7.7055074, 49.0562002], [7.6982536, 49.0559288], [7.6959198, 49.0578252], [7.6927506, 49.0543394], [7.6980993, 49.0517428], [7.697727, 49.0497717], [7.6810859, 49.0491113], [7.6743022, 49.0450603], [7.6313295, 49.0549113], [7.6326403, 49.0634183], [7.6295217, 49.0735692], [7.6196851, 49.0743201], [7.6004828, 49.0833], [7.5632691, 49.0802793], [7.5356949, 49.0936268], [7.5378096, 49.0964305], [7.5285679, 49.0971174], [7.5293268, 49.1021378], [7.5218558, 49.1080081], [7.5202351, 49.1143674], [7.5155817, 49.1209667], [7.5054224, 49.1225095], [7.4980021, 49.1345011], [7.4894474, 49.1364999], [7.4899193, 49.1422912], [7.4954785, 49.1414783], [7.4975152, 49.1460868], [7.50598, 49.1509733], [7.5063809, 49.1548069], [7.4959804, 49.1551468], [7.4926968, 49.1634969], [7.4939756, 49.1694062], [7.4717048, 49.1684103], [7.4598285, 49.1628259], [7.4548717, 49.1665518], [7.4473366, 49.1688479], [7.439197, 49.1643667], [7.4333795, 49.1652785], [7.4331503, 49.1683151], [7.441874, 49.1723122], [7.4394067, 49.1759908], [7.4362301, 49.1769331], [7.435559, 49.1801419], [7.4457904, 49.1842666], [7.3654443, 49.1720895], [7.3646801, 49.1668693], [7.3689618, 49.1616885], [7.3665709, 49.1619938], [7.3627273, 49.158362], [7.3612202, 49.1613038], [7.3540358, 49.1611464], [7.3487822, 49.164153], [7.3430409, 49.1730626], [7.3361822, 49.1753202], [7.3353317, 49.1805805], [7.3383988, 49.1843799], [7.3212515, 49.1885237], [7.3060081, 49.2008491], [7.3039352, 49.205647], [7.2982011, 49.203835], [7.295621, 49.2053629], [7.3013272, 49.2097028], [7.2987288, 49.2110339], [7.298452, 49.2136187], [7.302753, 49.2168615], [7.3026736, 49.2221145], [7.3040894, 49.2221278], [7.2889466, 49.2304181], [7.2942998, 49.2346636], [7.2887621, 49.236279], [7.2913528, 49.2372838], [7.2891799, 49.237975], [7.304175, 49.2454995], [7.3030084, 49.2510348], [7.3089255, 49.2572287], [7.3115932, 49.2571325], [7.3122609, 49.2547325], [7.3228057, 49.2474202], [7.3245345, 49.2480502], [7.3288218, 49.2559613], [7.3263732, 49.258464], [7.3387557, 49.2637482], [7.3448975, 49.2711786], [7.3450435, 49.2735323], [7.3352679, 49.2770219], [7.3387354, 49.2802116], [7.3557552, 49.2836947], [7.3548196, 49.2823188], [7.3597414, 49.2792957], [7.3651676, 49.2781858], [7.3650776, 49.2815195], [7.3672683, 49.2829613], [7.3737634, 49.2809515], [7.3871274, 49.2937691], [7.3818372, 49.2954319], [7.3797785, 49.2989605], [7.3805543, 49.3064837], [7.3836879, 49.3098473], [7.3920497, 49.3093024], [7.390018, 49.3119651], [7.3953072, 49.3150477], [7.3937934, 49.3150667]]]}}, {"type": "Feature", "properties": {"name": "Baden", "verband": "Baden"}, "geometry": {"type": "MultiPolygon", "coordinates": [[[[8.431012808716405, 48.65879662363032], [8.437481354679512, 48.66084142022194], [8.445378530095057, 48.65832372643466], [8.447556928577857, 48.68519526992814], [8.442182028129558, 48.69615787493501], [8.448748856826459, 48.69891008236687], [8.467363022845998, 48.6993635992398], [8.460733775693654, 48.70475848775036], [8.460812718586258, 48.71848546146896], [8.470843710442404, 48.72058517075291], [8.477374690083359, 48.72408634851975], [8.477187170651696, 48.73412306879619], [8.48524508053228, 48.74772874904741], [8.484468134819693, 48.75816137408334], [8.466855099190242, 48.76558958008539], [8.459848756160556, 48.76056024450379], [8.450201790887341, 48.76032748841307], [8.441981895419953, 48.75213138115584], [8.420371025617154, 48.74242901152309], [8.402819671293507, 48.76011143368199], [8.384172075782452, 48.76002055730292], [8.370573540919315, 48.77712242430368], [8.374129764807783, 48.78315879960839], [8.385146755881363, 48.78789660704965], [8.390242611424078, 48.8034306894526], [8.393174911713201, 48.80374453107229], [8.396586155084618, 48.80930917027735], [8.409938473057458, 48.80788819854536], [8.403593794446028, 48.81819276996635], [8.402216713210024, 48.82189895035522], [8.403871634886782, 48.8226878123151], [8.385653853169284, 48.82640770381542], [8.38090352326239, 48.83079783684212], [8.376474627877277, 48.83006993566028], [8.37669803897316, 48.83573964940071], [8.3594329, 48.8399395], [8.356449376478846, 48.84383744045469], [8.34753074389707, 48.847897814268], [8.3439069, 48.8470947], [8.3438715, 48.8491325], [8.33456429917237, 48.85281065725883], [8.329886842449396, 48.85722757030637], [8.3220866, 48.8547651], [8.307876976271626, 48.8589594927563], [8.30144862001702, 48.87614346015065], [8.295451135294886, 48.87976951769381], [8.2925046, 48.8845427], [8.2880272, 48.8863925], [8.295105276739381, 48.892559131114425], [8.295374860877171, 48.89613050869148], [8.2919316, 48.9007589], [8.2953791, 48.9029756], [8.2936503, 48.9042455], [8.296119785755394, 48.90599907153973], [8.2949778, 48.9077355], [8.29800826701293, 48.91230821531515], [8.2963607, 48.9135635], [8.31913031922863, 48.92397206726724], [8.347456504464697, 48.9233900047691], [8.352325196900768, 48.9350507639012], [8.3304239, 48.9413859], [8.3107655, 48.9494919], [8.3055578, 48.9500827], [8.3020318, 48.9493098], [8.301834, 48.9472669], [8.294516, 48.9472006], [8.2952801, 48.9505833], [8.2864478, 48.9502603], [8.2720213, 48.9533831], [8.2696649, 48.9570604], [8.2594322, 48.958892], [8.2610508, 48.9666927], [8.2586445, 48.9689381], [8.2614899, 48.9809901], [8.2829014, 48.9938454], [8.2931933, 49.0059085], [8.2987797, 49.0172094], [8.304854, 49.0416201], [8.311236, 49.0533888], [8.3209556, 49.0651685], [8.3460049, 49.0846924], [8.358781, 49.0989368], [8.3725118, 49.1503851], [8.3679573, 49.1622607], [8.3681413, 49.1675551], [8.3815843, 49.1862851], [8.3849157, 49.1983246], [8.3985899, 49.2075071], [8.4053451, 49.2203977], [8.4024369, 49.2256444], [8.3958214, 49.2252799], [8.389035, 49.2195084], [8.3851966, 49.2188554], [8.3857224, 49.2267825], [8.3891349, 49.2338318], [8.4012391, 49.2443716], [8.4384577, 49.2614958], [8.4593326, 49.2797498], [8.4829482, 49.28694], [8.4887603, 49.2932993], [8.4880624, 49.2999976], [8.483391, 49.305239], [8.4748272, 49.3093745], [8.454998, 49.3145089], [8.4509596, 49.3193113], [8.4502566, 49.3241758], [8.4560788, 49.3325029], [8.4761828, 49.3436377], [8.4878121, 49.3524917], [8.4967039, 49.3639746], [8.5009992, 49.3768394], [8.5005922, 49.389], [8.4906991, 49.3855969], [8.481542, 49.3774466], [8.4724731, 49.3732915], [8.4641832, 49.3768458], [8.4635494, 49.3844979], [8.4655405, 49.3873967], [8.4963777, 49.4022479], [8.4978753, 49.4127169], [8.5076041, 49.4303306], [8.5081753, 49.4347929], [8.5052559, 49.4394517], [8.4981221, 49.4427715], [8.4545809, 49.4439145], [8.4466455, 49.4467381], [8.4423792, 49.4508119], [8.4416591, 49.4549094], [8.4438635, 49.4586606], [8.460686, 49.4649506], [8.463894, 49.4706789], [8.4586221, 49.4787449], [8.4428764, 49.4927873], [8.4235605, 49.5410247], [8.4148994, 49.5534979], [8.4149201, 49.563001], [8.4235032, 49.5761667], [8.42299698433103, 49.58395819812373], [8.4382788, 49.5838867], [8.4402867, 49.589398], [8.4461792, 49.590398], [8.4645473, 49.5895151], [8.4761305, 49.5844024], [8.474434914695529, 49.58103986743758], [8.48130023973356, 49.57878118652174], [8.4817419, 49.5744947], [8.495931718377893, 49.572071593726456], [8.511385569755346, 49.58732449968649], [8.52538570929042, 49.58522349777571], [8.557325918308045, 49.58531081342782], [8.592443166938311, 49.59437644633765], [8.589136630178185, 49.60444827766007], [8.59516414492048, 49.60544144298548], [8.593974073583212, 49.61022067887766], [8.6487245, 49.6202242], [8.6538714, 49.6183131], [8.678692229781293, 49.6257548005625], [8.686338930088265, 49.62257676823194], [8.6919554, 49.6237984], [8.6936961, 49.6222494], [8.6881558, 49.61931], [8.6909593, 49.6200098], [8.6946329, 49.6189966], [8.6866272, 49.6174666], [8.6880534, 49.6149712], [8.6842727, 49.6144737], [8.684234322391905, 49.61682138638088], [8.682671511333261, 49.61689030246778], [8.6816901, 49.6155657], [8.67811630685237, 49.61406022376506], [8.67818525740995, 49.61226863099206], [8.683397678532694, 49.61094409951275], [8.681932128926283, 49.6091395651045], [8.683381547452397, 49.60893329232441], [8.684422597519655, 49.6131696284978], [8.6870995, 49.6134398], [8.686037245790102, 49.60803707862989], [8.6773829, 49.6086292], [8.679453925881507, 49.60943197090248], [8.6779094, 49.6109129], [8.677747037202568, 49.61386434597111], [8.675474416633495, 49.61403799218374], [8.673883121496816, 49.61457696041695], [8.6690182, 49.6128343], [8.6723897, 49.6138344], [8.671965, 49.6091864], [8.6746173, 49.6071614], [8.676952061205217, 49.60841544712056], [8.6801293, 49.6069561], [8.679907454724267, 49.60410991602565], [8.682124282727555, 49.60311696009904], [8.6910264, 49.6067002], [8.69336811636031, 49.60479451005219], [8.692201184002446, 49.60315765826041], [8.6955595, 49.6039843], [8.698303955501917, 49.59976848614846], [8.696699396159662, 49.59221773681719], [8.693042551187819, 49.59152252086458], [8.692681602946413, 49.58985358101988], [8.68655558264265, 49.591057177742236], [8.683503650247419, 49.58976424637706], [8.6838395, 49.5779886], [8.680837255121125, 49.575975744177164], [8.685172167330075, 49.5755035095072], [8.68469086805124, 49.569935584169976], [8.6915116, 49.5637034], [8.690616074982662, 49.55634032539625], [8.69875243772997, 49.54938584083361], [8.70543155934817, 49.54899089352879], [8.7038567, 49.5429916], [8.7064532, 49.5421349], [8.7026153, 49.5352769], [8.7071766, 49.5363299], [8.7099592, 49.5324764], [8.7151226, 49.5321562], [8.7154858, 49.5287318], [8.7167293, 49.5286235], [8.7170137, 49.5338217], [8.7222959, 49.5318234], [8.7211795, 49.5292257], [8.7245378, 49.5259024], [8.7338143, 49.525242], [8.733691, 49.5209097], [8.7248694, 49.5226135], [8.7243357, 49.5211208], [8.7266754, 49.5209762], [8.7280964, 49.5184414], [8.7373253, 49.5190444], [8.7391554, 49.5229998], [8.7447329, 49.5233788], [8.7511456, 49.5216076], [8.7595121, 49.5162136], [8.7666641, 49.5147887], [8.7721352, 49.5179632], [8.7771783, 49.5177196], [8.78322974043479, 49.51443361017418], [8.791816112191583, 49.51410996954239], [8.798384011458946, 49.51148025274342], [8.796665142217714, 49.51549347447108], [8.79841859109575, 49.5186173802784], [8.81251993706098, 49.52686049754227], [8.81607100422708, 49.52361152296224], [8.8172097, 49.5252346], [8.823081680818897, 49.52420886079468], [8.818923476392651, 49.52123819758089], [8.821386402171713, 49.51346143882529], [8.8188855, 49.5122652], [8.8169988, 49.5057776], [8.831784412969618, 49.49145787636746], [8.8383893, 49.4942844], [8.838307517789799, 49.49892044977121], [8.843996075819824, 49.4973208795802], [8.844829, 49.5005853], [8.8476637, 49.5018172], [8.8565384, 49.5011677], [8.8818261, 49.506068], [8.893236760079809, 49.50303492202674], [8.8997425, 49.5035941], [8.8971897, 49.4977218], [8.9008745, 49.4943304], [8.8995746, 49.4898525], [8.9006672, 49.4848307], [8.9115187, 49.4850451], [8.9198651, 49.4810272], [8.929864696410972, 49.4737402171397], [8.9315866, 49.4705552], [8.9345372, 49.4725683], [8.9343951, 49.4767915], [8.943219, 49.4858818], [8.9541655, 49.4818109], [8.9545571, 49.4837818], [8.9502162, 49.4879997], [8.95158, 49.4914934], [8.9579126, 49.4955401], [8.9513127, 49.5021393], [8.9515941, 49.5054649], [8.9579803, 49.5026863], [8.9603793, 49.5036883], [8.9617111, 49.5018866], [8.9683271, 49.5014492], [8.9776747, 49.5033301], [8.9788538, 49.5087037], [8.9860627, 49.5102527], [8.9874187, 49.5063366], [8.9919589, 49.5032246], [9.0039178, 49.50431], [9.0107802, 49.5024776], [9.0129715, 49.5007089], [9.0115721, 49.4993253], [9.0160282, 49.4983278], [9.0414848, 49.4985363], [9.04349, 49.5006182], [9.0417911, 49.5064705], [9.0498879, 49.5129891], [9.0484354, 49.5156737], [9.0502327, 49.5199973], [9.0583001, 49.5219461], [9.0644151, 49.5303145], [9.0699924, 49.52662], [9.0784272, 49.5247834], [9.0841114, 49.5263786], [9.0997087, 49.5261814], [9.1015157, 49.5197417], [9.1064801, 49.5153878], [9.1063514, 49.5097502], [9.1198997, 49.5121795], [9.1262952, 49.5167623], [9.1235697, 49.5192591], [9.1266013, 49.5215675], [9.1168071, 49.5287681], [9.1155649, 49.533771], [9.1094848, 49.5363975], [9.1045157, 49.5356636], [9.1044461, 49.5378779], [9.0996854, 49.5380157], [9.095023, 49.5415557], [9.0861344, 49.5423916], [9.0837788, 49.5436407], [9.0856587, 49.5438877], [9.0868612, 49.5473021], [9.0847158, 49.5535716], [9.0805913, 49.5545957], [9.0812202, 49.5563059], [9.0708662, 49.5640446], [9.0742415, 49.5692551], [9.0738622, 49.5751281], [9.0781046, 49.5748043], [9.0810051, 49.57013], [9.0808523, 49.5645008], [9.082689, 49.5616405], [9.0982089, 49.5604482], [9.1005195, 49.5613694], [9.0999555, 49.5708687], [9.1026924, 49.5775409], [9.1077324, 49.579174], [9.1205426, 49.5734945], [9.1436031, 49.5763702], [9.1441553, 49.5781543], [9.1527373, 49.5796857], [9.1591782, 49.5796417], [9.1649073, 49.5753961], [9.1737757, 49.5778607], [9.180739, 49.5737308], [9.1873157, 49.576879], [9.1945553, 49.573884], [9.2006195, 49.5765599], [9.2109034, 49.5779055], [9.2139941, 49.5765247], [9.2404506, 49.5814359], [9.2449833, 49.5844922], [9.249156, 49.5846699], [9.2488895, 49.5878344], [9.2462257, 49.5897974], [9.2493946, 49.5935571], [9.2592897, 49.5932254], [9.2604111, 49.5983226], [9.2648447, 49.6018635], [9.2646891, 49.6068258], [9.285127, 49.6147933], [9.2835579, 49.6174865], [9.2778365, 49.6202007], [9.2757757, 49.624353], [9.2704664, 49.6264234], [9.2754669, 49.6314484], [9.2717925, 49.6347579], [9.2781778, 49.6376861], [9.2854054, 49.6357902], [9.2908341, 49.6440217], [9.3064875, 49.6507174], [9.3040865, 49.6549019], [9.3136885, 49.6536461], [9.3173125, 49.6506551], [9.3354987, 49.6446934], [9.3432433, 49.6442321], [9.3487536, 49.6496591], [9.3634089, 49.655231], [9.3667577, 49.6583608], [9.3715572, 49.6512402], [9.3837466, 49.6427756], [9.3926761, 49.6458739], [9.4061438, 49.6454555], [9.4164537, 49.6537682], [9.4195, 49.6588747], [9.4119422, 49.6608688], [9.4127685, 49.6628537], [9.399942744075592, 49.6693323077103], [9.397479229358954, 49.67245261147861], [9.413055061521398, 49.67664817789209], [9.408446717219146, 49.678582226226524], [9.408013298147878, 49.6807899284633], [9.41201131692035, 49.68201915201635], [9.418983966126365, 49.68817219902719], [9.42097896264417, 49.69069466473425], [9.41977208214233, 49.694272258592115], [9.422807272405798, 49.6956988850888], [9.418289725991617, 49.6976987063366], [9.4168207, 49.7021416], [9.417591686632605, 49.705403368498345], [9.4203341, 49.70662], [9.41973925700169, 49.71172343729083], [9.4151688, 49.712638], [9.4077984, 49.7217792], [9.401477, 49.7206486], [9.3998398, 49.7296497], [9.385753740873248, 49.73242378391645], [9.38631246202841, 49.72823821670823], [9.380219026700816, 49.72560442117896], [9.382435461837375, 49.7219870617337], [9.382129725336146, 49.70757752684658], [9.378772854500703, 49.70476873452972], [9.358340094078834, 49.70427621914885], [9.353814397518965, 49.70720642118766], [9.3525511, 49.7166757], [9.346131401555873, 49.7165430701231], [9.34427542087259, 49.718638043784836], [9.3739683, 49.7279721], [9.365091365815575, 49.73143974311448], [9.357410600931184, 49.7308760778011], [9.338713434448502, 49.73449862420973], [9.322619784095462, 49.73115317017392], [9.317194995004849, 49.73511182993633], [9.3116288, 49.7347977], [9.2960637, 49.7386511], [9.295736604990948, 49.7404623300799], [9.317587981212444, 49.74025750976191], [9.322594925630698, 49.74305914192128], [9.324032157423796, 49.74609599632517], [9.3228211, 49.7494424], [9.3135132, 49.7598277], [9.313455103762715, 49.76534365660944], [9.316184744715539, 49.768271913192955], [9.35151234655719, 49.76898550835234], [9.3705053, 49.7791868], [9.378243632615467, 49.77693223424761], [9.386309314820476, 49.77077563233077], [9.392977934744222, 49.77059947542593], [9.4047499, 49.776944], [9.417571072983339, 49.78701470637095], [9.425159749013499, 49.789544825826354], [9.432755420503325, 49.78832910593443], [9.437283558710336, 49.7852893191686], [9.4456927, 49.7730345], [9.4585434, 49.769509], [9.4691568, 49.7740569], [9.4715447, 49.7804785], [9.479362535553207, 49.78709047171473], [9.502040650181321, 49.78857251000514], [9.5123931, 49.7823136], [9.5093689, 49.7700503], [9.5155664, 49.7627575], [9.5246263, 49.7609556], [9.5362, 49.7674266], [9.5445229, 49.7669311], [9.5511969, 49.7614607], [9.5547333, 49.7470755], [9.5640815, 49.7442513], [9.5673337, 49.7461158], [9.5690122, 49.7502389], [9.5579842, 49.7646944], [9.5566793, 49.7748959], [9.558858212760374, 49.778984936337416], [9.56726096010873, 49.78278446480249], [9.579533389318449, 49.78415439539835], [9.5764714, 49.783009], [9.5767928, 49.7788386], [9.619182711529513, 49.78305347696945], [9.648805603949667, 49.79114960874924], [9.65160122578979, 49.78073623917356], [9.64534608055509, 49.77891352474175], [9.6448802, 49.7751324], [9.649302235044523, 49.767349783690314], [9.643863345533008, 49.75924771838764], [9.6375794, 49.7549266], [9.6375221, 49.7515871], [9.645494, 49.7468794], [9.6445400996027, 49.74406636871755], [9.639185523265109, 49.74265519187152], [9.63911814124982, 49.74014986261045], [9.646664566744398, 49.73862638088159], [9.643775711311177, 49.73691235263764], [9.6378739, 49.738024], [9.635890893023804, 49.73167682133732], [9.6255476, 49.7316324], [9.64202684452178, 49.723448385017825], [9.638262742470932, 49.72245451174081], [9.640918050191791, 49.720390603470975], [9.6310068, 49.716676], [9.630608481126462, 49.70983027596525], [9.62525453929187, 49.70415819256308], [9.62626425428233, 49.70232073116197], [9.630153936901277, 49.7017818073873], [9.632522323054388, 49.6978216272948], [9.6322601, 49.69319], [9.649003115824621, 49.69154534805703], [9.6490897, 49.6889989], [9.6532653, 49.6870997], [9.67609775025543, 49.69320866490295], [9.6741354, 49.6967287], [9.678089451091827, 49.71642347877616], [9.696285961685183, 49.71924729022093], [9.7008292, 49.7169206], [9.701729452309502, 49.722267139668716], [9.71049, 49.72705], [9.714048139571899, 49.720966530125274], [9.714374336516475, 49.71036600501458], [9.7193607, 49.7019611], [9.724866856136032, 49.701053698925], [9.72904538392785, 49.69729701591575], [9.72755433413459, 49.68790955278864], [9.73951735902925, 49.68816020951164], [9.739266997884734, 49.69010497906956], [9.750432502116546, 49.6954330283935], [9.7528671, 49.7101144], [9.768468, 49.7189152], [9.779549818444304, 49.72243919142536], [9.7869461, 49.7217113], [9.791467701125073, 49.73085872037369], [9.7938534, 49.731367], [9.80019845184974, 49.72977575483549], [9.79616185833586, 49.7273034337709], [9.796330551575679, 49.72074588444738], [9.8041913, 49.7181716], [9.80773509796312, 49.71412293502347], [9.8207006, 49.7104542], [9.823359771833536, 49.70795621911444], [9.8234325, 49.7046771], [9.827047558956027, 49.705720558838706], [9.832536498794074, 49.70235890469599], [9.831711303141663, 49.69857201482871], [9.833931034738502, 49.69674956793582], [9.83227296626943, 49.69560584178146], [9.835211320222202, 49.69209573384639], [9.8295311, 49.6884249], [9.836329426143868, 49.685479175054034], [9.837115, 49.6829329], [9.8406623, 49.6835884], [9.841067775140921, 49.68186547143661], [9.8300957, 49.6810144], [9.830650833505919, 49.67926882445438], [9.8232995, 49.6721968], [9.825642, 49.6675355], [9.821877047917942, 49.66528249329839], [9.8274935, 49.661194], [9.831699180618859, 49.66057772145724], [9.8293677, 49.6595874], [9.833744672856282, 49.6560479610347], [9.829740152851912, 49.65449977947448], [9.830256384686072, 49.65048168695047], [9.835346240708544, 49.64811304458265], [9.8350673, 49.6464738], [9.8554802, 49.6415296], [9.8576747, 49.6323833], [9.86061169903642, 49.632179766371394], [9.865554075146912, 49.62419959064198], [9.864113474542915, 49.62426586599368], [9.86424141434255, 49.62188963753781], [9.86747041703798, 49.62123696936304], [9.867966933953138, 49.61096150933734], [9.8720116, 49.6115173], [9.8728173, 49.609942], [9.863813816192401, 49.60755068540785], [9.8573623, 49.6080317], [9.859303801718562, 49.60340426518171], [9.8414667, 49.594765], [9.841235835295034, 49.58876366842887], [9.843359843309385, 49.58806789671749], [9.841327730510972, 49.58612994572437], [9.845290123637682, 49.58660662209623], [9.84788898559316, 49.57751755484889], [9.8406227, 49.5744701], [9.841381212547311, 49.5728102449951], [9.83217412808891, 49.56705637224894], [9.810163859898868, 49.55768234742829], [9.81224488186042, 49.5524838190707], [9.816952165795726, 49.55121153349857], [9.815392884239833, 49.54900426666455], [9.819334571707216, 49.54798922063742], [9.822368209736618, 49.54980868848521], [9.823146834080898, 49.54717644474382], [9.814053360086834, 49.54072989207107], [9.807118699089116, 49.53222812761641], [9.806543416569767, 49.52557413736282], [9.800747189136478, 49.5239588896474], [9.79865423072004, 49.52568350755355], [9.789720236611474, 49.5260280935386], [9.786426781174601, 49.53035702885943], [9.78504521538483, 49.52935932753022], [9.7864584942471, 49.525943984262454], [9.78330361851685, 49.52354287881205], [9.74888750928, 49.52096417404922], [9.746425622132918, 49.52290729274757], [9.741579885289472, 49.52143494230481], [9.73649430819377, 49.52607227287606], [9.730720499290303, 49.52681341553623], [9.73036804908768, 49.52138600762375], [9.723634953770151, 49.51748620674892], [9.72319249627197, 49.51298375297496], [9.7250495746606, 49.50508274616514], [9.723773038195505, 49.49687981124967], [9.726051399531439, 49.48958931699821], [9.732247469528076, 49.48702758536483], [9.730934990603794, 49.48503862736771], [9.700554585431856, 49.48547664375513], [9.692304401936923, 49.47880220890939], [9.696476158030551, 49.47486225158159], [9.695417781796342, 49.47106415116419], [9.704270551654343, 49.47049918784345], [9.704347676071674, 49.4619574999534], [9.699083791964519, 49.4575809614856], [9.69908352992153, 49.45449504708312], [9.702404520857602, 49.44876141804642], [9.710825332526625, 49.44881571575561], [9.707629366592466, 49.44260372133777], [9.714974886688545, 49.42960827492522], [9.709486038637328, 49.422085872290126], [9.687488761806645, 49.40979024990094], [9.681739533841338, 49.41407942494584], [9.680673708549515, 49.41140840511955], [9.682166912246984, 49.40937022647348], [9.656193606440409, 49.40225925969186], [9.655172231889374, 49.38689746695817], [9.64151830159807, 49.3810395618539], [9.638896969755162, 49.38250860342819], [9.635713216081886, 49.37885472748604], [9.627494700082238, 49.37904746058022], [9.62614520804442, 49.37715683088019], [9.627179316881701, 49.37336750066292], [9.62529553933549, 49.37115200111918], [9.627331863654476, 49.36863126379339], [9.616393223588577, 49.3634211604965], [9.598817996236395, 49.3616621291726], [9.595021827147018, 49.3653751889924], [9.582426346569033, 49.36633375432046], [9.587508706941188, 49.3564386828121], [9.587312749645458, 49.35032322446795], [9.574185518272616, 49.35427356154853], [9.562890876150883, 49.35128708516876], [9.556512378946964, 49.3531712813477], [9.557607297007403, 49.35695538734716], [9.561266767266762, 49.3577429059639], [9.55549274952383, 49.3606870425086], [9.561723539064628, 49.36744231132184], [9.576876292060039, 49.37122564733771], [9.572275338322248, 49.37658447302984], [9.56658693998955, 49.37593802077831], [9.56375487346571, 49.378108792607684], [9.551079021408997, 49.37654418060575], [9.5281313, 49.3818151], [9.520493032363563, 49.381007962446155], [9.5128947, 49.3752864], [9.507759470182794, 49.37515635919739], [9.500441818341459, 49.38045007460025], [9.474438, 49.3846763], [9.472234030503461, 49.391291178847425], [9.4688298, 49.3918243], [9.464210864268956, 49.39665833023167], [9.4590649, 49.3934668], [9.4462132, 49.3909631], [9.4468201, 49.3840782], [9.445111539399967, 49.382705777910985], [9.450129505943547, 49.37981429126382], [9.45149261208349, 49.37499551991752], [9.440085278437444, 49.36844259319394], [9.440361676580075, 49.366930905679084], [9.442772, 49.3681302], [9.443473502875522, 49.36475146859756], [9.447494569281467, 49.36105328237289], [9.454879454945193, 49.35987331846587], [9.459771769680641, 49.35568881390866], [9.463927869551895, 49.35518702623488], [9.457729455614636, 49.34955387989631], [9.465880566014281, 49.34709766058701], [9.467339524374964, 49.33974609975898], [9.465069716091957, 49.33711333028555], [9.4495576759881, 49.33584912754014], [9.418031468585466, 49.34731934481844], [9.415292674060156, 49.34320986812825], [9.412472969071237, 49.34651318930998], [9.39482519771653, 49.34402097183564], [9.384991940727243, 49.36474346347226], [9.3753281, 49.3629408], [9.368213000702657, 49.36703009162213], [9.3548603, 49.3666129], [9.353046230046493, 49.3734368698826], [9.3469806, 49.3765551], [9.33832292942985, 49.38496172401444], [9.3296566, 49.3876167], [9.317172695232241, 49.38406268167725], [9.3165338, 49.3811135], [9.3104927, 49.3770852], [9.311101094589167, 49.36225604134973], [9.31559705382873, 49.35673934015944], [9.294403904978653, 49.347427074963264], [9.294658511987354, 49.34203723683184], [9.2874669, 49.3298916], [9.270541216471099, 49.3304958371767], [9.262868766383209, 49.31663525029553], [9.26235366586406, 49.30599592781839], [9.2519936, 49.30215], [9.2516937, 49.2984482], [9.24621674901377, 49.29958073187069], [9.2418442, 49.2974262], [9.231108675368167, 49.3096911344157], [9.225580134151327, 49.31163667842021], [9.2244776, 49.3085748], [9.2207983, 49.3075266], [9.216832070565452, 49.31320472697292], [9.2111276, 49.3150785], [9.205217202252916, 49.324157372426], [9.1979084, 49.326822], [9.1926986, 49.3274388], [9.173378472844487, 49.32331588331487], [9.162468060090585, 49.32840388806237], [9.1618311, 49.3233114], [9.159566525073, 49.32356606339505], [9.1569476, 49.3118723], [9.154361624744606, 49.30893742058247], [9.156912655509437, 49.30334013667036], [9.15688343591793, 49.29930690842864], [9.1543976, 49.2958553], [9.142655018041046, 49.29245220514801], [9.1340286, 49.2964076], [9.1303776, 49.2921221], [9.135625726782681, 49.28653755965485], [9.1488624, 49.2869528], [9.1546371, 49.2847302], [9.15525470318179, 49.28063340956601], [9.148984984928259, 49.27139984847559], [9.157722291614316, 49.2610129948506], [9.160701314633284, 49.25364431537898], [9.159831827944377, 49.24916057102265], [9.152149212420724, 49.24831065836428], [9.136427045722325, 49.25102720291312], [9.121142686084909, 49.24677168926678], [9.122065532147136, 49.23712613501373], [9.10986107161907, 49.23262012559064], [9.110363084752173, 49.22470060944652], [9.108600128006007, 49.2242310096371], [9.104687067912273, 49.22413782134769], [9.103501025629907, 49.22689045649454], [9.09651461222583, 49.22832978025716], [9.09224850583638, 49.23134083027301], [9.092923172752833, 49.23254473606434], [9.081735894364783, 49.23055570646205], [9.067506731478305, 49.23078014075688], [9.067811197456594, 49.22766258904773], [9.065765225739028, 49.22779692965487], [9.059667038757064, 49.22138246975527], [9.055820499720395, 49.222129755505], [9.054257218777419, 49.21889585967927], [9.050651038978524, 49.21814361304215], [9.051121872151013, 49.21520958383051], [9.033169908665661, 49.21377541116926], [9.02932405378986, 49.22590785802009], [9.020801526415958, 49.224660899792], [9.017297474008267, 49.22012108141232], [9.017488856489688, 49.2170537858843], [9.020690677191778, 49.21421114528017], [9.022368608528033, 49.20321253226996], [9.020519802211414, 49.20191047894765], [9.027096377577283, 49.1982092859328], [9.019390861680774, 49.19559589046415], [9.025623814828345, 49.18873065037567], [9.021169651025433, 49.1874557405955], [9.019443063583354, 49.18884584628423], [9.01759257069797, 49.18763543550122], [9.016794842846394, 49.18241456762912], [9.012517064420507, 49.18284743788055], [9.009934315490462, 49.17993180500582], [9.017211413606042, 49.16097539421286], [9.016299025669278, 49.15532183009911], [9.01463324000829, 49.15571984646071], [9.013885464417921, 49.14719014774421], [9.010593459450895, 49.14460443680272], [8.981840957247982, 49.14092328050967], [8.982611399155813, 49.13959449075072], [8.975643013389139, 49.13600893675319], [8.976715569711056, 49.13459770622407], [8.96928274333625, 49.13064021411515], [8.97023720772863, 49.12671907162626], [8.9617151259859, 49.12762818770867], [8.961798133449363, 49.11929129929039], [8.95769381516011, 49.11615123804326], [8.949568396667647, 49.11579945952159], [8.95390274430473, 49.11374995174472], [8.944696512130893, 49.10812633579805], [8.946757001466386, 49.10600074182793], [8.945696214861629, 49.10033538768744], [8.941042789908957, 49.09829525571994], [8.943042264811126, 49.09699562636904], [8.927878414343214, 49.08269556355518], [8.902644492165322, 49.08403015190088], [8.8898022, 49.080266], [8.8833952, 49.0809084], [8.867711563743283, 49.07713386074867], [8.874761, 49.0762415], [8.865569930992303, 49.07125256773703], [8.876678376783742, 49.06927606571918], [8.8794697, 49.0642839], [8.878178100858669, 49.06163558437342], [8.8798336, 49.0601167], [8.8777439, 49.0585021], [8.8678741, 49.0613836], [8.83976957081469, 49.06207370367339], [8.8420973, 49.0591787], [8.8397309, 49.0568647], [8.8397867, 49.0533792], [8.834035056897864, 49.04683201475185], [8.8389298, 49.0381369], [8.839205595817743, 49.03208350583758], [8.835482018316327, 49.02748367187586], [8.838571347223638, 49.02449180402772], [8.850720296653307, 49.02209090273732], [8.861246559571295, 49.00813896827884], [8.873025707301682, 49.00198831891935], [8.875336616825475, 48.99600620423523], [8.86842360718589, 48.99434038404701], [8.862034771972585, 48.99608379616768], [8.841851746214843, 48.99563528048192], [8.840712774758936, 48.99059678410563], [8.834377824585518, 48.98165955421683], [8.834620981863136, 48.97781602210287], [8.829663019347452, 48.97634330952058], [8.830864192048558, 48.97476993056218], [8.821031846266917, 48.97408988634108], [8.83970572759457, 48.96691438410822], [8.832188532626777, 48.95324901107276], [8.825096990890911, 48.95123345401102], [8.776469311542908, 48.94869923489044], [8.778006680573288, 48.94825283394469], [8.769794041066113, 48.94690860724474], [8.768589522099884, 48.94088953982363], [8.774609776725157, 48.93852753047668], [8.773923610166328, 48.93669431958813], [8.783897088697811, 48.93469276616471], [8.783939121427828, 48.9326415971865], [8.779277192253689, 48.92967980667041], [8.78798481631202, 48.93241835824034], [8.78886087890055, 48.92893227806787], [8.785008428827595, 48.92741871356891], [8.78642354280927, 48.92607585518326], [8.795252909055415, 48.92846794941862], [8.80306570918393, 48.92822808369192], [8.810253157061258, 48.932548088428035], [8.818826022121677, 48.92053260938747], [8.837821082534262, 48.91708543998719], [8.841649163333694, 48.91144790484892], [8.843238551286785, 48.906924715406774], [8.838353196331667, 48.9041093778291], [8.838058295985247, 48.89966627919318], [8.828071920773997, 48.8970233301951], [8.820798143981055, 48.8850623297598], [8.823240574322291, 48.88044238623995], [8.835509588237594, 48.87206667942337], [8.837027252959489, 48.86799336263277], [8.808517566781427, 48.8619247038841], [8.8047101, 48.858222], [8.77577949587689, 48.852468840727134], [8.77678807690833, 48.85060835068469], [8.781969220746772, 48.85012794933071], [8.784253443074872, 48.84330796498349], [8.778905433144214, 48.84348825994206], [8.797504377761054, 48.82957002828804], [8.800659792079529, 48.82890033744033], [8.80301996799837, 48.83211581546074], [8.802359152031924, 48.83560189518435], [8.807834104031688, 48.83544205436734], [8.812255109095823, 48.82969194452459], [8.82034728597144, 48.829235715212924], [8.829032233245814, 48.82498078214914], [8.829366559620844, 48.82378833188525], [8.826463401856994, 48.82444872468444], [8.83356568448177, 48.8213615865677], [8.83462132712445, 48.81517323587794], [8.83905310383397, 48.81573207525893], [8.844049741736255, 48.81321247525266], [8.841523937931246, 48.799369968658816], [8.8305558, 48.7974188], [8.8264091, 48.792126], [8.818305429017153, 48.78828513176479], [8.811485729662454, 48.78113379483527], [8.807544014224051, 48.78095535664617], [8.804089047470493, 48.778094461308754], [8.792195012845117, 48.78066087234551], [8.784706795846402, 48.77767774277015], [8.782417456652386, 48.7742619863403], [8.763432285946333, 48.7795499099464], [8.76309744255354, 48.78090484217351], [8.75820083821604, 48.78767951944345], [8.7561788576721, 48.79285183534158], [8.739854596997725, 48.80336318329229], [8.733981348190007, 48.80206025328711], [8.724452013511598, 48.79231747002378], [8.716949585586569, 48.79403082677486], [8.700530265517257, 48.79254584125505], [8.69555337016282, 48.79018500603355], [8.69597282385474, 48.78344428885019], [8.693864145280807, 48.78077487367013], [8.67744221282275, 48.77966298458293], [8.660766804961566, 48.77040907371335], [8.647954392385316, 48.7692357213062], [8.643954356359686, 48.77270110285708], [8.63598703027163, 48.76754752831717], [8.628414770144099, 48.77199759531084], [8.624389185564059, 48.77190718088733], [8.623045479255937, 48.76284939294899], [8.608559879021662, 48.75684118114425], [8.576835237754848, 48.73533184794574], [8.570652060152202, 48.72538756059541], [8.563609855718209, 48.71995342693759], [8.55996018611969, 48.6980759460361], [8.564482604626651, 48.68993424427483], [8.560763088694776, 48.66927858897761], [8.538649325664057, 48.66129825354008], [8.52948196585039, 48.65474504772254], [8.512150262131385, 48.65172707810914], [8.497367958021842, 48.66032150179843], [8.492552786154388, 48.65647733231082], [8.482625700564611, 48.65288501765708], [8.475051639892888, 48.65568484261596], [8.475333037074025, 48.65196448189227], [8.47170680453672, 48.64569300517346], [8.473422878670874, 48.64122350779186], [8.462205969184089, 48.63510284357834], [8.461869821446864, 48.62820672534176], [8.451180739264444, 48.62757523896342], [8.451440368424993, 48.62424095122807], [8.456916355805657, 48.61918145695984], [8.456610211068876, 48.61583780603766], [8.445971241077222, 48.619195392306665], [8.444255, 48.6206999], [8.444759, 48.6252151], [8.4330488, 48.6263896], [8.43016042356936, 48.63179768478866], [8.419964491812575, 48.63775749267706], [8.417794054079074, 48.63493010099505], [8.40771845006524, 48.63530927667632], [8.4145867, 48.636219], [8.411974410558535, 48.63781109391988], [8.418171436076706, 48.64687965425476], [8.419889607896746, 48.64445685226567], [8.430584195666873, 48.645562005482], [8.435839551194768, 48.65561908693243], [8.431012808716405, 48.65879662363032]], [[9.671555855094907, 49.40688529300873], [9.6715717, 49.4068716], [9.671652425421204, 49.406909610748144], [9.671555855094907, 49.40688529300873]], [[8.6735128, 49.6146923], [8.6777148, 49.6140336], [8.6831669, 49.6179124], [8.6868556, 49.6187354], [8.6882107, 49.6197445], [8.6859516, 49.6189954], [8.6859864, 49.6216204], [8.6820826, 49.6208897], [8.6811142, 49.6224394], [8.677477, 49.6195865], [8.6749147, 49.6208108], [8.6690604, 49.6134021], [8.6735128, 49.6146923]]], [[[9.7046377, 49.4175817], [9.705221415934204, 49.417336680003], [9.70447028006413, 49.41740569600988], [9.7046377, 49.4175817]]], [[[9.6867139, 49.4099965], [9.687142026042213, 49.409652331461196], [9.68632498705559, 49.41015152334163], [9.6867139, 49.4099965]]], [[[9.6855828, 49.4109551], [9.685599885449994, 49.41069832536891], [9.685240400376518, 49.4112810646921], [9.6855828, 49.4109551]]], [[[9.683361886662702, 49.41237245669006], [9.6833567, 49.4123784], [9.683402993713798, 49.412359475621145], [9.683361886662702, 49.41237245669006]]], [[[9.289706243904423, 49.32929491975975], [9.293287341626161, 49.328550092774], [9.297839300832349, 49.32700292344381], [9.289706243904423, 49.32929491975975]]], [[[8.762935797014212, 48.78071869967539], [8.7629344, 48.7806676], [8.76285867359543, 48.780657002283725], [8.762935797014212, 48.78071869967539]]], [[[8.761748044275663, 48.78113219950131], [8.761189827658074, 48.78173619125113], [8.762207683558405, 48.78107679933588], [8.761748044275663, 48.78113219950131]]], [[[8.7606753, 48.7824063], [8.760696100444338, 48.782202323628866], [8.760485419457936, 48.782402788760386], [8.7606753, 48.7824063]]], [[[8.758460988711887, 48.78528481805728], [8.760012908595492, 48.7833262261496], [8.759155394483669, 48.78404561093654], [8.758460988711887, 48.78528481805728]]], [[[8.758115, 48.7860055], [8.758148848051652, 48.785696070464084], [8.758025075104209, 48.78615073260544], [8.758115, 48.7860055]]], [[[8.7580933, 48.7870209], [8.758019727208206, 48.78639549365711], [8.757272273860101, 48.7879931371919], [8.7580933, 48.7870209]]], [[[8.7560101, 48.7915722], [8.756786186827075, 48.7912215951262], [8.75540360022063, 48.79171551237438], [8.7560101, 48.7915722]]], [[[8.756208165001784, 48.78944552728366], [8.7564093, 48.7893945], [8.756771230365088, 48.78864744350023], [8.756208165001784, 48.78944552728366]]], [[[8.7566442, 48.7907165], [8.756607603006557, 48.79071837338042], [8.756745829381408, 48.790823478333], [8.7566442, 48.7907165]]], [[[8.754065874919307, 48.79294071685693], [8.7537572, 48.7931367], [8.7539229, 48.7930473], [8.754065874919307, 48.79294071685693]]], [[[8.752167674102859, 48.79411306023843], [8.7521696, 48.7941128], [8.75218032450224, 48.79410928967195], [8.752167674102859, 48.79411306023843]]], [[[8.75092861326105, 48.79498435339647], [8.7510836, 48.7946668], [8.751123563494888, 48.79453442340848], [8.75092861326105, 48.79498435339647]]], [[[8.7496492, 48.7955708], [8.74970868208403, 48.795526709078764], [8.749622447441581, 48.795593124354234], [8.7496492, 48.7955708]]], [[[8.745855917670479, 48.79733663000202], [8.7462706, 48.7972092], [8.747068045148586, 48.79688448815817], [8.745994601447977, 48.7972323919508], [8.745855917670479, 48.79733663000202]]], [[[8.744618350998628, 48.79866256360497], [8.745518498193226, 48.7975902425686], [8.745318670649665, 48.79774043773993], [8.744618350998628, 48.79866256360497]]]]}}, {"type": "Feature", "properties": {"name": "Saarland", "verband": "Saarland"}, "geometry": {"type": "Polygon", "coordinates": [[[6.7112891, 49.1883652], [6.7315126, 49.2059608], [6.7231778, 49.2190114], [6.719595, 49.2213317], [6.706702, 49.2167426], [6.6957716, 49.2152308], [6.688603, 49.2225205], [6.690687, 49.2312578], [6.6887075, 49.2382944], [6.6847803, 49.241631], [6.6907284, 49.2476621], [6.6900659, 49.2496544], [6.6880863, 49.2492555], [6.6755889, 49.2575216], [6.6643985, 49.2545239], [6.6615829, 49.2580485], [6.6605051, 49.2612791], [6.667782, 49.2707551], [6.6659613, 49.2768704], [6.6703217, 49.280265], [6.6600887, 49.2836051], [6.6532691, 49.2812149], [6.6503165, 49.2885701], [6.6441114, 49.2898359], [6.6387971, 49.2956153], [6.6319589, 49.295741], [6.6322311, 49.2976411], [6.6273518, 49.2993119], [6.6246991, 49.3027905], [6.6153787, 49.3016258], [6.605003, 49.3121032], [6.5890954, 49.3221256], [6.5956746, 49.3300417], [6.5893003, 49.3347755], [6.591339, 49.3359047], [6.5878431, 49.334776], [6.5859291, 49.3370458], [6.582251, 49.3345451], [6.5784729, 49.3348622], [6.5759737, 49.3415694], [6.5657732, 49.3478313], [6.5635818, 49.3559035], [6.574053, 49.3587521], [6.5817189, 49.3563366], [6.5851925, 49.3532074], [6.5849431, 49.3512723], [6.5883339, 49.3496021], [6.5900963, 49.3548396], [6.5925416, 49.3554612], [6.5917883, 49.3580848], [6.5964897, 49.3593676], [6.6022999, 49.3671105], [6.5997691, 49.3666406], [6.598266, 49.3699723], [6.5945745, 49.3715309], [6.5832277, 49.3685155], [6.5842536, 49.3765416], [6.5880756, 49.3834679], [6.5867, 49.3851819], [6.5800023, 49.3854663], [6.5768227, 49.389705], [6.5634635, 49.3881946], [6.5600885, 49.3925409], [6.5522457, 49.3941811], [6.5521492, 49.3998996], [6.5409917, 49.4011993], [6.5374635, 49.4088776], [6.5385504, 49.4120702], [6.5487499, 49.4179035], [6.5527443, 49.4167777], [6.5574687, 49.4195594], [6.5566508, 49.4207032], [6.5543921, 49.4199973], [6.5516915, 49.4249798], [6.5392589, 49.4337885], [6.5378306, 49.4327757], [6.5343536, 49.4356175], [6.5249516, 49.4354989], [6.4997339, 49.4502049], [6.485666, 49.4519196], [6.464533, 49.466449], [6.455921, 49.46289], [6.443351, 49.468213], [6.440569, 49.4667516], [6.4280271, 49.4769475], [6.4258669, 49.4754442], [6.4203648, 49.4763841], [6.4146057, 49.4711301], [6.4033454, 49.4658922], [6.3932658, 49.4641082], [6.3798532, 49.4663043], [6.3797586, 49.4646877], [6.3749677, 49.4643716], [6.3714606, 49.466764], [6.3715879, 49.4686287], [6.3687541, 49.469222], [6.3698292, 49.488657], [6.3678303, 49.4953289], [6.368536, 49.5029697], [6.357645, 49.5292377], [6.3602619, 49.5353298], [6.381868, 49.5513658], [6.3936751, 49.547538], [6.4036306, 49.5486139], [6.4144701, 49.547122], [6.4141661, 49.5433045], [6.4299479, 49.5492318], [6.436136, 49.547382], [6.4386856, 49.5447043], [6.442613, 49.5451503], [6.4445378, 49.5428085], [6.4484522, 49.5442734], [6.4520797, 49.538383], [6.463995, 49.5442844], [6.4733816, 49.5436284], [6.4810685, 49.5398139], [6.4855019, 49.5344505], [6.4943576, 49.5306129], [6.4996649, 49.5304449], [6.5094435, 49.5355863], [6.5149867, 49.5349724], [6.5146387, 49.529449], [6.5169264, 49.5276712], [6.5271189, 49.5306319], [6.5388892, 49.5393059], [6.554662, 49.5358423], [6.5637907, 49.5405188], [6.5651845, 49.5380171], [6.5744252, 49.5343695], [6.5793854, 49.5286781], [6.5800654, 49.5223348], [6.5847617, 49.5194892], [6.589325, 49.5171124], [6.6004184, 49.5187832], [6.6055387, 49.5167005], [6.6111679, 49.520763], [6.6076244, 49.5276253], [6.6194787, 49.530307], [6.6170031, 49.5354384], [6.6275705, 49.5381351], [6.6323049, 49.5417167], [6.6402937, 49.5406568], [6.6415465, 49.5375862], [6.6457979, 49.539035], [6.6513161, 49.5438605], [6.650688, 49.5495247], [6.6529961, 49.5511759], [6.6583891, 49.5438385], [6.6642393, 49.5427046], [6.6838245, 49.548152], [6.6886648, 49.5358694], [6.6905805, 49.5352664], [6.694129, 49.5398939], [6.7005251, 49.5417587], [6.7096295, 49.553648], [6.7340311, 49.5601929], [6.7379107, 49.5578339], [6.7481288, 49.5579784], [6.7572958, 49.5616338], [6.7650736, 49.5677056], [6.7785948, 49.5702546], [6.798141, 49.5860138], [6.8136779, 49.5920532], [6.8222751, 49.5863494], [6.8243369, 49.5884453], [6.8349918, 49.5830132], [6.8415148, 49.5883056], [6.8391526, 49.5926666], [6.8420954, 49.5928805], [6.8439528, 49.5900145], [6.8573999, 49.6052978], [6.8645864, 49.6079825], [6.8707052, 49.6081339], [6.8728175, 49.6068575], [6.8721241, 49.6048053], [6.8763071, 49.6023684], [6.8796763, 49.6083523], [6.8899168, 49.6066655], [6.8840817, 49.611736], [6.8918945, 49.6130328], [6.8943092, 49.6157795], [6.9062555, 49.6141737], [6.9210513, 49.6165384], [6.9263996, 49.6124339], [6.9294601, 49.6125249], [6.930782, 49.6147417], [6.9282244, 49.6152462], [6.9298138, 49.6166101], [6.9277017, 49.6181803], [6.9349971, 49.6159446], [6.9375941, 49.6178007], [6.9342724, 49.6217569], [6.9380259, 49.6247245], [6.9326738, 49.628864], [6.9333866, 49.6310668], [6.9412454, 49.6349324], [6.9486645, 49.6350907], [6.9496282, 49.6258694], [6.951336, 49.6251485], [6.9583, 49.6307179], [6.9599357, 49.6288831], [6.9665318, 49.6304579], [6.9751275, 49.6354974], [6.9783511, 49.6358443], [6.9784011, 49.6326057], [6.9889036, 49.6329906], [6.9915677, 49.635465], [6.9923761, 49.6322667], [6.9877278, 49.629646], [6.9889416, 49.6253385], [6.9856401, 49.6228668], [6.986088, 49.621078], [6.993075, 49.6242476], [7.0013558, 49.6313008], [7.0123594, 49.6283856], [7.027668, 49.639427], [7.0592575, 49.630237], [7.0798454, 49.6118711], [7.0848853, 49.6050748], [7.083827, 49.6032711], [7.0870116, 49.6022642], [7.0881834, 49.5994375], [7.0926857, 49.603488], [7.1009775, 49.6023823], [7.1002246, 49.6056479], [7.1031572, 49.604045], [7.1047401, 49.5990537], [7.1215426, 49.595596], [7.1413268, 49.5970028], [7.1462241, 49.6024472], [7.1523732, 49.6035611], [7.1633516, 49.6007984], [7.1722763, 49.6009434], [7.1757078, 49.5952641], [7.1732072, 49.5878669], [7.1712205, 49.5877599], [7.1723154, 49.5861041], [7.182141, 49.5825915], [7.1877442, 49.5754193], [7.1896719, 49.5773611], [7.2100141, 49.5771375], [7.2139811, 49.5744006], [7.2099212, 49.5681421], [7.2134306, 49.5656402], [7.2247469, 49.5649485], [7.231133, 49.5679772], [7.2392611, 49.5686639], [7.2414133, 49.5706474], [7.2394737, 49.572803], [7.2526129, 49.5739015], [7.258907, 49.578307], [7.2621375, 49.5840984], [7.2684616, 49.5841728], [7.2620605, 49.5757173], [7.2623275, 49.5719368], [7.2677107, 49.5679582], [7.2689905, 49.5648732], [7.267159, 49.5636764], [7.2752307, 49.5577614], [7.2738259, 49.552531], [7.2769354, 49.5486094], [7.2758086, 49.5378296], [7.2846078, 49.536641], [7.2873217, 49.5346147], [7.3030615, 49.5356317], [7.2990683, 49.5316134], [7.2995498, 49.5291315], [7.3008131, 49.5299981], [7.309201, 49.5235266], [7.3077062, 49.5197804], [7.301361, 49.5179608], [7.2987005, 49.5178281], [7.3018651, 49.5214015], [7.2990634, 49.5204122], [7.2967898, 49.5228397], [7.2938344, 49.5216973], [7.2940872, 49.5196048], [7.2858495, 49.5168482], [7.288686, 49.5130825], [7.2827964, 49.5099479], [7.2814185, 49.5051704], [7.2852653, 49.5045087], [7.2826814, 49.5014225], [7.2866287, 49.5005825], [7.2871604, 49.4988799], [7.2825818, 49.4953874], [7.281502, 49.4885591], [7.2796942, 49.4872813], [7.2817759, 49.4860644], [7.2781844, 49.4841756], [7.2930333, 49.4818069], [7.2959949, 49.4833477], [7.3005623, 49.4770385], [7.3056425, 49.4741398], [7.3006788, 49.4694218], [7.3019032, 49.4668545], [7.2863133, 49.4599104], [7.2873842, 49.4564158], [7.2698477, 49.4519032], [7.2662222, 49.4524562], [7.2462765, 49.4461825], [7.2488757, 49.4430152], [7.2553578, 49.4405665], [7.2521039, 49.4369064], [7.2537307, 49.4362181], [7.2504577, 49.4349733], [7.2568357, 49.4259941], [7.2600512, 49.4262111], [7.2611172, 49.423384], [7.2727814, 49.4242243], [7.282267, 49.4174601], [7.291253, 49.4158558], [7.2914168, 49.4106249], [7.2970677, 49.4045753], [7.2943284, 49.4010427], [7.2988987, 49.3984403], [7.289663, 49.3932298], [7.2920577, 49.3928439], [7.2897041, 49.3896592], [7.3032371, 49.3891973], [7.3021548, 49.3859717], [7.3311729, 49.3788464], [7.3411173, 49.3808032], [7.3557947, 49.3797644], [7.3548782, 49.374497], [7.3693445, 49.3739625], [7.3667527, 49.3694194], [7.3662876, 49.3634952], [7.3829092, 49.3665093], [7.3971358, 49.3718824], [7.4014182, 49.3701086], [7.4017471, 49.3677088], [7.3931444, 49.3633983], [7.402768, 49.3559412], [7.3911417, 49.3531985], [7.3914066, 49.3499058], [7.3992145, 49.3514627], [7.3997465, 49.34867], [7.3982767, 49.347999], [7.4036669, 49.3461213], [7.4010453, 49.3445234], [7.4048307, 49.3423527], [7.4013813, 49.3390301], [7.402853, 49.3376912], [7.3966989, 49.3358904], [7.3932631, 49.3281111], [7.3875089, 49.3248538], [7.3847966, 49.3207975], [7.3778267, 49.3200022], [7.3811622, 49.3163136], [7.3860771, 49.3201476], [7.3928405, 49.3207921], [7.3937574, 49.3151467], [7.3953052, 49.3151657], [7.390018, 49.3119651], [7.3920497, 49.3093024], [7.3836879, 49.3098473], [7.3805543, 49.3064837], [7.3797785, 49.2989605], [7.3818372, 49.2954319], [7.3867885, 49.2933572], [7.3737061, 49.2809138], [7.3677052, 49.2829843], [7.3653156, 49.2817864], [7.3651676, 49.2781858], [7.3597414, 49.2792957], [7.3548196, 49.2823188], [7.3557552, 49.2836947], [7.3405881, 49.2810125], [7.3348149, 49.2782158], [7.3357498, 49.276343], [7.3450435, 49.2735323], [7.3451055, 49.2717585], [7.3387557, 49.2637482], [7.3263732, 49.258464], [7.3288218, 49.2559613], [7.3247614, 49.2482481], [7.3228057, 49.2474202], [7.3163427, 49.2513174], [7.3115932, 49.2571325], [7.3073435, 49.25677], [7.3030084, 49.2510348], [7.304175, 49.2454995], [7.2905666, 49.2390299], [7.2891799, 49.237975], [7.2913528, 49.2372838], [7.2887621, 49.236279], [7.2942998, 49.2346636], [7.2889466, 49.2304181], [7.3040894, 49.2221278], [7.3026736, 49.2221145], [7.302753, 49.2168615], [7.298452, 49.2136187], [7.2987288, 49.2110339], [7.3013272, 49.2097028], [7.295621, 49.2053629], [7.2982011, 49.203835], [7.3039352, 49.205647], [7.3060081, 49.2008491], [7.3212515, 49.1885237], [7.3383988, 49.1843799], [7.3353317, 49.1805805], [7.3359768, 49.1756873], [7.3430409, 49.1730626], [7.3502261, 49.1629127], [7.3541317, 49.161124], [7.3612202, 49.1613038], [7.3627273, 49.158362], [7.3665709, 49.1619938], [7.3689618, 49.1616885], [7.3625407, 49.1564375], [7.3626813, 49.1432614], [7.3454613, 49.1432664], [7.3414905, 49.1452644], [7.325787, 49.1433235], [7.3136591, 49.1371876], [7.3110312, 49.1303499], [7.3056726, 49.1269494], [7.2986609, 49.1172693], [7.2935556, 49.1149892], [7.2826221, 49.1169391], [7.2840862, 49.1235741], [7.2817804, 49.1245431], [7.2804428, 49.1227496], [7.2720388, 49.1243027], [7.2658046, 49.1227567], [7.2492211, 49.1272385], [7.2449651, 49.1300153], [7.2270227, 49.1258228], [7.2055047, 49.123553], [7.1983217, 49.1152079], [7.1966464, 49.1217049], [7.1843721, 49.1314604], [7.1839494, 49.1300015], [7.1777673, 49.1301074], [7.1783665, 49.1285046], [7.176787, 49.1281101], [7.1747497, 49.1291839], [7.1681426, 49.1272924], [7.1651578, 49.1286277], [7.1594015, 49.1204144], [7.1574506, 49.1208268], [7.1507382, 49.1250759], [7.1355358, 49.1285771], [7.1314486, 49.1317856], [7.1316432, 49.1341277], [7.1261554, 49.1419566], [7.1038097, 49.1384916], [7.1037082, 49.1456819], [7.1131721, 49.1519415], [7.1076193, 49.1524333], [7.106481, 49.1551154], [7.1020061, 49.1557639], [7.0906867, 49.1518774], [7.0839923, 49.1534226], [7.0803587, 49.1489623], [7.0842769, 49.1441185], [7.0818699, 49.1416799], [7.0899559, 49.132941], [7.0895426, 49.1303434], [7.0721241, 49.1243568], [7.0666026, 49.1142815], [7.0573806, 49.1119687], [7.0520348, 49.1129465], [7.0443027, 49.1201972], [7.0468186, 49.1369703], [7.0416814, 49.1465717], [7.0322326, 49.156705], [7.0332945, 49.1636711], [7.027756, 49.1702834], [7.0284802, 49.1754985], [7.0333301, 49.1808873], [7.0350314, 49.1914361], [7.02769, 49.1910427], [7.0239029, 49.1889037], [7.0215876, 49.1932125], [7.0109133, 49.1879496], [7.0089405, 49.1940109], [6.9990204, 49.1944502], [6.9926104, 49.2008022], [6.9753345, 49.2093795], [6.9595947, 49.2031179], [6.9399307, 49.2167256], [6.9382298, 49.2224477], [6.9187594, 49.222736], [6.9188529, 49.2199564], [6.9114077, 49.2150005], [6.9004368, 49.2135965], [6.8926111, 49.2088272], [6.8726189, 49.2149455], [6.8706292, 49.218581], [6.8591538, 49.2227466], [6.8378389, 49.2133476], [6.8362284, 49.2112717], [6.8424518, 49.2085674], [6.8521257, 49.2002128], [6.8501175, 49.1932369], [6.8586019, 49.1866176], [6.8619435, 49.1789235], [6.8594468, 49.1775156], [6.8591839, 49.174613], [6.844514, 49.1730381], [6.84435, 49.1639392], [6.8473818, 49.1571711], [6.8341753, 49.1512816], [6.8169937, 49.1576328], [6.8095989, 49.157993], [6.8026815, 49.1620437], [6.793855, 49.1632441], [6.7825842, 49.1682043], [6.761532, 49.1647252], [6.7506838, 49.1666716], [6.7385568, 49.1636722], [6.7204236, 49.1752618], [6.7112891, 49.1883652]]]}}, {"type": "Feature", "properties": {"name": "Rheinland", "verband": "Rheinland"}, "geometry": {"type": "Polygon", "coordinates": [[[6.3584347, 49.5731182], [6.3617916, 49.5761967], [6.3688412, 49.5784321], [6.3777065, 49.5757084], [6.3823414, 49.5768833], [6.3830776, 49.581049], [6.3753223, 49.5875835], [6.3769283, 49.5928249], [6.385397, 49.5989971], [6.3995571, 49.6018658], [6.4061375, 49.6089115], [6.418848, 49.6165371], [6.4223003, 49.6206493], [6.4412556, 49.6561947], [6.4378414, 49.6604939], [6.4271336, 49.6618786], [6.4310856, 49.6687412], [6.4452229, 49.6760159], [6.4599133, 49.6907024], [6.4801464, 49.6965199], [6.4960041, 49.7088337], [6.5061588, 49.7123318], [6.5068417, 49.7164249], [6.497591, 49.7222958], [6.4960079, 49.7255459], [6.502718, 49.726305], [6.5114193, 49.7202549], [6.5173969, 49.7229671], [6.5171261, 49.7247677], [6.5023594, 49.7329121], [6.503233, 49.7456188], [6.5009708, 49.7523975], [6.5149937, 49.7584515], [6.5190639, 49.7625599], [6.5179157, 49.7689228], [6.5101376, 49.774107], [6.5171871, 49.7830296], [6.5060787, 49.7894878], [6.5223179, 49.7974606], [6.531065, 49.805212], [6.5298519, 49.8093586], [6.5205936, 49.8134937], [6.5161724, 49.8054905], [6.5115643, 49.8024731], [6.5058498, 49.8097668], [6.496027, 49.8126507], [6.4882488, 49.812315], [6.4801655, 49.8192539], [6.4715672, 49.8227863], [6.4633732, 49.8193531], [6.4542217, 49.811636], [6.4439754, 49.811636], [6.4415379, 49.8144779], [6.4298763, 49.8107929], [6.4267254, 49.812685], [6.4256535, 49.816164], [6.4095821, 49.8179264], [6.3983479, 49.8218479], [6.3640957, 49.8509655], [6.3407269, 49.8487186], [6.3368931, 49.8396397], [6.3309155, 49.8366566], [6.3271656, 49.836237], [6.3218174, 49.838728], [6.3199558, 49.8430576], [6.3229847, 49.8516026], [6.3146839, 49.8598309], [6.3147717, 49.8655605], [6.3112736, 49.8699818], [6.2969265, 49.8664875], [6.2928982, 49.8698444], [6.2916355, 49.8749752], [6.2864552, 49.8753033], [6.2823963, 49.8787899], [6.2759418, 49.8768482], [6.2621021, 49.880991], [6.2468662, 49.8953266], [6.2400112, 49.8964291], [6.23382, 49.9001865], [6.232336, 49.906496], [6.2271709, 49.9104977], [6.234087, 49.9125538], [6.2317257, 49.9186459], [6.2294254, 49.9210491], [6.2181568, 49.923399], [6.2261868, 49.929314], [6.223524, 49.934002], [6.227331, 49.936623], [6.216543, 49.944508], [6.223913, 49.950085], [6.2117405, 49.95023], [6.208494, 49.95461], [6.205431, 49.955185], [6.2007847, 49.95293], [6.1995907, 49.949497], [6.1982822, 49.9484386], [6.197237, 49.9545994], [6.1939983, 49.9570103], [6.1958485, 49.9609051], [6.1932201, 49.9639797], [6.1943951, 49.9659061], [6.1903706, 49.9695454], [6.1837215, 49.9679279], [6.1805172, 49.9641132], [6.1830311, 49.9574795], [6.1877956, 49.9563389], [6.1811657, 49.9533062], [6.1781521, 49.9540501], [6.1760311, 49.961813], [6.1707668, 49.9631023], [6.1651936, 49.970602], [6.169157, 49.9836063], [6.1728077, 49.9845142], [6.1571407, 49.9872379], [6.1509876, 49.9942303], [6.1417484, 49.994997], [6.1380939, 49.9983997], [6.1395016, 50.0000973], [6.1452236, 49.9981785], [6.1498775, 50.0090313], [6.1386967, 50.0110607], [6.129694, 50.0184956], [6.1320553, 50.0191746], [6.1378727, 50.015749], [6.1461086, 50.0226383], [6.1301556, 50.0295696], [6.1345768, 50.0401516], [6.1251087, 50.0511341], [6.1216259, 50.052702], [6.1241245, 50.0598164], [6.120512, 50.060133], [6.1203365, 50.0570965], [6.1178989, 50.0564404], [6.1124668, 50.0600758], [6.1137981, 50.0655727], [6.1204472, 50.0647678], [6.1212025, 50.0687504], [6.1293812, 50.0733852], [6.1249676, 50.0771008], [6.1207371, 50.0725422], [6.1162167, 50.0745831], [6.1222019, 50.0813046], [6.119772, 50.085783], [6.1202602, 50.091795], [6.1228046, 50.0936298], [6.1301174, 50.0921803], [6.1333408, 50.0936298], [6.1285763, 50.0954723], [6.1257153, 50.0991497], [6.1268368, 50.1019878], [6.1358356, 50.1035023], [6.1313496, 50.1065693], [6.1352062, 50.1132717], [6.1280994, 50.1159649], [6.1294003, 50.1212711], [6.1367397, 50.1242237], [6.1384941, 50.1345439], [6.1471798, 50.135674], [6.1545017, 50.1416393], [6.152392, 50.1472777], [6.1531599, 50.1501164], [6.1484666, 50.1517832], [6.1406967, 50.1480066], [6.132017, 50.153507], [6.1326169, 50.1555058], [6.1428394, 50.1558338], [6.1476607, 50.1605452], [6.1405867, 50.1663436], [6.1396769, 50.1690823], [6.1477667, 50.1704631], [6.1443772, 50.1730768], [6.1469988, 50.1777493], [6.152417, 50.1763075], [6.1558755, 50.171879], [6.1599859, 50.171757], [6.1617887, 50.1774673], [6.1676558, 50.1797071], [6.1771634, 50.1788712], [6.1782453, 50.180443], [6.1805179, 50.1781462], [6.1842014, 50.1783102], [6.1923212, 50.1820338], [6.1860661, 50.1840136], [6.1903245, 50.1872442], [6.1839455, 50.1926806], [6.1865161, 50.1952973], [6.1852673, 50.2027095], [6.1888515, 50.2053321], [6.1829304, 50.2078339], [6.1778068, 50.2166353], [6.1664962, 50.2197778], [6.1680097, 50.2244134], [6.1770758, 50.2266857], [6.1774912, 50.2287351], [6.1736166, 50.2318447], [6.1755961, 50.2352832], [6.197104, 50.2378559], [6.2005561, 50.2399422], [6.2068742, 50.2493575], [6.2052591, 50.2511014], [6.2089168, 50.2536442], [6.2118157, 50.2529777], [6.2158052, 50.2569532], [6.2188954, 50.2563325], [6.2172974, 50.2548183], [6.218536, 50.2544913], [6.2235947, 50.2587582], [6.2360889, 50.2624928], [6.2456532, 50.2619554], [6.2590417, 50.267791], [6.2616918, 50.2650239], [6.2667504, 50.2648925], [6.2722557, 50.2676933], [6.2785147, 50.2664522], [6.2922001, 50.2787517], [6.2849854, 50.2845581], [6.2856373, 50.2878054], [6.2880654, 50.2888868], [6.2859747, 50.2898677], [6.2883703, 50.2905696], [6.2858467, 50.2941662], [6.2917508, 50.295628], [6.2911389, 50.2977178], [6.2956023, 50.2997776], [6.2944764, 50.3012124], [6.2983509, 50.3023373], [6.2984818, 50.3043141], [6.2957582, 50.30518], [6.2961153, 50.3089642], [6.3070668, 50.3096392], [6.3094917, 50.311674], [6.3069118, 50.3137933], [6.3064697, 50.3201903], [6.3169152, 50.3214681], [6.3176531, 50.3191604], [6.3275566, 50.3245128], [6.3330558, 50.3235779], [6.3330688, 50.3195114], [6.3357964, 50.3181305], [6.3346306, 50.3164897], [6.3428994, 50.3183135], [6.3437932, 50.3172986], [6.3405527, 50.3155668], [6.3483136, 50.3149219], [6.3511562, 50.3107263], [6.3633754, 50.305187], [6.3585741, 50.3097534], [6.3587381, 50.313351], [6.3615107, 50.3148839], [6.3702114, 50.3124501], [6.3748747, 50.313606], [6.3759646, 50.3176156], [6.3813798, 50.3192444], [6.3821397, 50.3220371], [6.3901595, 50.3210642], [6.4152278, 50.3245088], [6.4262991, 50.3227919], [6.4223478, 50.3303491], [6.4241305, 50.3335338], [6.4149589, 50.3328439], [6.4049303, 50.3436466], [6.4033886, 50.3468663], [6.4050783, 50.3505289], [6.3972815, 50.357845], [6.4056052, 50.3634604], [6.3951288, 50.3616826], [6.3975034, 50.367283], [6.3948158, 50.366917], [6.3919142, 50.3707926], [6.3892236, 50.3712845], [6.3893396, 50.3767469], [6.3919412, 50.3794556], [6.3844213, 50.3841061], [6.4130371, 50.3896456], [6.4182081, 50.3827228], [6.4223065, 50.3816929], [6.4157365, 50.3744067], [6.4220525, 50.3731828], [6.4211087, 50.3684794], [6.4238903, 50.3683264], [6.4301944, 50.363138], [6.4331689, 50.3642448], [6.432605, 50.3670635], [6.4376983, 50.3691123], [6.4367364, 50.3706001], [6.4488526, 50.3711491], [6.4479948, 50.3675635], [6.4500565, 50.3636229], [6.4582533, 50.362791], [6.4611079, 50.3591144], [6.4576454, 50.3496425], [6.4592201, 50.3442561], [6.4498625, 50.3380338], [6.4519792, 50.3353601], [6.4660141, 50.3425963], [6.4704975, 50.3417574], [6.473841, 50.3386857], [6.4850984, 50.3385567], [6.4880689, 50.3404865], [6.4868321, 50.3428672], [6.4933752, 50.3475057], [6.5040619, 50.3511593], [6.5044185, 50.3572596], [6.5068642, 50.3596254], [6.5109936, 50.3594914], [6.5172697, 50.3555968], [6.5156879, 50.3608382], [6.5168037, 50.3621881], [6.5210411, 50.362765], [6.5295659, 50.3690783], [6.5429809, 50.3707031], [6.5447247, 50.3694483], [6.5437218, 50.3663546], [6.5587196, 50.3690743], [6.5670964, 50.3723999], [6.5694541, 50.3764215], [6.5814273, 50.3780843], [6.5852497, 50.3825938], [6.6033425, 50.3881849], [6.6066891, 50.3808711], [6.6010996, 50.3783692], [6.6038021, 50.3752456], [6.6145989, 50.3770321], [6.6214295, 50.3745407], [6.6240958, 50.3756826], [6.6269681, 50.3729513], [6.6255006, 50.3716466], [6.6267899, 50.3686442], [6.6251316, 50.3621887], [6.6218801, 50.35993], [6.6214745, 50.3557412], [6.6230769, 50.3542931], [6.6218326, 50.353493], [6.6237278, 50.3516753], [6.6295029, 50.3509469], [6.6365357, 50.3452516], [6.6503063, 50.3481237], [6.6576335, 50.3566932], [6.6561807, 50.367481], [6.6683609, 50.3717535], [6.6871864, 50.3586538], [6.6874595, 50.3550918], [6.696405, 50.3463238], [6.6964293, 50.3403145], [6.6986535, 50.3356966], [6.7055035, 50.3422469], [6.7241908, 50.3472973], [6.7324726, 50.3527407], [6.7513388, 50.3554114], [6.7536435, 50.3542935], [6.770732, 50.3613238], [6.7767601, 50.3582081], [6.7773031, 50.3642314], [6.7830582, 50.3616637], [6.7968732, 50.3630026], [6.7972444, 50.3597562], [6.8001833, 50.3608248], [6.8023724, 50.3699988], [6.7939556, 50.3704637], [6.784635, 50.3742713], [6.7860988, 50.3756252], [6.7696661, 50.3924673], [6.770874, 50.3982736], [6.7797137, 50.4046129], [6.7794987, 50.4133379], [6.784386, 50.4209171], [6.7794017, 50.4238507], [6.770208, 50.4251176], [6.7691072, 50.4334027], [6.770483, 50.4356044], [6.7600225, 50.4313699], [6.7578238, 50.4339906], [6.750034, 50.4336316], [6.7454146, 50.4362903], [6.7434619, 50.4410738], [6.7643498, 50.4508247], [6.7645918, 50.4550212], [6.7626591, 50.4560391], [6.7665425, 50.4583439], [6.763019, 50.4627264], [6.7598505, 50.4615245], [6.7571109, 50.4635273], [6.7583717, 50.4706615], [6.7541533, 50.4710844], [6.7512497, 50.4698026], [6.7510518, 50.4668999], [6.7470414, 50.466133], [6.7433219, 50.4678188], [6.7449217, 50.4732432], [6.7516177, 50.4759409], [6.7599355, 50.4756429], [6.7684642, 50.4848899], [6.7743473, 50.4825591], [6.7800665, 50.4867557], [6.8007285, 50.4915081], [6.8061777, 50.4880445], [6.8073705, 50.4790685], [6.8118629, 50.4720343], [6.8389519, 50.4645652], [6.8439332, 50.4600567], [6.8538361, 50.4570274], [6.8559645, 50.4533615], [6.8632588, 50.4571795], [6.8677186, 50.4561075], [6.8710842, 50.4609296], [6.8801409, 50.466175], [6.9017717, 50.4689907], [6.899717, 50.4712295], [6.9031345, 50.475323], [6.8995004, 50.4781093], [6.9054542, 50.484531], [6.9002879, 50.4896694], [6.9019397, 50.4918833], [6.8980742, 50.4924245], [6.9058271, 50.501934], [6.9009268, 50.5034179], [6.8980742, 50.5069465], [6.8882098, 50.5080421], [6.8979232, 50.5178193], [6.8844045, 50.5200261], [6.8848216, 50.5244543], [6.8823439, 50.5270668], [6.885815, 50.5292791], [6.9021688, 50.5314666], [6.9001039, 50.5270513], [6.9091806, 50.5255445], [6.9239379, 50.5314303], [6.9232487, 50.5328574], [6.9300755, 50.5331241], [6.9314263, 50.5348894], [6.9288977, 50.5427325], [6.9252782, 50.5453682], [6.9221055, 50.5542198], [6.9306936, 50.560407], [6.9511594, 50.5634272], [6.9563436, 50.5604785], [6.9564546, 50.5569419], [6.9677421, 50.5574276], [6.9724799, 50.5558803], [6.9759227, 50.5575748], [6.9766533, 50.5627973], [6.9833274, 50.5657397], [6.998011, 50.5650389], [7.0151542, 50.5762418], [7.0317077, 50.5895154], [7.029812, 50.590573], [7.0490698, 50.6044163], [7.0530432, 50.6040614], [7.0561125, 50.6063169], [7.0593762, 50.6036971], [7.0594135, 50.6006291], [7.0663322, 50.6006248], [7.0682614, 50.5938621], [7.0891225, 50.5860011], [7.0947044, 50.5860986], [7.1040604, 50.5912842], [7.1052451, 50.5969774], [7.111718, 50.6020042], [7.1103718, 50.6024815], [7.1128245, 50.6061331], [7.1117825, 50.6092837], [7.115294, 50.6120264], [7.1191576, 50.6122745], [7.1311057, 50.6036264], [7.1476433, 50.6004229], [7.1490123, 50.6093332], [7.1515469, 50.6100121], [7.1520213, 50.6129534], [7.1547414, 50.6146966], [7.1728478, 50.6123539], [7.1739016, 50.6188431], [7.1806756, 50.6225047], [7.1893723, 50.6237526], [7.1909501, 50.6361122], [7.1938466, 50.63792], [7.1990132, 50.6482678], [7.202917, 50.6498917], [7.2106772, 50.6497524], [7.2112347, 50.6483464], [7.2125567, 50.6234855], [7.2153428, 50.6235859], [7.2163885, 50.6267499], [7.2385484, 50.6283131], [7.2405574, 50.6270076], [7.2518443, 50.6276624], [7.2568044, 50.6244355], [7.2642897, 50.6274829], [7.2700974, 50.6264643], [7.2816051, 50.6282274], [7.2967123, 50.6316083], [7.3051274, 50.6378346], [7.3136275, 50.6371207], [7.322072, 50.6416614], [7.334364, 50.6379378], [7.3370766, 50.6422997], [7.3561149, 50.6477809], [7.359362, 50.6507378], [7.3558439, 50.6552775], [7.3555948, 50.6647412], [7.3646838, 50.671483], [7.3690163, 50.6714045], [7.3700757, 50.6778466], [7.3674778, 50.6795063], [7.3715441, 50.6800035], [7.3720923, 50.6819257], [7.3652154, 50.6873528], [7.3673315, 50.6895063], [7.3649144, 50.6931849], [7.3682768, 50.6958171], [7.3681278, 50.6978777], [7.3574117, 50.6979845], [7.3632625, 50.701376], [7.3624366, 50.7048121], [7.3675113, 50.7066053], [7.3699202, 50.7114583], [7.3684505, 50.7124237], [7.3717021, 50.7127159], [7.3728043, 50.714687], [7.3706252, 50.7150462], [7.3742135, 50.7182219], [7.3788333, 50.7155908], [7.3874019, 50.7173995], [7.3874235, 50.7158194], [7.3984419, 50.7142429], [7.3996108, 50.7164647], [7.4069822, 50.7176231], [7.4198446, 50.7099897], [7.436596, 50.7098538], [7.4486822, 50.7178457], [7.449089, 50.7159186], [7.4521721, 50.7157335], [7.461567, 50.7187113], [7.4790285, 50.7183001], [7.4852044, 50.7225885], [7.493055, 50.7238138], [7.4919297, 50.7259585], [7.4980008, 50.7266029], [7.5014254, 50.73004], [7.5200375, 50.7291253], [7.5181927, 50.7311969], [7.5191283, 50.7374211], [7.5219583, 50.7361778], [7.5213071, 50.7335083], [7.5514866, 50.7465847], [7.5584107, 50.7429744], [7.5843949, 50.7387272], [7.5920953, 50.7414604], [7.5944809, 50.7441327], [7.5951417, 50.7465061], [7.5928863, 50.7482239], [7.5956489, 50.7510341], [7.5893533, 50.7566044], [7.597896, 50.7609958], [7.5970468, 50.7637506], [7.6010069, 50.7676031], [7.6048203, 50.7660655], [7.6076463, 50.7685756], [7.6142667, 50.7685543], [7.6175506, 50.7703754], [7.6437083, 50.7685743], [7.645539, 50.7710047], [7.6555233, 50.7680539], [7.6550586, 50.7701601], [7.6625508, 50.7727152], [7.6590087, 50.7850109], [7.6680833, 50.7863469], [7.6734895, 50.7808396], [7.6767968, 50.7808521], [7.6787178, 50.7840627], [7.677603, 50.789025], [7.6827597, 50.79427], [7.6749849, 50.802492], [7.6748277, 50.806668], [7.6791182, 50.809677], [7.662963, 50.8168824], [7.6593427, 50.8201798], [7.6746024, 50.8189719], [7.700156, 50.8255542], [7.7060326, 50.829623], [7.7058344, 50.8336567], [7.7133379, 50.8335884], [7.7141899, 50.8405609], [7.7217782, 50.8433536], [7.7298516, 50.8513128], [7.7366113, 50.8472106], [7.7467307, 50.8467847], [7.7580227, 50.843447], [7.7626679, 50.8446605], [7.7603986, 50.8483696], [7.7516839, 50.849786], [7.7664714, 50.8565627], [7.7597612, 50.8617624], [7.7556841, 50.8625963], [7.7547411, 50.8650236], [7.7483033, 50.8671165], [7.7530284, 50.8753215], [7.758599, 50.8793622], [7.7529432, 50.8884901], [7.7532758, 50.8927725], [7.7569355, 50.8941929], [7.7601608, 50.9003094], [7.7587035, 50.9028151], [7.750474, 50.9057471], [7.7449364, 50.9050449], [7.7469243, 50.9123597], [7.735841, 50.9157098], [7.7352161, 50.9176253], [7.7424836, 50.9197191], [7.7500395, 50.9189779], [7.7764034, 50.9296049], [7.7860308, 50.9399883], [7.7931344, 50.9423256], [7.8116497, 50.9384421], [7.8132735, 50.9403419], [7.8193086, 50.9333307], [7.8284563, 50.9289432], [7.8357672, 50.9295921], [7.8386418, 50.9266545], [7.8448378, 50.930595], [7.8491592, 50.9278604], [7.8499562, 50.9246728], [7.8384738, 50.9103387], [7.8335186, 50.9073636], [7.8354744, 50.9028391], [7.8333757, 50.8971328], [7.8287664, 50.8933522], [7.8273206, 50.8867219], [7.8287614, 50.8821025], [7.8510199, 50.8776701], [7.8706273, 50.878223], [7.8754593, 50.8749568], [7.8817257, 50.8743894], [7.886905, 50.8701382], [7.8876418, 50.8663363], [7.8936789, 50.8644106], [7.89352, 50.8595231], [7.9061742, 50.8478655], [7.9185194, 50.8442989], [7.9376772, 50.8486074], [7.953199, 50.8460052], [7.9576067, 50.848888], [7.9671562, 50.8440284], [7.9681716, 50.835776], [7.9735221, 50.8334561], [7.9779414, 50.83387], [7.9738198, 50.8286065], [7.9765062, 50.8249203], [7.9762071, 50.8207706], [7.9724278, 50.8147643], [7.9748223, 50.8113397], [7.9739354, 50.8041335], [7.9672644, 50.7983161], [7.9666106, 50.7917549], [7.9685412, 50.7847563], [7.9641173, 50.7846396], [7.9683074, 50.7745208], [7.9841031, 50.7610567], [8.0015156, 50.7541042], [8.0259531, 50.7342985], [8.0401561, 50.7268633], [8.0430537, 50.711631], [8.0389139, 50.6969075], [8.0603205, 50.6952785], [8.0660632, 50.6998381], [8.071219, 50.7002257], [8.0709327, 50.7020412], [8.0747005, 50.7052653], [8.0794008, 50.7066071], [8.0825262, 50.7029509], [8.099055, 50.7035106], [8.1099059, 50.6979694], [8.1202825, 50.6883975], [8.1208436, 50.6852053], [8.1258238, 50.6858559], [8.1260068, 50.6830581], [8.1211662, 50.6782202], [8.1118158, 50.6740904], [8.1098542, 50.6674721], [8.1100662, 50.6573293], [8.1240872, 50.6451179], [8.127354, 50.645047], [8.1264241, 50.6415036], [8.1309279, 50.6361414], [8.1406392, 50.6314868], [8.1392721, 50.6295775], [8.141157, 50.6263227], [8.1377433, 50.6231572], [8.1388176, 50.6198237], [8.1357113, 50.6192443], [8.1378613, 50.6183547], [8.1260201, 50.6100036], [8.1288488, 50.6071502], [8.1519824, 50.5995779], [8.1523223, 50.5936925], [8.1403127, 50.571778], [8.1395024, 50.5664246], [8.1360969, 50.5654787], [8.1326424, 50.5579295], [8.1304177, 50.5574526], [8.1345451, 50.5561977], [8.1375237, 50.5520582], [8.1188945, 50.5484845], [8.1187085, 50.5465767], [8.1133503, 50.5449899], [8.1099268, 50.5413473], [8.115852, 50.5384707], [8.1212592, 50.5395535], [8.1183876, 50.535201], [8.1163059, 50.5363229], [8.1029989, 50.5325803], [8.1018421, 50.5345601], [8.0907027, 50.5354149], [8.0873232, 50.5384896], [8.0702777, 50.5379056], [8.0692013, 50.5459213], [8.0663872, 50.5488734], [8.0492726, 50.5527719], [8.0461381, 50.5569454], [8.0414468, 50.5570364], [8.0432856, 50.55394], [8.0281448, 50.5505331], [8.0294976, 50.5495102], [8.0282708, 50.5446278], [8.0112243, 50.5305623], [8.0090606, 50.5293712], [8.0045706, 50.5306039], [7.9990781, 50.5271867], [7.9927721, 50.5220752], [7.9964341, 50.5173049], [7.9830225, 50.5113784], [7.986914, 50.5013656], [7.9901536, 50.4982749], [7.9789762, 50.4950632], [7.9811509, 50.4937934], [7.9785853, 50.4878311], [7.9792682, 50.4844434], [7.9857433, 50.4823377], [7.987513, 50.479793], [7.9858043, 50.4765813], [7.9863522, 50.4748755], [7.9888389, 50.4751655], [7.9876165, 50.4722542], [7.9935552, 50.471214], [7.9943761, 50.4682343], [8.0012651, 50.462161], [8.0105288, 50.4604872], [8.0107968, 50.4526211], [8.0075593, 50.4509503], [8.0080032, 50.4486345], [8.0002284, 50.4476616], [8.0009223, 50.4452619], [7.9904478, 50.443965], [7.989292, 50.4395175], [7.975561, 50.4374457], [7.9783336, 50.4343193], [7.982443, 50.4361029], [7.9883447, 50.4354745], [7.989159, 50.4338301], [7.9840338, 50.4322423], [7.9878413, 50.4285847], [7.9837057, 50.4235858], [7.9867263, 50.4225088], [7.9829302, 50.4224384], [7.9816532, 50.4182319], [7.9743208, 50.4138826], [7.965192, 50.4134961], [7.9638058, 50.4120135], [7.9645351, 50.4094517], [7.9694861, 50.4089086], [7.9711058, 50.4064902], [7.9787567, 50.4066122], [7.9825771, 50.408542], [7.9896961, 50.4009088], [7.9833431, 50.3983681], [7.9854968, 50.3977842], [7.990333, 50.399578], [8.0021883, 50.3985471], [8.0057198, 50.3990741], [8.0050179, 50.4004429], [8.0117809, 50.3990511], [8.0137016, 50.4009889], [8.0238207, 50.400867], [8.0210596, 50.3981542], [8.0202937, 50.3862106], [8.0138627, 50.3844597], [8.0221846, 50.3821762], [8.0299623, 50.382804], [8.0310602, 50.3813351], [8.0375122, 50.382266], [8.0395735, 50.3861281], [8.0427535, 50.3860543], [8.0456991, 50.3792104], [8.0486752, 50.3783077], [8.0457631, 50.3750259], [8.0483217, 50.3755368], [8.0509568, 50.3793837], [8.0538139, 50.3787305], [8.0505134, 50.3760638], [8.0576064, 50.3732291], [8.0595311, 50.3755218], [8.0644734, 50.3677627], [8.0680819, 50.365684], [8.0664431, 50.3643791], [8.0665961, 50.3589967], [8.0642725, 50.3587407], [8.0699486, 50.3581728], [8.0701157, 50.3555234], [8.0730322, 50.3540753], [8.0767357, 50.34785], [8.0755569, 50.3451873], [8.0774496, 50.3404038], [8.0768517, 50.3358263], [8.0724594, 50.3341555], [8.0710346, 50.3314888], [8.0737602, 50.329936], [8.0942012, 50.33055], [8.0936813, 50.3278803], [8.102814, 50.3270674], [8.1026401, 50.3234288], [8.1071734, 50.321422], [8.1024482, 50.3098443], [8.1045339, 50.3091724], [8.1041429, 50.3071506], [8.1132602, 50.3035798], [8.1142625, 50.2999484], [8.1180209, 50.3010743], [8.1193158, 50.2996585], [8.1209465, 50.2960469], [8.1199137, 50.2930362], [8.1229803, 50.2904465], [8.1205576, 50.2890507], [8.1229853, 50.2869679], [8.1199168, 50.2831943], [8.1215455, 50.277343], [8.1123379, 50.2710867], [8.1068728, 50.2609858], [8.1029603, 50.2597569], [8.0918719, 50.2653303], [8.0795178, 50.2607718], [8.0827353, 50.2657082], [8.0744425, 50.267135], [8.0724377, 50.2732534], [8.0671295, 50.2719265], [8.04974, 50.2739482], [8.036035, 50.2709915], [8.036189, 50.2648122], [8.0256176, 50.2618475], [8.0217552, 50.2581589], [8.0255026, 50.2534935], [8.0320427, 50.2555653], [8.0382088, 50.248946], [8.0354592, 50.2456854], [8.036958, 50.2446775], [8.0389537, 50.2456424], [8.044154, 50.2424118], [8.0494361, 50.2444846], [8.0481404, 50.240756], [8.058272, 50.2342677], [8.0471256, 50.2279774], [8.0400327, 50.2269625], [8.0394998, 50.2240438], [8.0351404, 50.222289], [8.0374821, 50.2188754], [8.0346405, 50.2156017], [8.0137225, 50.2171205], [8.0120218, 50.2179944], [8.0118408, 50.222244], [8.0026841, 50.2243417], [8.0060916, 50.2286792], [8.0011963, 50.2286562], [7.9933124, 50.2319328], [7.996351, 50.2360414], [7.9911427, 50.2360914], [7.9886871, 50.2383801], [7.9867804, 50.2342676], [7.9884351, 50.2310899], [7.9854636, 50.2270544], [7.9730124, 50.2249326], [7.9709377, 50.2223349], [7.9640687, 50.22071], [7.9507467, 50.2193022], [7.9482061, 50.2176243], [7.9514026, 50.2141067], [7.9467203, 50.2122679], [7.9476172, 50.2099372], [7.9205781, 50.2079114], [7.9098387, 50.2037998], [7.9065602, 50.2016459], [7.9124884, 50.1951018], [7.8828927, 50.1813733], [7.8845205, 50.1763719], [7.8873231, 50.1763409], [7.8888889, 50.1736752], [7.8863293, 50.1728962], [7.8844975, 50.1680598], [7.8911196, 50.1622385], [7.9078362, 50.1565581], [7.9116659, 50.1519895], [7.9217912, 50.1466673], [7.9325527, 50.1438976], [7.9267665, 50.140476], [7.9222072, 50.1342767], [7.9229982, 50.1252887], [7.9252168, 50.1236948], [7.924013, 50.121963], [7.9277625, 50.1190674], [7.924228, 50.1150238], [7.9264287, 50.1103543], [7.9254439, 50.1082106], [7.9264617, 50.1050329], [7.9298323, 50.1037211], [7.9237487, 50.1034739], [7.9254562, 50.1012354], [7.9205621, 50.1036819], [7.9199798, 50.1088644], [7.9044887, 50.1215614], [7.8976573, 50.1216803], [7.8844301, 50.1143993], [7.8808553, 50.1169558], [7.8786774, 50.1156682], [7.8754644, 50.1194028], [7.8657975, 50.1205861], [7.8653476, 50.1247235], [7.8541711, 50.1285052], [7.847424, 50.1250173], [7.8442783, 50.111331], [7.8354805, 50.1101072], [7.8380322, 50.1079995], [7.8342884, 50.1059734], [7.8345654, 50.1037842], [7.8391438, 50.1015077], [7.8365733, 50.0990399], [7.8298169, 50.0978445], [7.8320644, 50.0970179], [7.8308776, 50.0929632], [7.835477, 50.0952749], [7.8345201, 50.094177], [7.8360259, 50.093761], [7.8332406, 50.092497], [7.8367307, 50.0905938], [7.8355244, 50.0885861], [7.8374896, 50.0863637], [7.8389921, 50.0872992], [7.8374729, 50.0839899], [7.8282668, 50.0816139], [7.8213882, 50.0844926], [7.8209427, 50.0812034], [7.8169817, 50.0806195], [7.814692, 50.0834692], [7.8028176, 50.0847695], [7.7965126, 50.0769461], [7.7870614, 50.0720054], [7.7877347, 50.0694235], [7.7816671, 50.0664628], [7.7735716, 50.0670821], [7.7744019, 50.0745789], [7.765327, 50.0829148], [7.7584952, 50.0798375], [7.7513532, 50.0807753], [7.7314742, 50.0726502], [7.732423, 50.0718453], [7.7271988, 50.0714224], [7.7180501, 50.0682367], [7.7148266, 50.0652481], [7.7059379, 50.0631403], [7.6737516, 50.0411827], [7.6649789, 50.0316559], [7.6832591, 50.028424], [7.6853927, 50.0316937], [7.693197, 50.0313685], [7.6949511, 50.0300172], [7.6929655, 50.0296314], [7.6909324, 50.0253529], [7.6950159, 50.0233072], [7.6971094, 50.0171234], [7.7012518, 50.0153796], [7.699483, 50.0125269], [7.7090696, 50.0088291], [7.7147552, 50.0100509], [7.7173695, 50.0059277], [7.7270562, 50.0017963], [7.7297048, 50.0062754], [7.7321905, 50.0047745], [7.7272186, 50.0015785], [7.7346262, 49.9986854], [7.713929, 49.9971037], [7.7053312, 49.9995984], [7.6867499, 50.0007512], [7.6859671, 49.9967377], [7.6941319, 49.9921982], [7.69355, 49.9908024], [7.7015068, 49.9858199], [7.7022829, 49.9822392], [7.7057864, 49.9797892], [7.6821817, 49.9770389], [7.666401, 49.9686038], [7.6688037, 49.9591519], [7.6587552, 49.9540434], [7.6579123, 49.9461093], [7.6621027, 49.939864], [7.6513243, 49.9315829], [7.6505761, 49.9280479], [7.646355, 49.931201], [7.6309902, 49.9351685], [7.6174642, 49.9254256], [7.5958604, 49.9181813], [7.5810685, 49.9085004], [7.5727168, 49.8994324], [7.5592377, 49.8960218], [7.5442839, 49.8958198], [7.5417666, 49.8914267], [7.5320597, 49.8873737], [7.5115697, 49.8703836], [7.496291, 49.8608276], [7.489048, 49.8588059], [7.4860564, 49.8620445], [7.4798363, 49.8643712], [7.4764348, 49.8630784], [7.4737962, 49.86584], [7.4678074, 49.8661155], [7.4520034, 49.856712], [7.4509045, 49.8542433], [7.4242414, 49.8406098], [7.4195161, 49.8451763], [7.4254022, 49.8508217], [7.4140668, 49.8537363], [7.4119371, 49.8580578], [7.4042252, 49.8585118], [7.3985341, 49.8557011], [7.3867328, 49.8595006], [7.3872927, 49.8614994], [7.3956795, 49.8616554], [7.3930098, 49.8659469], [7.3945336, 49.8673468], [7.3931708, 49.8722792], [7.3947176, 49.8767307], [7.3930558, 49.8767657], [7.3977761, 49.8802293], [7.3923239, 49.8860317], [7.3967517, 49.8880305], [7.3943819, 49.8933564], [7.3893463, 49.8931349], [7.3875355, 49.8961095], [7.356809, 49.9000581], [7.3501219, 49.8972164], [7.3377897, 49.8956945], [7.3362439, 49.8986122], [7.3310327, 49.900501], [7.3232348, 49.8992531], [7.3190553, 49.8929464], [7.3210849, 49.8920768], [7.3202403, 49.890773], [7.3109906, 49.8842768], [7.2995063, 49.8827619], [7.2939101, 49.8790013], [7.280899, 49.8831399], [7.2827077, 49.8871494], [7.28716, 49.8896671], [7.2808652, 49.8994667], [7.2573813, 49.890277], [7.2511392, 49.8939736], [7.2398269, 49.8951755], [7.2336426, 49.8899982], [7.2223216, 49.885012], [7.2290967, 49.8808742], [7.2273507, 49.8792881], [7.2358169, 49.87564], [7.2305333, 49.8717221], [7.2333649, 49.8689684], [7.2374953, 49.8675496], [7.2401619, 49.8693274], [7.2410847, 49.8706662], [7.2381542, 49.8719251], [7.2384021, 49.8734619], [7.2455471, 49.8703113], [7.2505874, 49.8655768], [7.2591876, 49.8615343], [7.2632946, 49.855239], [7.2623777, 49.8535436], [7.2237533, 49.8332324], [7.2145417, 49.8301847], [7.1892561, 49.8124626], [7.1658478, 49.800594], [7.1452824, 49.7858544], [7.1272034, 49.7768586], [7.1252202, 49.7722098], [7.1309689, 49.7633693], [7.1316988, 49.7581057], [7.1241039, 49.7508155], [7.1080082, 49.7446267], [7.09598, 49.728656], [7.0810232, 49.7202749], [7.0701764, 49.7097609], [7.0528703, 49.6988483], [7.0426068, 49.6897843], [7.0613881, 49.6809113], [7.0652015, 49.6768788], [7.0598903, 49.6758039], [7.0537966, 49.6771629], [7.0510846, 49.674701], [7.0530233, 49.6733012], [7.0436146, 49.6728962], [7.0520145, 49.6595907], [7.0507547, 49.6548073], [7.0461063, 49.6501498], [7.0329802, 49.6437565], [7.0123594, 49.6283856], [7.0013558, 49.6313008], [6.993075, 49.6242476], [6.986088, 49.621078], [6.9856401, 49.6228668], [6.9889416, 49.6253385], [6.9877278, 49.629646], [6.9923761, 49.6322667], [6.9915677, 49.635465], [6.9889036, 49.6329906], [6.9784011, 49.6326057], [6.9783511, 49.6358443], [6.9751275, 49.6354974], [6.9665318, 49.6304579], [6.9599357, 49.6288831], [6.9583, 49.6307179], [6.951336, 49.6251485], [6.9496282, 49.6258694], [6.9486645, 49.6350907], [6.9447108, 49.6359292], [6.9333866, 49.6310668], [6.9326738, 49.628864], [6.9380259, 49.6247245], [6.9342724, 49.6217569], [6.9375941, 49.6178007], [6.9349971, 49.6159446], [6.9277017, 49.6181803], [6.9298138, 49.6166101], [6.9282244, 49.6152462], [6.930782, 49.6147417], [6.9294601, 49.6125249], [6.9263996, 49.6124339], [6.9210513, 49.6165384], [6.9062555, 49.6141737], [6.8943092, 49.6157795], [6.8918945, 49.6130328], [6.8840817, 49.611736], [6.8899168, 49.6066655], [6.8796763, 49.6083523], [6.8763071, 49.6023684], [6.8721241, 49.6048053], [6.8728175, 49.6068575], [6.8707052, 49.6081339], [6.8645864, 49.6079825], [6.8573999, 49.6052978], [6.8439528, 49.5900145], [6.8420954, 49.5928805], [6.8391526, 49.5926666], [6.8415148, 49.5883056], [6.8349918, 49.5830132], [6.8243369, 49.5884453], [6.8222751, 49.5863494], [6.8136779, 49.5920532], [6.798141, 49.5860138], [6.7785948, 49.5702546], [6.7650736, 49.5677056], [6.7572958, 49.5616338], [6.7481288, 49.5579784], [6.7379107, 49.5578339], [6.7340311, 49.5601929], [6.7096295, 49.553648], [6.7005251, 49.5417587], [6.694129, 49.5398939], [6.6905805, 49.5352664], [6.6886648, 49.5358694], [6.6838245, 49.548152], [6.6642393, 49.5427046], [6.6583891, 49.5438385], [6.6529961, 49.5511759], [6.650688, 49.5495247], [6.6513161, 49.5438605], [6.6457979, 49.539035], [6.6415465, 49.5375862], [6.6402937, 49.5406568], [6.6323049, 49.5417167], [6.6275705, 49.5381351], [6.6170031, 49.5354384], [6.6194787, 49.530307], [6.6076244, 49.5276253], [6.6111679, 49.520763], [6.6055387, 49.5167005], [6.6004184, 49.5187832], [6.589325, 49.5171124], [6.5847617, 49.5194892], [6.5800654, 49.5223348], [6.5793854, 49.5286781], [6.5744252, 49.5343695], [6.5651845, 49.5380171], [6.5637907, 49.5405188], [6.554662, 49.5358423], [6.5388892, 49.5393059], [6.5271189, 49.5306319], [6.5169264, 49.5276712], [6.5146387, 49.529449], [6.5149867, 49.5349724], [6.5094435, 49.5355863], [6.4996649, 49.5304449], [6.4943576, 49.5306129], [6.4855019, 49.5344505], [6.4810685, 49.5398139], [6.4733816, 49.5436284], [6.463995, 49.5442844], [6.4520797, 49.538383], [6.4484522, 49.5442734], [6.4445378, 49.5428085], [6.442613, 49.5451503], [6.4386856, 49.5447043], [6.436136, 49.547382], [6.4299479, 49.5492318], [6.4141661, 49.5433045], [6.4139991, 49.547237], [6.3889467, 49.5482939], [6.3809834, 49.5510616], [6.3833065, 49.5564709], [6.3823299, 49.5585842], [6.3597202, 49.5707226], [6.3584347, 49.5731182]]]}}, {"type": "Feature", "properties": {"name": "Mittelrhein", "verband": "Mittelrhein"}, "geometry": {"type": "Polygon", "coordinates": [[[6.9306936, 50.560407], [6.9221055, 50.5542198], [6.9252782, 50.5453682], [6.9288977, 50.5427325], [6.9314263, 50.5348894], [6.9300755, 50.5331241], [6.9232487, 50.5328574], [6.9239379, 50.5314303], [6.9091806, 50.5255445], [6.9001039, 50.5270513], [6.9021688, 50.5314666], [6.885815, 50.5292791], [6.8822576, 50.526822], [6.8848216, 50.5244543], [6.8844045, 50.5200261], [6.8979232, 50.5178193], [6.8882098, 50.5080421], [6.8980742, 50.5069465], [6.9009268, 50.5034179], [6.9058271, 50.501934], [6.8980742, 50.4924245], [6.9019397, 50.4918833], [6.9002879, 50.4896694], [6.9055002, 50.484791], [6.8995004, 50.4781093], [6.9031345, 50.475323], [6.899717, 50.4712295], [6.9017717, 50.4689907], [6.8801409, 50.466175], [6.8710842, 50.4609296], [6.8677186, 50.4561075], [6.8632588, 50.4571795], [6.8559645, 50.4533615], [6.8538361, 50.4570274], [6.8439332, 50.4600567], [6.8389519, 50.4645652], [6.8118629, 50.4720343], [6.8073705, 50.4790685], [6.8061777, 50.4880445], [6.8007285, 50.4915081], [6.7800665, 50.4867557], [6.7743473, 50.4825591], [6.7684642, 50.4848899], [6.7599355, 50.4756429], [6.7516177, 50.4759409], [6.7447047, 50.4731062], [6.7433219, 50.4678188], [6.7470414, 50.466133], [6.7510518, 50.4668999], [6.7512497, 50.4698026], [6.7541533, 50.4710844], [6.7583717, 50.4706615], [6.7571109, 50.4635273], [6.7598505, 50.4615245], [6.763019, 50.4627264], [6.7665425, 50.4583439], [6.7626591, 50.4560391], [6.7645918, 50.4550212], [6.7643498, 50.4508247], [6.7434619, 50.4410738], [6.7454146, 50.4362903], [6.750034, 50.4336316], [6.7578238, 50.4339906], [6.7600225, 50.4313699], [6.770483, 50.4356044], [6.7691072, 50.4334027], [6.770208, 50.4251176], [6.7794017, 50.4238507], [6.784386, 50.4209171], [6.7794987, 50.4133379], [6.7797137, 50.4046129], [6.770874, 50.3982736], [6.7696661, 50.3924673], [6.7860988, 50.3756252], [6.784635, 50.3742713], [6.7939556, 50.3704637], [6.8023724, 50.3699988], [6.8001833, 50.3608248], [6.7972444, 50.3597562], [6.7968732, 50.3630026], [6.7830582, 50.3616637], [6.7773031, 50.3642314], [6.7767601, 50.3582081], [6.770732, 50.3613238], [6.7536435, 50.3542935], [6.7513388, 50.3554114], [6.7324726, 50.3527407], [6.7241908, 50.3472973], [6.7055035, 50.3422469], [6.6986535, 50.3356966], [6.6964293, 50.3403145], [6.696405, 50.3463238], [6.6874595, 50.3550918], [6.6871864, 50.3586538], [6.6683609, 50.3717535], [6.6561807, 50.367481], [6.6576335, 50.3566932], [6.6503063, 50.3481237], [6.6365357, 50.3452516], [6.6295029, 50.3509469], [6.6237278, 50.3516753], [6.6218326, 50.353493], [6.6230769, 50.3542931], [6.6214745, 50.3557412], [6.6218801, 50.35993], [6.6251316, 50.3621887], [6.6267899, 50.3686442], [6.6255006, 50.3716466], [6.6269681, 50.3729513], [6.6240958, 50.3756826], [6.6214295, 50.3745407], [6.6145989, 50.3770321], [6.6038021, 50.3752456], [6.6010996, 50.3783692], [6.6066891, 50.3808711], [6.6033425, 50.3881849], [6.5852497, 50.3825938], [6.5814273, 50.3780843], [6.5694541, 50.3764215], [6.5670964, 50.3723999], [6.5587196, 50.3690743], [6.5437218, 50.3663546], [6.5447247, 50.3694483], [6.5429809, 50.3707031], [6.5295659, 50.3690783], [6.5210411, 50.362765], [6.5168037, 50.3621881], [6.5156879, 50.3608382], [6.5172697, 50.3555968], [6.5109936, 50.3594914], [6.5068642, 50.3596254], [6.5044185, 50.3572596], [6.5040619, 50.3511593], [6.4933752, 50.3475057], [6.4868321, 50.3428672], [6.4880689, 50.3404865], [6.4850984, 50.3385567], [6.473841, 50.3386857], [6.4704975, 50.3417574], [6.4660141, 50.3425963], [6.4519792, 50.3353601], [6.4498625, 50.3380338], [6.4592201, 50.3442561], [6.4576454, 50.3496425], [6.4608449, 50.3608612], [6.4574374, 50.36302], [6.4500565, 50.3636229], [6.4478348, 50.371626], [6.4357446, 50.3701612], [6.4376983, 50.3691123], [6.432605, 50.3670635], [6.4331689, 50.3642448], [6.4303753, 50.363154], [6.4238903, 50.3683264], [6.4211087, 50.3684794], [6.4220525, 50.3731828], [6.4156855, 50.3752156], [6.4223065, 50.3816929], [6.4182081, 50.3827228], [6.4130371, 50.3896456], [6.3844213, 50.3841061], [6.3919412, 50.3794556], [6.3893396, 50.3767469], [6.3892236, 50.3712845], [6.3919142, 50.3707926], [6.3948158, 50.366917], [6.3975034, 50.367283], [6.3951288, 50.3616826], [6.4056052, 50.3634604], [6.3972815, 50.357845], [6.4050783, 50.3505289], [6.4034606, 50.3463743], [6.4080909, 50.3392641], [6.4149589, 50.3328439], [6.4241305, 50.3335338], [6.4223478, 50.3303491], [6.4262991, 50.3227919], [6.4152278, 50.3245088], [6.4054213, 50.3233149], [6.4080855, 50.3355759], [6.4005135, 50.3381588], [6.3993779, 50.3450932], [6.3873046, 50.3519994], [6.3847571, 50.3517358], [6.3830753, 50.354297], [6.3793231, 50.3537025], [6.3733078, 50.3580858], [6.3680237, 50.35812], [6.3669619, 50.3588489], [6.3696685, 50.3609737], [6.3610364, 50.3711792], [6.3529639, 50.3739092], [6.3429763, 50.3803321], [6.3467078, 50.385208], [6.3569913, 50.3909993], [6.3580812, 50.3960038], [6.365903, 50.4020001], [6.3699954, 50.4096982], [6.3667379, 50.4196661], [6.3757326, 50.4317667], [6.3774973, 50.4396399], [6.3751227, 50.4503606], [6.3718215, 50.4555061], [6.3628265, 50.4538503], [6.3571113, 50.456505], [6.3500443, 50.4568519], [6.3404258, 50.4624023], [6.3437323, 50.4687306], [6.3413346, 50.4719082], [6.3378531, 50.4726182], [6.3374532, 50.4746439], [6.3413516, 50.4783025], [6.3418296, 50.4837569], [6.3503613, 50.4885444], [6.3345846, 50.4892233], [6.3323552, 50.4923088], [6.3226904, 50.4938968], [6.3089999, 50.5014641], [6.2973808, 50.4974642], [6.2852155, 50.4988369], [6.2817281, 50.5031975], [6.2748497, 50.5024203], [6.2695451, 50.5046125], [6.2620812, 50.4988022], [6.2547373, 50.4992602], [6.2514048, 50.5035287], [6.2414252, 50.4990922], [6.2302139, 50.4975434], [6.2265784, 50.4943237], [6.2201602, 50.4987152], [6.222598, 50.50108], [6.2197394, 50.5053525], [6.2168348, 50.5067603], [6.2128954, 50.5129736], [6.2101348, 50.5130796], [6.20908, 50.5146526], [6.2124775, 50.5155684], [6.2082221, 50.5173262], [6.2061608, 50.5241249], [6.1969138, 50.530274], [6.1990334, 50.5407317], [6.2075613, 50.5466751], [6.2103972, 50.5539942], [6.2162038, 50.5563924], [6.224802, 50.5549439], [6.227397, 50.5616078], [6.2361773, 50.5664502], [6.2400885, 50.5858431], [6.249604, 50.5982488], [6.2479497, 50.6039199], [6.2625232, 50.6120535], [6.2691162, 50.6190877], [6.2697528, 50.6256973], [6.2737915, 50.6287397], [6.266769, 50.6415123], [6.2623111, 50.6433009], [6.2451706, 50.6408709], [6.2335663, 50.6487411], [6.2299356, 50.6492309], [6.2268801, 50.6480989], [6.2250433, 50.6426725], [6.2211723, 50.6406205], [6.1869173, 50.6405225], [6.1837762, 50.646994], [6.1865728, 50.6513733], [6.1963217, 50.6578026], [6.194752, 50.6631457], [6.1880961, 50.6646696], [6.1658144, 50.6621399], [6.161684, 50.6696891], [6.1628348, 50.6712569], [6.1441151, 50.6815891], [6.1422201, 50.6868921], [6.1436789, 50.688773], [6.1393185, 50.6936195], [6.1333724, 50.6962976], [6.1331873, 50.6988123], [6.1232746, 50.707211], [6.1249102, 50.7110985], [6.1214501, 50.7174985], [6.114407, 50.7224701], [6.0979837, 50.7231554], [6.0947975, 50.7203235], [6.0917358, 50.7228857], [6.0732073, 50.7209683], [6.0444723, 50.7285195], [6.0414028, 50.7185362], [6.0387691, 50.7186246], [6.0367733, 50.7200718], [6.0377971, 50.72483], [6.0333254, 50.7262083], [6.0331667, 50.7309848], [6.0399255, 50.7377583], [6.0404534, 50.7454613], [6.0298101, 50.7498349], [6.0275649, 50.7480239], [6.0290295, 50.7501955], [6.0213621, 50.7534926], [6.0183781, 50.763185], [6.0276426, 50.7741532], [6.0065787, 50.7818916], [5.9958523, 50.7874232], [5.995904, 50.7900507], [5.9882695, 50.7940498], [5.9799533, 50.7951587], [5.9748624, 50.7980367], [5.9778977, 50.8050611], [5.9848905, 50.8104262], [6.0036287, 50.8014624], [6.025029, 50.814132], [6.0220827, 50.8168137], [6.0263549, 50.8200326], [6.0227445, 50.8266058], [6.0252703, 50.8278212], [6.0187687, 50.8296952], [6.0163157, 50.8338837], [6.0184502, 50.8373291], [6.0159425, 50.8387962], [6.0189456, 50.8462556], [6.0421021, 50.851217], [6.0554369, 50.8572449], [6.0571486, 50.8555116], [6.0566988, 50.8510528], [6.0741709, 50.8465379], [6.0772985, 50.8607558], [6.0833965, 50.8648373], [6.0881023, 50.8724269], [6.0850737, 50.8763684], [6.0866811, 50.8794504], [6.0825371, 50.8825069], [6.0796369, 50.8822304], [6.0782219, 50.8851559], [6.0793364, 50.8867351], [6.076449, 50.8888158], [6.0751817, 50.8929527], [6.0812646, 50.9090664], [6.0940813, 50.920828], [6.089436, 50.9185252], [6.0774648, 50.9225785], [6.0717751, 50.9231333], [6.0681843, 50.920653], [6.0540229, 50.9222473], [6.0561605, 50.9271525], [6.0508709, 50.9299054], [6.0455822, 50.9280801], [6.0397927, 50.9308524], [6.0182017, 50.9347014], [6.0150734, 50.9478831], [6.0168529, 50.9526426], [6.0051985, 50.9567766], [6.0152071, 50.9623644], [6.0265118, 50.983272], [5.9813572, 50.9832173], [5.9675758, 50.9793959], [5.9573923, 50.9850053], [5.9551851, 50.988417], [5.9338864, 50.9853532], [5.9185541, 50.9777466], [5.9056009, 50.9747203], [5.8970856, 50.974865], [5.89261, 50.9803128], [5.9037255, 50.9871977], [5.9055175, 51.002172], [5.8954767, 51.0045305], [5.8957396, 51.0110191], [5.8842617, 51.0133816], [5.8788079, 51.0179629], [5.8745997, 51.0292053], [5.8781153, 51.0373552], [5.8672852, 51.0462799], [5.8663153, 51.0511035], [5.8920004, 51.0531278], [5.9132078, 51.066883], [5.9187317, 51.0639528], [5.9263166, 51.0482309], [5.9346073, 51.0412295], [5.9381295, 51.0351172], [5.9498013, 51.0369672], [5.9577783, 51.0347261], [5.9594674, 51.0382386], [5.9578301, 51.0409811], [5.9669003, 51.0441371], [5.9691978, 51.0467722], [5.9682281, 51.0510708], [5.9703114, 51.0541855], [5.9681135, 51.0555622], [5.9707798, 51.0580175], [5.9699784, 51.0607039], [5.9817297, 51.0694779], [5.980294, 51.0723171], [5.9884518, 51.0746139], [5.9977935, 51.0842457], [6.0175749, 51.0945726], [6.0206756, 51.0928383], [6.0366919, 51.0965942], [6.056832, 51.1095496], [6.0552379, 51.1107423], [6.0602933, 51.1159264], [6.0758834, 51.1191919], [6.0756981, 51.1209411], [6.0805509, 51.1221417], [6.0809011, 51.1259794], [6.0835011, 51.1238922], [6.086992, 51.1245949], [6.084424, 51.1260187], [6.0887722, 51.1278975], [6.0871031, 51.1293026], [6.0919959, 51.1350476], [6.1163578, 51.1391434], [6.1258112, 51.1451059], [6.1345546, 51.1450977], [6.1476559, 51.1486277], [6.1634568, 51.1487421], [6.1628484, 51.1526712], [6.1754218, 51.158464], [6.1388017, 51.1733392], [6.1746726, 51.1845859], [6.2076102, 51.166989], [6.2076252, 51.1691963], [6.2112628, 51.1668334], [6.2297088, 51.1757876], [6.2283513, 51.1767909], [6.2382017, 51.1851102], [6.2485984, 51.1873622], [6.2509029, 51.1901915], [6.2629206, 51.1862284], [6.2661628, 51.1841145], [6.2647132, 51.1826935], [6.2669508, 51.1831473], [6.267407, 51.1800997], [6.2767582, 51.179756], [6.281646, 51.175441], [6.2930149, 51.1746223], [6.2941497, 51.1675721], [6.30584, 51.1655393], [6.3020675, 51.1519818], [6.3174443, 51.1510699], [6.3230714, 51.1446047], [6.3319661, 51.1424109], [6.3335189, 51.1344458], [6.347201, 51.1311132], [6.3440153, 51.1274916], [6.3557169, 51.1261024], [6.3501824, 51.1199884], [6.3516892, 51.1164898], [6.3494605, 51.1124083], [6.3555776, 51.1101845], [6.3513472, 51.1073578], [6.353154, 51.1064989], [6.3508059, 51.1049683], [6.3546567, 51.1025734], [6.3519691, 51.1012885], [6.3579847, 51.0989615], [6.3640568, 51.0923484], [6.3726681, 51.0988168], [6.3868736, 51.0976825], [6.3924117, 51.0990329], [6.3908521, 51.0934097], [6.3865884, 51.0927661], [6.3853069, 51.0901458], [6.3977762, 51.091666], [6.3977814, 51.0898438], [6.4055802, 51.0862772], [6.4076739, 51.088299], [6.4164746, 51.0893409], [6.4183863, 51.0861022], [6.4234251, 51.085784], [6.4504534, 51.0901144], [6.4515359, 51.0807832], [6.454559, 51.0817117], [6.454411, 51.0786171], [6.4527512, 51.0766223], [6.4506455, 51.0771032], [6.4503096, 51.0749515], [6.4522223, 51.0743456], [6.447219, 51.0680123], [6.4442255, 51.0678033], [6.4462872, 51.0655175], [6.4450554, 51.0652666], [6.4472722, 51.0624461], [6.4503046, 51.0632708], [6.4520763, 51.0598302], [6.4598352, 51.061371], [6.4713895, 51.0578544], [6.4732132, 51.0591203], [6.4772406, 51.0561446], [6.4590455, 51.0430246], [6.4804881, 51.0343171], [6.4845295, 51.0423432], [6.4920234, 51.0474096], [6.5186195, 51.0583114], [6.5223229, 51.0560346], [6.5258714, 51.0583154], [6.5347935, 51.0594769], [6.5377529, 51.0521305], [6.5539481, 51.0556247], [6.5584352, 51.0483568], [6.5572736, 51.0388923], [6.5612461, 51.0352309], [6.5477769, 51.026362], [6.5655701, 51.021903], [6.5811212, 51.0243269], [6.5825995, 51.018401], [6.5923047, 51.0226479], [6.607988, 51.0213176], [6.6218872, 51.0247652], [6.6339014, 51.0247542], [6.6372826, 51.0267424], [6.643684, 51.0240484], [6.6396249, 51.0228312], [6.6462977, 51.0207891], [6.6502208, 51.0219049], [6.6573317, 51.0195582], [6.6586014, 51.0210842], [6.673557, 51.0158979], [6.6773412, 51.0202631], [6.7155784, 51.0149941], [6.7180884, 51.0160844], [6.7293051, 51.0313973], [6.7434482, 51.0370874], [6.7391342, 51.0381653], [6.7437828, 51.0434476], [6.7416253, 51.0445956], [6.7437516, 51.04637], [6.7511113, 51.039952], [6.7620169, 51.0426255], [6.7581914, 51.0567368], [6.7523985, 51.0607388], [6.7533497, 51.0659186], [6.765354, 51.0644418], [6.7734516, 51.065483], [6.773835, 51.0640918], [6.7868151, 51.0687426], [6.7901494, 51.0678232], [6.7920991, 51.0644955], [6.8007167, 51.059582], [6.8008082, 51.0560063], [6.8062692, 51.0469394], [6.8138036, 51.0458912], [6.8131777, 51.0491087], [6.8164612, 51.0538313], [6.8337265, 51.05979], [6.8314111, 51.065924], [6.8245345, 51.0744014], [6.8379001, 51.0777372], [6.8366099, 51.0800737], [6.8441836, 51.0817313], [6.8430613, 51.0837677], [6.8485717, 51.0849743], [6.8532573, 51.0841766], [6.854132, 51.0784635], [6.859926, 51.0739206], [6.8852733, 51.0690439], [6.8977575, 51.0647647], [6.9021597, 51.0687983], [6.9045674, 51.0679474], [6.9167925, 51.0791472], [6.9237592, 51.0732731], [6.9301486, 51.080536], [6.9334721, 51.0800671], [6.9423108, 51.0715261], [6.9485548, 51.072411], [6.9482219, 51.0705912], [6.9512524, 51.0699962], [6.9517044, 51.072155], [6.9576145, 51.0708121], [6.9566506, 51.072296], [6.9592913, 51.072495], [6.9601241, 51.0702212], [6.9626848, 51.0708811], [6.9648404, 51.0687794], [6.9692228, 51.0706022], [6.974354, 51.0674935], [6.988305, 51.0739668], [6.9887389, 51.0914579], [7.0019929, 51.0843587], [7.0066272, 51.0846866], [7.0091129, 51.0820929], [7.0124984, 51.081761], [7.0269916, 51.0879578], [7.0273591, 51.0895121], [7.0307356, 51.0894091], [7.0312576, 51.0933647], [7.0440987, 51.0971563], [7.0489229, 51.0954055], [7.0744715, 51.0970079], [7.0709218, 51.0874502], [7.057659, 51.0774751], [7.0685284, 51.0688321], [7.0723258, 51.069904], [7.0775808, 51.0661008], [7.0910328, 51.0672877], [7.0948772, 51.0648229], [7.1010419, 51.0655667], [7.0998635, 51.0680926], [7.1146583, 51.0635151], [7.1224002, 51.0660076], [7.1358904, 51.0647105], [7.1385522, 51.0663102], [7.1418532, 51.0645591], [7.1468184, 51.0661262], [7.1499747, 51.0699246], [7.1545974, 51.0699808], [7.1551185, 51.0734655], [7.1624062, 51.0747049], [7.1683838, 51.0706777], [7.1709446, 51.0716085], [7.1712274, 51.0695691], [7.1772422, 51.0668232], [7.1872768, 51.0683342], [7.192644, 51.0650783], [7.2031587, 51.0668491], [7.204754, 51.0693757], [7.2112841, 51.0717439], [7.2186166, 51.0702374], [7.2303149, 51.0714508], [7.2368917, 51.0746864], [7.2422091, 51.0736606], [7.2573235, 51.0770144], [7.2602743, 51.0807851], [7.2817145, 51.0870976], [7.2852119, 51.0922023], [7.292602, 51.0960664], [7.2914886, 51.0974608], [7.2940121, 51.1013209], [7.298924, 51.1047508], [7.3030227, 51.1033876], [7.3114043, 51.1054292], [7.3174393, 51.1044667], [7.3195654, 51.1076967], [7.322425, 51.1047841], [7.3268194, 51.1055496], [7.3366057, 51.1009481], [7.3392215, 51.1022308], [7.3409509, 51.1039542], [7.3348347, 51.1069415], [7.3383212, 51.1084693], [7.3369845, 51.1084457], [7.3378888, 51.1122796], [7.3345412, 51.1154687], [7.3339889, 51.119969], [7.3274365, 51.1193434], [7.3245936, 51.1208086], [7.320294, 51.1190565], [7.3184408, 51.1204582], [7.3252689, 51.1221984], [7.3241999, 51.124045], [7.3293949, 51.126085], [7.3307226, 51.1249779], [7.336448, 51.129621], [7.3416846, 51.1278866], [7.3433872, 51.1254185], [7.344123, 51.1305836], [7.3479985, 51.1322289], [7.3672516, 51.1256897], [7.368188, 51.1330651], [7.3777007, 51.1413121], [7.3907068, 51.1472806], [7.3987549, 51.1474523], [7.3968949, 51.1526486], [7.3869145, 51.1556354], [7.3837749, 51.1650168], [7.3818118, 51.1655922], [7.3836648, 51.1677839], [7.3816512, 51.1698006], [7.3920317, 51.1717393], [7.3894391, 51.1731454], [7.3912066, 51.1739665], [7.3908179, 51.1779974], [7.3951567, 51.1790395], [7.3954855, 51.1812096], [7.3980022, 51.1813089], [7.4046542, 51.1873555], [7.4102334, 51.1872028], [7.4109481, 51.1855694], [7.4078271, 51.1839519], [7.4099899, 51.1829691], [7.4080347, 51.1817102], [7.4108949, 51.1779424], [7.4246467, 51.186168], [7.4273662, 51.1821397], [7.4325778, 51.1812558], [7.4315425, 51.1791697], [7.436757, 51.1804427], [7.4372122, 51.1759988], [7.4405856, 51.1713179], [7.4378448, 51.1662072], [7.4414978, 51.1674819], [7.4488619, 51.1633779], [7.4424846, 51.162182], [7.4475288, 51.1612455], [7.4396184, 51.1577058], [7.4473914, 51.1596924], [7.4491518, 51.1633449], [7.4552124, 51.1617205], [7.4560832, 51.1586022], [7.4793566, 51.165121], [7.4795186, 51.1632093], [7.4712656, 51.1553371], [7.4737511, 51.1502048], [7.468932, 51.146232], [7.4754017, 51.1430347], [7.4727506, 51.1411195], [7.4732308, 51.1389972], [7.4816368, 51.1407948], [7.4809688, 51.1380456], [7.4836779, 51.13781], [7.4844383, 51.135569], [7.4811593, 51.1318617], [7.4860709, 51.131433], [7.4932665, 51.1250005], [7.4945982, 51.1274015], [7.5012321, 51.1301989], [7.5043331, 51.1280779], [7.5033602, 51.1249122], [7.5050162, 51.1212075], [7.5026218, 51.1193945], [7.5043938, 51.1168493], [7.4992062, 51.1150283], [7.4994988, 51.1126917], [7.4970285, 51.1126553], [7.4982692, 51.1115455], [7.4952179, 51.1076101], [7.4984297, 51.1050332], [7.50202, 51.106068], [7.5006149, 51.104427], [7.5032958, 51.1027427], [7.5349796, 51.1005774], [7.5345672, 51.1023597], [7.546783, 51.1025991], [7.5540732, 51.1053707], [7.5671357, 51.1038627], [7.5822727, 51.1066365], [7.5831693, 51.1051207], [7.5866311, 51.1054212], [7.586501, 51.1027628], [7.6020719, 51.1005235], [7.6060479, 51.0982628], [7.6068876, 51.0963531], [7.6024199, 51.093032], [7.6045329, 51.0910031], [7.5994202, 51.0875923], [7.6025953, 51.084432], [7.6006424, 51.0813425], [7.6060272, 51.0791926], [7.6102546, 51.0799058], [7.6097396, 51.0775854], [7.6177463, 51.0755082], [7.6263444, 51.0685901], [7.6352621, 51.0708631], [7.6390602, 51.0745], [7.6407195, 51.0724086], [7.6476625, 51.0732161], [7.6587242, 51.0772418], [7.6620173, 51.0765327], [7.6854594, 51.0820492], [7.6891677, 51.0862249], [7.6991097, 51.0813152], [7.7000441, 51.0788614], [7.7082445, 51.076972], [7.7136816, 51.0727601], [7.7045247, 51.0689479], [7.7055074, 51.0653545], [7.7017213, 51.0618912], [7.7042131, 51.0622541], [7.7117067, 51.0528468], [7.7178426, 51.0501393], [7.7216976, 51.0507474], [7.7204316, 51.0472316], [7.7245254, 51.0465731], [7.7245218, 51.0432474], [7.7276691, 51.0433148], [7.7281453, 51.040431], [7.731442, 51.0403629], [7.7331363, 51.0314885], [7.7292629, 51.0287027], [7.734021, 51.0256753], [7.7323873, 51.0246878], [7.7355154, 51.0238362], [7.7277126, 51.0175002], [7.7295175, 51.0171507], [7.726918, 51.0140883], [7.7268685, 51.0106858], [7.7243416, 51.0097324], [7.7240314, 51.0071825], [7.7276801, 51.004499], [7.7255242, 50.9984114], [7.739975, 50.9892665], [7.7381405, 50.9884854], [7.7432145, 50.9858249], [7.7413501, 50.9828732], [7.7488838, 50.9777512], [7.7606128, 50.9780888], [7.7680071, 50.9806841], [7.7808988, 50.9799339], [7.7828262, 50.9736264], [7.7798537, 50.9717326], [7.7838054, 50.9717227], [7.7861044, 50.9664588], [7.7843115, 50.9621077], [7.7861239, 50.9571027], [7.7917429, 50.9530816], [7.7819815, 50.9481382], [7.7882782, 50.9445505], [7.7848135, 50.9423501], [7.7860308, 50.9399883], [7.7764034, 50.9296049], [7.7500395, 50.9189779], [7.7424836, 50.9197191], [7.7352161, 50.9176253], [7.735841, 50.9157098], [7.7469243, 50.9123597], [7.7449364, 50.9050449], [7.750474, 50.9057471], [7.7587035, 50.9028151], [7.7601608, 50.9003094], [7.7569355, 50.8941929], [7.7532758, 50.8927725], [7.7529432, 50.8884901], [7.758599, 50.8793622], [7.7530284, 50.8753215], [7.7483033, 50.8671165], [7.7547411, 50.8650236], [7.7556841, 50.8625963], [7.7597612, 50.8617624], [7.7664714, 50.8565627], [7.7516839, 50.849786], [7.7603986, 50.8483696], [7.7626679, 50.8446605], [7.7580227, 50.843447], [7.7467307, 50.8467847], [7.7366113, 50.8472106], [7.7298516, 50.8513128], [7.7217782, 50.8433536], [7.7141899, 50.8405609], [7.7133379, 50.8335884], [7.7058344, 50.8336567], [7.7060326, 50.829623], [7.700156, 50.8255542], [7.6746024, 50.8189719], [7.6593427, 50.8201798], [7.662963, 50.8168824], [7.6791182, 50.809677], [7.6748277, 50.806668], [7.6749849, 50.802492], [7.6827597, 50.79427], [7.677603, 50.789025], [7.6787178, 50.7840627], [7.6767968, 50.7808521], [7.6734895, 50.7808396], [7.6680833, 50.7863469], [7.6590087, 50.7850109], [7.6625508, 50.7727152], [7.6550586, 50.7701601], [7.6555233, 50.7680539], [7.645539, 50.7710047], [7.6437083, 50.7685743], [7.6175506, 50.7703754], [7.6142667, 50.7685543], [7.6076463, 50.7685756], [7.6048203, 50.7660655], [7.6010069, 50.7676031], [7.5970468, 50.7637506], [7.597896, 50.7609958], [7.5893533, 50.7566044], [7.5956489, 50.7510341], [7.5928863, 50.7482239], [7.5951417, 50.7465061], [7.5944809, 50.7441327], [7.5920953, 50.7414604], [7.5843949, 50.7387272], [7.5584107, 50.7429744], [7.5514866, 50.7465847], [7.5213071, 50.7335083], [7.5219583, 50.7361778], [7.5191283, 50.7374211], [7.5181927, 50.7311969], [7.5200375, 50.7291253], [7.5014254, 50.73004], [7.4980008, 50.7266029], [7.4919297, 50.7259585], [7.493055, 50.7238138], [7.4852044, 50.7225885], [7.4790285, 50.7183001], [7.461567, 50.7187113], [7.4521721, 50.7157335], [7.449089, 50.7159186], [7.4486822, 50.7178457], [7.436596, 50.7098538], [7.4198446, 50.7099897], [7.4069822, 50.7176231], [7.3996108, 50.7164647], [7.3984419, 50.7142429], [7.3874235, 50.7158194], [7.3874019, 50.7173995], [7.3788333, 50.7155908], [7.3742135, 50.7182219], [7.3706252, 50.7150462], [7.3728043, 50.714687], [7.3717021, 50.7127159], [7.3684505, 50.7124237], [7.3699202, 50.7114583], [7.3675113, 50.7066053], [7.3624366, 50.7048121], [7.3632625, 50.701376], [7.3574117, 50.6979845], [7.3681278, 50.6978777], [7.3682768, 50.6958171], [7.3649144, 50.6931849], [7.3673315, 50.6895063], [7.3652154, 50.6873528], [7.3720923, 50.6819257], [7.3715441, 50.6800035], [7.3674778, 50.6795063], [7.3700757, 50.6778466], [7.3690163, 50.6714045], [7.3646838, 50.671483], [7.3555948, 50.6647412], [7.3558439, 50.6552775], [7.359362, 50.6507378], [7.3561149, 50.6477809], [7.3370766, 50.6422997], [7.334364, 50.6379378], [7.322072, 50.6416614], [7.3136275, 50.6371207], [7.3051274, 50.6378346], [7.2967123, 50.6316083], [7.2816051, 50.6282274], [7.2700974, 50.6264643], [7.2642897, 50.6274829], [7.2568044, 50.6244355], [7.2518443, 50.6276624], [7.2405574, 50.6270076], [7.2385484, 50.6283131], [7.2163885, 50.6267499], [7.2153428, 50.6235859], [7.2125567, 50.6234855], [7.2112347, 50.6483464], [7.2106772, 50.6497524], [7.202917, 50.6498917], [7.1990132, 50.6482678], [7.1938466, 50.63792], [7.1909501, 50.6361122], [7.1893723, 50.6237526], [7.1806756, 50.6225047], [7.1739016, 50.6188431], [7.1728478, 50.6123539], [7.1547414, 50.6146966], [7.1520213, 50.6129534], [7.1515469, 50.6100121], [7.1490123, 50.6093332], [7.1476433, 50.6004229], [7.1311057, 50.6036264], [7.1191576, 50.6122745], [7.115294, 50.6120264], [7.1117825, 50.6092837], [7.1128245, 50.6061331], [7.1103718, 50.6024815], [7.111718, 50.6020042], [7.1052451, 50.5969774], [7.1040604, 50.5912842], [7.0947044, 50.5860986], [7.0891225, 50.5860011], [7.0682614, 50.5938621], [7.0663322, 50.6006248], [7.0594135, 50.6006291], [7.0593762, 50.6036971], [7.0561125, 50.6063169], [7.0530432, 50.6040614], [7.0490698, 50.6044163], [7.029812, 50.590573], [7.0317077, 50.5895154], [7.0151542, 50.5762418], [6.998011, 50.5650389], [6.9833274, 50.5657397], [6.9766533, 50.5627973], [6.9759227, 50.5575748], [6.9724799, 50.5558803], [6.9677421, 50.5574276], [6.9564546, 50.5569419], [6.9555227, 50.5612714], [6.9513633, 50.5633962], [6.9444473, 50.5635831], [6.9389062, 50.5608974], [6.9306936, 50.560407]]]}}, {"type": "Feature", "properties": {"name": "Hessen", "verband": "Hessen"}, "geometry": {"type": "Polygon", "coordinates": [[[8.929546066985145, 49.47551569478321], [8.9115187, 49.4850451], [8.9006672, 49.4848307], [8.8995746, 49.4898525], [8.9008745, 49.4943304], [8.8971897, 49.4977218], [8.900089, 49.5033592], [8.893236760079809, 49.50303492202674], [8.8847481, 49.5059463], [8.8565384, 49.50116770000001], [8.8476637, 49.5018172], [8.844829, 49.5005853], [8.843996075819824, 49.4973208795802], [8.838307517789799, 49.49892044977121], [8.8383893, 49.4942844], [8.831784412969618, 49.49145787636746], [8.816998800000002, 49.5057776], [8.8188855, 49.5122652], [8.821386402171713, 49.51346143882529], [8.818923476392651, 49.52123819758089], [8.823081680818897, 49.52420886079468], [8.8172097, 49.5252346], [8.81607100422708, 49.52361152296224], [8.81251993706098, 49.52686049754227], [8.79841859109575, 49.5186173802784], [8.796665142217714, 49.51549347447108], [8.798384011458946, 49.51148025274342], [8.791816112191583, 49.51410996954239], [8.783229740434804, 49.51443361017417], [8.7771783, 49.51771960000001], [8.7721352, 49.5179632], [8.7666641, 49.5147887], [8.7595121, 49.5162136], [8.7511456, 49.5216076], [8.7447329, 49.5233788], [8.7391554, 49.5229998], [8.7373253, 49.5190444], [8.7280964, 49.5184414], [8.7266754, 49.5209762], [8.7243357, 49.5211208], [8.7248694, 49.5226135], [8.733691, 49.5209097], [8.7338143, 49.525242], [8.7245378, 49.5259024], [8.7211795, 49.5292257], [8.7222959, 49.5318234], [8.7170137, 49.5338217], [8.7167293, 49.5286235], [8.7154858, 49.5287318], [8.7151226, 49.5321562], [8.7099592, 49.5324764], [8.7071766, 49.5363299], [8.7026153, 49.5352769], [8.7064532, 49.5421349], [8.7038567, 49.5429916], [8.70543155934817, 49.54899089352879], [8.69875243772997, 49.54938584083361], [8.690616074982662, 49.55634032539625], [8.6915116, 49.5637034], [8.68469086805124, 49.569935584169976], [8.685172167330075, 49.5755035095072], [8.680837255121125, 49.575975744177164], [8.6838395, 49.5779886], [8.683503650247419, 49.58976424637706], [8.68655558264265, 49.591057177742236], [8.692681602946413, 49.58985358101988], [8.693042551187819, 49.59152252086458], [8.696699396159662, 49.59221773681719], [8.698303955501917, 49.59976848614846], [8.6955595, 49.60398429999999], [8.692201184002446, 49.60315765826041], [8.69336811636031, 49.60479451005219], [8.6910264, 49.6067002], [8.682124282727555, 49.60311696009904], [8.679907454724267, 49.60410991602565], [8.6801293, 49.6069561], [8.676952061205217, 49.60841544712056], [8.6746173, 49.6071614], [8.671965000000004, 49.6091864], [8.6723897, 49.6138344], [8.6690182, 49.6128343], [8.673883121496816, 49.61457696041695], [8.677747037202568, 49.61386434597111], [8.6779094, 49.6109129], [8.679453925881507, 49.60943197090248], [8.6773829, 49.6086292], [8.686037245790102, 49.60803707862989], [8.6870995, 49.6134398], [8.684422597519655, 49.6131696284978], [8.683381547452397, 49.60893329232441], [8.681932128926283, 49.6091395651045], [8.683397678532694, 49.61094409951275], [8.67818525740995, 49.61226863099206], [8.67811630685237, 49.61406022376506], [8.682671511333261, 49.61689030246778], [8.684234322391905, 49.61682138638088], [8.6842727, 49.6144737], [8.6880534, 49.6149712], [8.6866272, 49.6174666], [8.6946329, 49.6189966], [8.688155800000002, 49.61931], [8.6936961, 49.6222494], [8.6919554, 49.62379840000001], [8.686338930088265, 49.62257676823194], [8.678692229781293, 49.6257548005625], [8.6538714, 49.6183131], [8.6487245, 49.6202242], [8.593974073583212, 49.61022067887766], [8.59516414492048, 49.60544144298548], [8.589136630178185, 49.60444827766007], [8.592443166938311, 49.59437644633765], [8.554397251308012, 49.58571970631468], [8.511385569755346, 49.58732449968649], [8.4950375, 49.5730789], [8.4817419, 49.5744947], [8.48130023973356, 49.57878118652174], [8.474434914695529, 49.58103986743758], [8.4761305, 49.5844024], [8.4645473, 49.5895151], [8.4453107, 49.5902777], [8.4402867, 49.589398], [8.4382788, 49.5838867], [8.4226373, 49.58350140000001], [8.4110286, 49.6030454], [8.3905334, 49.6175597], [8.3816936, 49.62772650000001], [8.3695672, 49.659194], [8.3619982, 49.6667811], [8.3549012, 49.6801556], [8.3570748, 49.6911074], [8.3618541, 49.6974857], [8.3787776, 49.7058478], [8.3954761, 49.7110202], [8.4215574, 49.7153038], [8.4356863, 49.7206633], [8.4440721, 49.7276945], [8.4556683, 49.7419989], [8.4773401, 49.7570103], [8.4795247, 49.7637395], [8.4763872, 49.7671651], [8.4686893, 49.7688699], [8.4341533, 49.7657082], [8.4242677, 49.7677409], [8.4174356, 49.7728104], [8.406713, 49.7961907], [8.3821754, 49.819266], [8.3783309, 49.8250454], [8.378093, 49.8324897], [8.3853088, 49.8491887], [8.3829211, 49.8566459], [8.3738064, 49.8618273], [8.3549811, 49.8648819], [8.3467882, 49.8728169], [8.3427187, 49.8799731], [8.341017, 49.8852265], [8.3419648, 49.8915428], [8.353447, 49.9076451], [8.3546208, 49.916911], [8.3422611, 49.939778], [8.3399871, 49.9552016], [8.332899, 49.9646117], [8.3217712, 49.9739892], [8.3078737, 49.9841772], [8.2888419, 49.9946811], [8.2733817, 50.0096259], [8.2458851, 50.0271832], [8.2358933, 50.0306053], [8.1812762, 50.0351678], [8.1306246, 50.0245274], [8.080263, 50.0071483], [8.038362, 50.0035316], [8.0054489, 49.989955], [7.970173, 49.9783583], [7.9379217, 49.9739107], [7.8819448, 49.9719538], [7.8701789, 49.9757937], [7.8652662, 49.9807578], [7.8586408, 50.0062988], [7.8532158, 50.0120313], [7.8323388, 50.0205943], [7.8079852, 50.0388375], [7.7798702, 50.0508188], [7.7725923, 50.057906], [7.7735716, 50.0670821], [7.7824243, 50.0665141], [7.7872471, 50.0690337], [7.7867541, 50.0717154], [7.7965126, 50.0769461], [7.8028176, 50.0847695], [7.814692, 50.0834692], [7.8169817, 50.0806195], [7.8209427, 50.0812034], [7.8213882, 50.0844926], [7.8282668, 50.0816139], [7.8374729, 50.0839899], [7.8389921, 50.0872992], [7.8374896, 50.0863637], [7.8355244, 50.0885861], [7.8367307, 50.0905938], [7.8332406, 50.092497], [7.8360259, 50.093761], [7.8345201, 50.094177], [7.835477, 50.0952749], [7.8308776, 50.0929632], [7.8320644, 50.0970179], [7.8298169, 50.0978445], [7.8365733, 50.0990399], [7.8391438, 50.1015077], [7.8345654, 50.1037842], [7.8342884, 50.1059734], [7.8380322, 50.1079995], [7.8354805, 50.1101072], [7.8442783, 50.111331], [7.847424, 50.1250173], [7.8541711, 50.1285052], [7.8653476, 50.1247235], [7.8657975, 50.1205861], [7.8754644, 50.1194028], [7.8786774, 50.1156682], [7.8808553, 50.1169558], [7.8844301, 50.1143993], [7.8976573, 50.1216803], [7.9044887, 50.1215614], [7.9199798, 50.1088644], [7.9205621, 50.1036819], [7.9254562, 50.1012354], [7.9237487, 50.1034739], [7.9298323, 50.1037211], [7.9264617, 50.1050329], [7.9254439, 50.1082106], [7.9264287, 50.1103543], [7.924228, 50.1150238], [7.9277625, 50.1190674], [7.924013, 50.121963], [7.9252168, 50.1236948], [7.9229982, 50.1252887], [7.9222072, 50.1342767], [7.9267665, 50.140476], [7.9325527, 50.1438976], [7.9217912, 50.1466673], [7.9116659, 50.1519895], [7.9078362, 50.1565581], [7.8911196, 50.1622385], [7.8844975, 50.1680598], [7.8863293, 50.1728962], [7.8888889, 50.1736752], [7.8873231, 50.1763409], [7.8845205, 50.1763719], [7.8828927, 50.1813733], [7.9124884, 50.1951018], [7.9065602, 50.2016459], [7.9098387, 50.2037998], [7.9205781, 50.2079114], [7.9476172, 50.2099372], [7.9467203, 50.2122679], [7.9514026, 50.2141067], [7.9482061, 50.2176243], [7.9507467, 50.2193022], [7.9640687, 50.22071], [7.9709377, 50.2223349], [7.9730124, 50.2249326], [7.9854636, 50.2270544], [7.9884351, 50.2310899], [7.9867804, 50.2342676], [7.9886871, 50.2383801], [7.9911427, 50.2360914], [7.996351, 50.2360414], [7.9933124, 50.2319328], [8.0011963, 50.2286562], [8.0060916, 50.2286792], [8.0026841, 50.2243417], [8.0118408, 50.222244], [8.0120218, 50.2179944], [8.0137225, 50.2171205], [8.0346405, 50.2156017], [8.0374821, 50.2188754], [8.0351404, 50.222289], [8.0394998, 50.2240438], [8.0400327, 50.2269625], [8.0471256, 50.2279774], [8.058272, 50.2342677], [8.0481404, 50.240756], [8.0494361, 50.2444846], [8.044154, 50.2424118], [8.0389537, 50.2456424], [8.036958, 50.2446775], [8.0354592, 50.2456854], [8.0382088, 50.248946], [8.0320427, 50.2555653], [8.0255026, 50.2534935], [8.0217552, 50.2581589], [8.0256176, 50.2618475], [8.036189, 50.2648122], [8.036035, 50.2709915], [8.04974, 50.2739482], [8.0671295, 50.2719265], [8.0724377, 50.2732534], [8.0744425, 50.267135], [8.0827353, 50.2657082], [8.0795178, 50.2607718], [8.0918719, 50.2653303], [8.1029603, 50.2597569], [8.1068728, 50.2609858], [8.1123379, 50.2710867], [8.1215455, 50.277343], [8.1199168, 50.2831943], [8.1229853, 50.2869679], [8.1205576, 50.2890507], [8.1229803, 50.2904465], [8.1199137, 50.2930362], [8.1209465, 50.2960469], [8.1193158, 50.2996585], [8.1180209, 50.3010743], [8.1142625, 50.2999484], [8.1132602, 50.3035798], [8.1041429, 50.3071506], [8.1045339, 50.3091724], [8.1024482, 50.3098443], [8.1071734, 50.321422], [8.1026401, 50.3234288], [8.102814, 50.3270674], [8.0936813, 50.3278803], [8.0942012, 50.33055], [8.0737602, 50.329936], [8.0710346, 50.3314888], [8.0724594, 50.3341555], [8.0768517, 50.3358263], [8.0774496, 50.3404038], [8.0755569, 50.3451873], [8.0767357, 50.34785], [8.0730322, 50.3540753], [8.0701157, 50.3555234], [8.0699486, 50.3581728], [8.0642725, 50.3587407], [8.0665961, 50.3589967], [8.0664431, 50.3643791], [8.0680819, 50.365684], [8.0644734, 50.3677627], [8.0595311, 50.3755218], [8.0576064, 50.3732291], [8.0505134, 50.3760638], [8.0538139, 50.3787305], [8.0509568, 50.3793837], [8.0483217, 50.3755368], [8.0457631, 50.3750259], [8.0486752, 50.3783077], [8.0456991, 50.3792104], [8.0427535, 50.3860543], [8.0395735, 50.3861281], [8.0375122, 50.382266], [8.0310602, 50.3813351], [8.0299623, 50.382804], [8.0221846, 50.3821762], [8.0138627, 50.3844597], [8.0202937, 50.3862106], [8.0210596, 50.3981542], [8.0238207, 50.400867], [8.0137016, 50.4009889], [8.0117809, 50.3990511], [8.0050179, 50.4004429], [8.0057198, 50.3990741], [8.0021883, 50.3985471], [7.990333, 50.399578], [7.9854968, 50.3977842], [7.9833431, 50.3983681], [7.9896961, 50.4009088], [7.9825771, 50.408542], [7.9787567, 50.4066122], [7.9711058, 50.4064902], [7.9694861, 50.4089086], [7.9645351, 50.4094517], [7.9638058, 50.4120135], [7.965192, 50.4134961], [7.9743208, 50.4138826], [7.9816532, 50.4182319], [7.9829302, 50.4224384], [7.9867263, 50.4225088], [7.9837057, 50.4235858], [7.9878413, 50.4285847], [7.9840338, 50.4322423], [7.989159, 50.4338301], [7.9883447, 50.4354745], [7.982443, 50.4361029], [7.9783336, 50.4343193], [7.975561, 50.4374457], [7.989292, 50.4395175], [7.9904478, 50.443965], [8.0009223, 50.4452619], [8.0002284, 50.4476616], [8.0080032, 50.4486345], [8.0075593, 50.4509503], [8.0107968, 50.4526211], [8.0105288, 50.4604872], [8.0012651, 50.462161], [7.9943761, 50.4682343], [7.9935552, 50.471214], [7.9876165, 50.4722542], [7.9888389, 50.4751655], [7.9863522, 50.4748755], [7.9858043, 50.4765813], [7.987513, 50.479793], [7.9857433, 50.4823377], [7.9792682, 50.4844434], [7.9785853, 50.4878311], [7.9811509, 50.4937934], [7.9789762, 50.4950632], [7.9901536, 50.4982749], [7.986914, 50.5013656], [7.9830225, 50.5113784], [7.9964341, 50.5173049], [7.9927721, 50.5220752], [7.9990781, 50.5271867], [8.0045706, 50.5306039], [8.0090606, 50.5293712], [8.0112243, 50.5305623], [8.0282708, 50.5446278], [8.0294976, 50.5495102], [8.0281448, 50.5505331], [8.0432856, 50.55394], [8.0414468, 50.5570364], [8.0461381, 50.5569454], [8.0492726, 50.5527719], [8.0663872, 50.5488734], [8.0692013, 50.5459213], [8.0702777, 50.5379056], [8.0873232, 50.5384896], [8.0907027, 50.5354149], [8.1018421, 50.5345601], [8.1029989, 50.5325803], [8.1163059, 50.5363229], [8.1183876, 50.535201], [8.1212592, 50.5395535], [8.115852, 50.5384707], [8.1099268, 50.5413473], [8.1133503, 50.5449899], [8.1187085, 50.5465767], [8.1188945, 50.5484845], [8.1375237, 50.5520582], [8.1345451, 50.5561977], [8.1304177, 50.5574526], [8.1326424, 50.5579295], [8.1360969, 50.5654787], [8.1395024, 50.5664246], [8.1403127, 50.571778], [8.1523223, 50.5936925], [8.1519824, 50.5995779], [8.1288488, 50.6071502], [8.1260201, 50.6100036], [8.1378613, 50.6183547], [8.1357113, 50.6192443], [8.1388176, 50.6198237], [8.1377433, 50.6231572], [8.141157, 50.6263227], [8.1392721, 50.6295775], [8.1406392, 50.6314868], [8.1309279, 50.6361414], [8.1264241, 50.6415036], [8.127354, 50.645047], [8.1240872, 50.6451179], [8.1100662, 50.6573293], [8.1099411, 50.6680601], [8.1127537, 50.6757542], [8.1185858, 50.6765551], [8.1260068, 50.6830581], [8.1265406, 50.6927793], [8.1318638, 50.6966169], [8.1380879, 50.6939272], [8.1432781, 50.696334], [8.150519, 50.7056039], [8.1507659, 50.7133631], [8.1604474, 50.7252998], [8.1590786, 50.7261427], [8.1661016, 50.732421], [8.1668214, 50.7356526], [8.1648647, 50.7421259], [8.1607073, 50.7415649], [8.1596064, 50.7432477], [8.1637248, 50.7449986], [8.1575397, 50.7488091], [8.1547061, 50.7483782], [8.1529174, 50.7511168], [8.1542662, 50.7523497], [8.1512856, 50.7555153], [8.1468393, 50.7546994], [8.148552, 50.758724], [8.1529993, 50.7613447], [8.1466962, 50.7639234], [8.1397633, 50.7624505], [8.1407501, 50.7637664], [8.1353569, 50.767158], [8.1420019, 50.7713085], [8.1316314, 50.7768059], [8.1299026, 50.7794266], [8.1307145, 50.7811924], [8.1276379, 50.7858539], [8.1333271, 50.7867088], [8.1254062, 50.7879786], [8.1380474, 50.7901034], [8.1452781, 50.7959374], [8.1657702, 50.803554], [8.1705995, 50.8083644], [8.1747418, 50.8161536], [8.173574, 50.8173904], [8.180079, 50.8199762], [8.180223, 50.8222999], [8.1878788, 50.8287162], [8.1974824, 50.8338156], [8.2087217, 50.8367453], [8.218854, 50.8448713], [8.2285167, 50.849308], [8.2321841, 50.8548884], [8.2429535, 50.8628495], [8.259425, 50.8713866], [8.2615627, 50.8756941], [8.2707213, 50.8823354], [8.2917832, 50.8820604], [8.2924408, 50.8758917], [8.3017138, 50.8658673], [8.3054173, 50.8643645], [8.3053373, 50.8610758], [8.3192713, 50.8613578], [8.3385464, 50.8656494], [8.352929, 50.8653206], [8.3587595, 50.860721], [8.3692389, 50.8644366], [8.3665972, 50.8685601], [8.3720704, 50.8743315], [8.3856224, 50.8759534], [8.3889908, 50.8859133], [8.3870951, 50.8905217], [8.3883929, 50.8919716], [8.3964257, 50.8940694], [8.4052284, 50.8994598], [8.4057313, 50.9020765], [8.4253013, 50.9115675], [8.4330651, 50.9180977], [8.4392832, 50.916149], [8.4561857, 50.916507], [8.4594782, 50.9199026], [8.4547249, 50.9273108], [8.4556147, 50.9297285], [8.4506105, 50.9331661], [8.4512443, 50.9380566], [8.4494046, 50.9400053], [8.4623076, 50.9498743], [8.459787, 50.951892], [8.4616627, 50.9587553], [8.4581091, 50.9661824], [8.4660329, 50.9694671], [8.4780672, 50.9689521], [8.4736428, 50.9725907], [8.4736328, 50.9755244], [8.4871947, 50.9855723], [8.4976071, 50.9903868], [8.4970952, 50.9932815], [8.5017825, 50.9987369], [8.5150055, 51.0048862], [8.5130907, 51.0092197], [8.5143535, 51.0107605], [8.5244833, 51.0102082], [8.5306988, 51.0135794], [8.5303974, 51.01808], [8.5379192, 51.020084], [8.5341406, 51.0209471], [8.5355482, 51.0223204], [8.5312207, 51.0292668], [8.5267932, 51.0299797], [8.5256437, 51.0369566], [8.5207724, 51.04315], [8.5168364, 51.043468], [8.5141281, 51.0389778], [8.5075338, 51.0369098], [8.5037419, 51.0405952], [8.5137892, 51.0513587], [8.5205668, 51.0503225], [8.5206965, 51.0528095], [8.5186635, 51.0534687], [8.5221107, 51.0539686], [8.5215266, 51.0554529], [8.5240983, 51.0568556], [8.5232409, 51.058519], [8.5269251, 51.0629708], [8.5197499, 51.0686267], [8.5059256, 51.072251], [8.5025962, 51.0747449], [8.5016967, 51.0796834], [8.50778, 51.0857961], [8.5123653, 51.086574], [8.5159018, 51.0902666], [8.5220698, 51.0904876], [8.5270633, 51.0965042], [8.5295895, 51.0978357], [8.5412839, 51.0958404], [8.5503346, 51.1036596], [8.5583462, 51.1038644], [8.565159, 51.1017815], [8.601489, 51.1019983], [8.6580702, 51.0947634], [8.6904155, 51.1094268], [8.7069052, 51.1076276], [8.719635, 51.1103084], [8.7186753, 51.1155916], [8.7127851, 51.117539], [8.7011685, 51.1168459], [8.7026834, 51.1190609], [8.700777, 51.1231725], [8.6960007, 51.1233323], [8.6970619, 51.1259623], [8.6919956, 51.1288873], [8.6921507, 51.1323177], [8.6950429, 51.1367339], [8.7084029, 51.145347], [8.7078959, 51.1467278], [8.713638, 51.1518402], [8.7183723, 51.1512793], [8.7361326, 51.1604113], [8.7367765, 51.1641799], [8.7483028, 51.1687354], [8.7478008, 51.1720001], [8.7581232, 51.1772415], [8.7500824, 51.18193], [8.7494063, 51.1984817], [8.7579901, 51.2028996], [8.7648261, 51.2037046], [8.7681755, 51.209087], [8.7507361, 51.2138214], [8.7410855, 51.2187538], [8.737127, 51.2273288], [8.7380008, 51.2323603], [8.7308488, 51.2396924], [8.7314457, 51.2440299], [8.7272673, 51.2499992], [8.7368388, 51.261161], [8.734914, 51.2635567], [8.721559, 51.2679322], [8.7238946, 51.2705269], [8.721372, 51.2747834], [8.6961017, 51.2741584], [8.6923703, 51.2766871], [8.6852143, 51.2735895], [8.6863292, 51.2713737], [8.680897, 51.2681461], [8.6656533, 51.2673451], [8.6522133, 51.2633475], [8.6281499, 51.2608907], [8.6282039, 51.2572701], [8.6254944, 51.2532266], [8.6110326, 51.2467003], [8.5968397, 51.2466772], [8.5896747, 51.2492709], [8.5847024, 51.2543184], [8.5851633, 51.2567441], [8.5791362, 51.265964], [8.5680708, 51.2701415], [8.5564286, 51.2773534], [8.5662137, 51.2876246], [8.5854481, 51.2978959], [8.5879744, 51.3029574], [8.5922574, 51.3034367], [8.6032619, 51.3148529], [8.6050035, 51.323774], [8.6090366, 51.3261463], [8.6174559, 51.3272134], [8.6205438, 51.331115], [8.6208814, 51.3364371], [8.6376055, 51.3436602], [8.6537682, 51.339754], [8.6554198, 51.3413084], [8.6553251, 51.3493796], [8.657301, 51.3486293], [8.6601045, 51.3535566], [8.6721371, 51.3560825], [8.6829211, 51.362615], [8.6764675, 51.3706563], [8.6902929, 51.3758127], [8.700849, 51.3774254], [8.7022443, 51.3755051], [8.7127072, 51.3732432], [8.7327927, 51.3723794], [8.7504899, 51.377456], [8.7573748, 51.377269], [8.7721446, 51.3853982], [8.8037528, 51.3905827], [8.8184836, 51.3885419], [8.8236618, 51.389569], [8.8275203, 51.3851584], [8.8367099, 51.388424], [8.8382687, 51.3832506], [8.8544345, 51.3770238], [8.8902419, 51.3926347], [8.9160621, 51.3927308], [8.9393816, 51.3888853], [8.9388947, 51.3932268], [8.943218, 51.3967854], [8.9404254, 51.4026637], [8.9420861, 51.4060094], [8.9410172, 51.4102359], [8.9430149, 51.4120027], [8.9516636, 51.4130016], [8.9466626, 51.418163], [8.9491271, 51.4195851], [8.9486455, 51.4245352], [8.9437673, 51.4273433], [8.9428218, 51.4300767], [8.9187414, 51.4301336], [8.9181084, 51.4364429], [8.9212339, 51.4398195], [8.9199881, 51.4429811], [8.9216318, 51.4460368], [8.913613, 51.4522891], [8.9146368, 51.4553217], [8.9110483, 51.461559], [8.8935578, 51.4716638], [8.8909681, 51.4775422], [8.8906551, 51.4818757], [8.9016964, 51.4889109], [8.9269226, 51.4934075], [8.9551473, 51.5033455], [8.997126, 51.5123246], [9.0046434, 51.5120515], [9.0204891, 51.5189191], [9.0229766, 51.5171001], [9.024151, 51.5108179], [9.0393638, 51.5018839], [9.057545, 51.5025179], [9.0609276, 51.4990043], [9.0771411, 51.5032499], [9.092136, 51.4945489], [9.0918901, 51.4870797], [9.0771584, 51.4646522], [9.0867111, 51.4611846], [9.0846654, 51.4534755], [9.0895358, 51.4463653], [9.1026448, 51.4431377], [9.1090889, 51.4435877], [9.1317435, 51.4463155], [9.1355296, 51.4501201], [9.1457704, 51.441799], [9.1599133, 51.4433929], [9.161745, 51.4443818], [9.1642576, 51.4523849], [9.174366, 51.460647], [9.1743915, 51.462802], [9.1851191, 51.4664263], [9.2161238, 51.4599016], [9.2189602, 51.4728808], [9.2164812, 51.4811872], [9.22314, 51.4848555], [9.2251783, 51.489755], [9.2272627, 51.4885091], [9.2284205, 51.4905396], [9.239668, 51.4906919], [9.2360445, 51.4927976], [9.2408577, 51.4972991], [9.2579772, 51.498996], [9.2641752, 51.4977302], [9.2660699, 51.5038905], [9.2728351, 51.50761], [9.2740836, 51.5113137], [9.2866297, 51.5151553], [9.3082775, 51.5124697], [9.3106353, 51.5191958], [9.3157487, 51.5229977], [9.3145754, 51.527137], [9.3100791, 51.5318405], [9.3116348, 51.5331494], [9.3112388, 51.5373719], [9.3139714, 51.5376779], [9.316588, 51.5409235], [9.3157051, 51.5436512], [9.3187087, 51.5442421], [9.3178298, 51.5460999], [9.3197425, 51.5466229], [9.3164171, 51.5525769], [9.3297759, 51.5559958], [9.335387, 51.5598064], [9.3383915, 51.5655898], [9.3457374, 51.5702363], [9.347677, 51.5762596], [9.3532951, 51.5811041], [9.3650113, 51.5848997], [9.3688037, 51.5908471], [9.373399, 51.5910951], [9.3712103, 51.5939897], [9.3655142, 51.5942537], [9.3559959, 51.5980889], [9.3372992, 51.6116556], [9.3369832, 51.6145973], [9.3577481, 51.6202737], [9.3711171, 51.6194379], [9.3718945, 51.6253277], [9.3757243, 51.6264761], [9.3905071, 51.6267431], [9.3986319, 51.6245629], [9.3989831, 51.6262952], [9.4268358, 51.6307674], [9.4453811, 51.6438928], [9.4371668, 51.6490048], [9.4407492, 51.6504015], [9.4507454, 51.6488429], [9.45069, 51.6464593], [9.4646967, 51.6540373], [9.4908448, 51.657726], [9.496, 51.6570351], [9.4982487, 51.6518627], [9.4914069, 51.639904], [9.4914739, 51.6352196], [9.4962252, 51.6309701], [9.5081565, 51.6268266], [9.5241871, 51.6265217], [9.5340356, 51.6314232], [9.5432751, 51.6403272], [9.5548184, 51.6377865], [9.5606223, 51.6308505], [9.5590199, 51.6298824], [9.5598749, 51.6282377], [9.5704072, 51.6243511], [9.5795168, 51.6271168], [9.5844659, 51.6257959], [9.5973112, 51.6272429], [9.5904054, 51.6290644], [9.6084238, 51.6290996], [9.6142216, 51.6341742], [9.6163612, 51.6332243], [9.6259187, 51.6369556], [9.6317149, 51.6342082], [9.6271147, 51.6306526], [9.6269107, 51.6283409], [9.6370277, 51.623816], [9.6358735, 51.6164812], [9.6379012, 51.6088165], [9.649686, 51.6062487], [9.6616239, 51.59288], [9.6689488, 51.5916442], [9.6724255, 51.5871752], [9.6806897, 51.5874955], [9.6907806, 51.576114], [9.6842598, 51.5664741], [9.6607762, 51.5721623], [9.6493949, 51.5800734], [9.6452085, 51.5801774], [9.6456284, 51.5822021], [9.6304467, 51.5836709], [9.6258404, 51.5801963], [9.6252175, 51.573822], [9.6270983, 51.5691825], [9.6361501, 51.5592417], [9.6445398, 51.5595277], [9.6482573, 51.5508227], [9.6251738, 51.5481719], [9.6225862, 51.5486178], [9.6178758, 51.5548891], [9.6095311, 51.5573798], [9.6136195, 51.5483658], [9.6219614, 51.5423425], [9.6216905, 51.5346174], [9.618527, 51.529464], [9.6075897, 51.5216558], [9.6013527, 51.5210068], [9.5910512, 51.5237995], [9.5875227, 51.5222546], [9.5847192, 51.5178331], [9.6030216, 51.5025019], [9.6061492, 51.4951438], [9.6185705, 51.4816733], [9.6272643, 51.475677], [9.6387496, 51.4741243], [9.6436549, 51.4702367], [9.6443208, 51.4666051], [9.6293262, 51.4573851], [9.63086, 51.4529716], [9.6288123, 51.4522167], [9.6275466, 51.4446445], [9.6310081, 51.4369954], [9.6340887, 51.4351796], [9.6340417, 51.4295843], [9.6435969, 51.4175801], [9.6303985, 51.4107084], [9.6289037, 51.4082636], [9.6314338, 51.4040597], [9.6107774, 51.405896], [9.5927382, 51.3978607], [9.5884083, 51.4031582], [9.5786745, 51.4023144], [9.5751099, 51.393749], [9.5665432, 51.3893125], [9.57969208267883, 51.385895798113], [9.586412583920279, 51.38722167023127], [9.58955715900724, 51.39102814964502], [9.598129804102037, 51.39356122184321], [9.616693845459753, 51.3848202031631], [9.623332500652104, 51.38429280655811], [9.633486919157132, 51.3782518169101], [9.641126794566857, 51.36904393052163], [9.65329230739358, 51.36655890652375], [9.677365464937719, 51.36851443926204], [9.684424687018184, 51.36340091386875], [9.70103908871275, 51.35634784785383], [9.7062658, 51.35703399999999], [9.7019184, 51.3607576], [9.701363337993437, 51.3657181871072], [9.7249448, 51.3709115], [9.7323028, 51.3684168], [9.7382789, 51.3693018], [9.7523207, 51.3746962], [9.756723, 51.3823334], [9.7638049, 51.3844732], [9.7645878, 51.386209], [9.7900529, 51.3904276], [9.8000875, 51.3861361], [9.802149099999996, 51.389416800000006], [9.7998004, 51.39365129999999], [9.8009432, 51.3987287], [9.7991825, 51.4005635], [9.7941062, 51.3998196], [9.7926064, 51.4020093], [9.7943511, 51.4072467], [9.8025848, 51.4101994], [9.8241602, 51.409745], [9.8295059, 51.4042452], [9.8318515, 51.406507], [9.8315006, 51.4044812], [9.8340262, 51.4035463], [9.8330704, 51.4024934], [9.8372917, 51.4040273], [9.8405493, 51.4026315], [9.8414502, 51.3954443], [9.8392366, 51.3918847], [9.8416543, 51.3877771], [9.8400567, 51.3837103], [9.8527191, 51.3726373], [9.8658055, 51.3719119], [9.8682628, 51.3745714], [9.8592828, 51.3793304], [9.8600136, 51.3813449], [9.8557252, 51.3857244], [9.8613123, 51.3944485], [9.8577138, 51.3944025], [9.8500839, 51.4012197], [9.8537192, 51.4092838], [9.8508856, 51.4145292], [9.8561878, 51.4132093], [9.8651095, 51.4147312], [9.8658364, 51.4126714], [9.868486, 51.4138083], [9.8771276, 51.4069356], [9.8784001, 51.4037098], [9.8817881, 51.4052444], [9.8812572, 51.4074031], [9.8845876, 51.4100778], [9.8829058, 51.4149143], [9.8992884, 51.4162802], [9.9051884, 51.4210337], [9.9073212, 51.417924], [9.905369500000003, 51.41728309999999], [9.9058284, 51.41572730000001], [9.9137283, 51.4111758], [9.908854, 51.409585], [9.9086351, 51.40741820000001], [9.916038, 51.40142890000001], [9.9219292, 51.40064000000001], [9.9275934, 51.3950247], [9.9278914, 51.39237], [9.9314329, 51.392194], [9.930323100000004, 51.38632369999999], [9.9321319, 51.3817152], [9.9309441, 51.3808533], [9.9326698, 51.3795975], [9.9307201, 51.3805403], [9.9311382, 51.3785666], [9.9266148, 51.3771297], [9.9286115, 51.3724589], [9.92553, 51.372001], [9.9232744, 51.3666486], [9.9259261, 51.3591564], [9.9254884, 51.3533533], [9.9305025, 51.3509244], [9.9299016, 51.3478047], [9.9328012, 51.345718], [9.9297187, 51.3399006], [9.9434227, 51.3346133], [9.9442687, 51.328521], [9.9474352, 51.3266632], [9.9468304, 51.3207958], [9.9490521, 51.3174392], [9.9381228, 51.3077843], [9.9404005, 51.3050186], [9.9463997, 51.3021349], [9.9598156, 51.3047517], [9.9700432, 51.2997653], [9.9708229, 51.2948955], [9.9770947, 51.2921993], [9.9726857, 51.2844606], [9.9832434, 51.2832362], [9.9916, 51.2855468], [9.9955776, 51.284018], [10.0043742, 51.2869139], [10.0126381, 51.2831794], [10.0202849, 51.2827634], [10.0209558, 51.2807537], [10.026372, 51.2806007], [10.0300935, 51.2778011], [10.0418687, 51.2803378], [10.0495326, 51.2776482], [10.053999, 51.279056], [10.059873, 51.2760076], [10.0577584, 51.2680127], [10.0466832, 51.2644526], [10.0473932, 51.2592002], [10.0502408, 51.2584903], [10.0471421, 51.2534438], [10.0478982, 51.25188], [10.0509637, 51.2546458], [10.0546422, 51.2545158], [10.062589, 51.2524561], [10.0680352, 51.2485765], [10.0692073, 51.246631], [10.0664683, 51.2455399], [10.0691866, 51.2436564], [10.0788383, 51.2427767], [10.0720365, 51.2396101], [10.0676086, 51.2302621], [10.067465, 51.2277129], [10.0728697, 51.2244538], [10.0809526, 51.2236721], [10.0905522, 51.2266531], [10.0931028, 51.2217396], [10.0969792, 51.220355], [10.1059859, 51.2217454], [10.1115097, 51.219469], [10.1134469, 51.2151895], [10.1266888, 51.2187026], [10.1367093, 51.218057], [10.1402939, 51.2196231], [10.1457421, 51.2179403], [10.1430115, 51.2166665], [10.1441034, 51.2128209], [10.1495113, 51.2062934], [10.1590253, 51.2075337], [10.164577, 51.2124295], [10.1686136, 51.2120315], [10.1886339, 51.2036961], [10.1970527, 51.1967839], [10.19553, 51.1943772], [10.1968408, 51.1922145], [10.2112537, 51.1904207], [10.2145253, 51.1870301], [10.2202394, 51.1856753], [10.2290091, 51.1881211], [10.236457, 51.1866823], [10.2337215, 51.1792021], [10.2295172, 51.1745066], [10.2071526, 51.1648776], [10.2077836, 51.1552797], [10.2003248, 51.1498632], [10.2105304, 51.1422871], [10.2036005, 51.1355929], [10.2054553, 51.1271808], [10.2094308, 51.1258491], [10.2089841, 51.1226537], [10.2064172, 51.1221914], [10.2091769, 51.1180909], [10.1994584, 51.1128034], [10.1906517, 51.1148101], [10.188556, 51.1170449], [10.1897397, 51.1216994], [10.1790722, 51.1275586], [10.181569, 51.1295024], [10.1797671, 51.1311602], [10.1855511, 51.1324431], [10.1835019, 51.1378846], [10.1860538, 51.1384017], [10.1851134, 51.1412133], [10.1772023, 51.1416202], [10.1762904, 51.1474714], [10.1664048, 51.1538456], [10.1648486, 51.1540377], [10.1659919, 51.1520908], [10.1579991, 51.1480242], [10.1524899, 51.1489091], [10.1464708, 51.1446026], [10.125374, 51.1462313], [10.1277556, 51.1437406], [10.1180421, 51.1401049], [10.1208717, 51.1367063], [10.1316132, 51.1348146], [10.1355046, 51.1297142], [10.1393871, 51.1278524], [10.1397631, 51.1245908], [10.1465271, 51.1259027], [10.1467201, 51.12276], [10.1521313, 51.1181406], [10.1700857, 51.1189416], [10.174511, 51.1168088], [10.1732563, 51.1113844], [10.1754459, 51.1097472], [10.1750921, 51.10657], [10.1720465, 51.1052391], [10.1676002, 51.1079088], [10.1603882, 51.1081187], [10.1593664, 51.1044221], [10.1638888, 51.1035643], [10.1654886, 51.0995167], [10.1573338, 51.096976], [10.1524126, 51.0901937], [10.14362, 51.0849943], [10.1480373, 51.0837434], [10.1470586, 51.078811], [10.151183, 51.0766442], [10.1496582, 51.0753014], [10.1520739, 51.0743815], [10.1508971, 51.0728487], [10.1548655, 51.0704759], [10.1440052, 51.0658904], [10.1470547, 51.0622658], [10.1409137, 51.060466], [10.1404338, 51.0587412], [10.146171, 51.0550606], [10.1541528, 51.0550257], [10.1716043, 51.0492654], [10.1846963, 51.0491855], [10.1843664, 51.0457329], [10.1988874, 51.0401946], [10.1983875, 51.0386227], [10.2050115, 51.0349722], [10.2016571, 51.0309666], [10.214669, 51.0253231], [10.2084182, 51.018916], [10.1949522, 51.0209487], [10.1926994, 51.0186519], [10.194423, 51.0158221], [10.2015325, 51.0139129], [10.2027788, 51.0086544], [10.2052808, 51.0072583], [10.1959022, 51.0047175], [10.1957733, 51.0019668], [10.1923378, 51.0019408], [10.191395, 50.9995751], [10.1809305, 50.9983772], [10.177726, 50.9959854], [10.1751754, 50.9985911], [10.1700601, 50.9966453], [10.1696062, 50.9985871], [10.1735616, 51.0002009], [10.1693842, 51.0022957], [10.1652898, 50.9972562], [10.1452418, 50.9934226], [10.1313199, 50.9969891], [10.1318098, 50.9988199], [10.1274844, 51.0014106], [10.1332355, 51.0045113], [10.1284161, 51.0091887], [10.1215741, 51.0119274], [10.11573, 51.0121063], [10.1064744, 51.0090326], [10.1068813, 51.0065339], [10.1035109, 51.0032953], [10.1006213, 51.0058929], [10.0744981, 51.0113282], [10.0652045, 51.0093944], [10.0575975, 51.012755], [10.0382374, 51.0128779], [10.027785, 51.0069455], [10.028362, 51.002692], [10.0211012, 50.9938799], [10.0242108, 50.9850949], [10.0195615, 50.9803644], [10.0252118, 50.976001], [10.0333486, 50.9739982], [10.0333456, 50.9715715], [10.0413615, 50.967463], [10.0320249, 50.9591439], [10.0426754, 50.9565462], [10.0435297, 50.9521141], [10.0456777, 50.9507483], [10.0425868, 50.9485409], [10.04785, 50.9475722], [10.0476628, 50.9458914], [10.0618137, 50.9478823], [10.0646423, 50.9452846], [10.0625226, 50.9431298], [10.0493616, 50.9384063], [10.0340569, 50.9390781], [10.0295676, 50.9371023], [10.0273748, 50.9434536], [10.0247573, 50.9437985], [10.0239883, 50.9411459], [10.0162861, 50.9395619], [10.0173934, 50.9371133], [10.013384, 50.9346565], [10.0034581, 50.9405976], [9.999351, 50.9366863], [9.9983838, 50.9393898], [9.9910172, 50.9434195], [9.9896874, 50.9429385], [9.9918701, 50.9408178], [9.9876717, 50.9415467], [9.9821475, 50.9390939], [9.9751865, 50.9433354], [9.9684935, 50.9413246], [9.9500412, 50.9444032], [9.9504412, 50.9409016], [9.9551985, 50.937266], [9.9566293, 50.9337944], [9.953001, 50.9274091], [9.9495835, 50.9273331], [9.9497535, 50.9241934], [9.9542998, 50.9218317], [9.9606709, 50.9241135], [9.966048, 50.928763], [9.9636983, 50.9320436], [9.9662179, 50.9339554], [9.972761, 50.9318727], [9.9820726, 50.9319137], [9.9917902, 50.9349694], [9.9871849, 50.9332416], [9.9890686, 50.9314378], [9.9868919, 50.9301329], [9.9877468, 50.9278322], [9.9853602, 50.9279732], [9.9856442, 50.9245446], [9.9818008, 50.9198251], [9.9734601, 50.9166554], [9.9689518, 50.9127758], [9.9682479, 50.910968], [9.9714185, 50.9071454], [9.9800902, 50.9049937], [9.9852644, 50.9070805], [9.9862452, 50.9104791], [9.9987453, 50.9195352], [10.0036276, 50.921237], [10.0139111, 50.9203022], [10.0151459, 50.9169035], [10.0244646, 50.9140419], [10.0252845, 50.9116082], [10.0346831, 50.9099454], [10.0340632, 50.9084116], [10.0393355, 50.9045321], [10.0372408, 50.9033082], [10.0404154, 50.9013584], [10.0509588, 50.8997596], [10.0413793, 50.8928894], [10.0479024, 50.8888429], [10.0495282, 50.8909026], [10.0532806, 50.8898988], [10.0529306, 50.8927644], [10.0586768, 50.8899638], [10.0561772, 50.8873771], [10.0600067, 50.8856493], [10.0572771, 50.8853523], [10.0568402, 50.8832385], [10.0588449, 50.8824606], [10.0559593, 50.8800149], [10.0244811, 50.8674192], [10.0218285, 50.8645505], [10.0184364, 50.8585635], [10.0218937, 50.8478233], [10.0358956, 50.8537587], [10.0387472, 50.8530418], [10.0357627, 50.8469225], [10.0377534, 50.8452177], [10.033838, 50.8445648], [10.034228, 50.842376], [10.0261922, 50.8408911], [10.0279149, 50.8406402], [10.0286079, 50.8362037], [10.0244385, 50.8314162], [10.0084628, 50.8347727], [10.0051733, 50.8375724], [10.0017209, 50.8288754], [9.9961168, 50.8258347], [9.9915624, 50.8292563], [9.9889618, 50.8282114], [9.9840215, 50.8300012], [9.9841734, 50.831916], [9.9766765, 50.8332968], [9.9619388, 50.8242257], [9.9521033, 50.821467], [9.9498797, 50.8155506], [9.9571836, 50.8154667], [9.9557738, 50.8144138], [9.9571756, 50.812384], [9.954514, 50.8109612], [9.9565498, 50.8095543], [9.9461604, 50.8020311], [9.9434118, 50.7970337], [9.9492421, 50.7881997], [9.9546243, 50.78593], [9.9493811, 50.7803866], [9.9538295, 50.7790708], [9.9514139, 50.7783268], [9.9517839, 50.7735624], [9.9493622, 50.7714416], [9.9436271, 50.7712086], [9.9485283, 50.7790057], [9.9451308, 50.7791817], [9.9415683, 50.7750802], [9.937345, 50.7740163], [9.9295561, 50.7770719], [9.9255827, 50.7739702], [9.9278244, 50.7730893], [9.9285443, 50.7695267], [9.9255378, 50.7678329], [9.9200707, 50.7591538], [9.9268067, 50.7561562], [9.9326868, 50.7578231], [9.9393249, 50.7556483], [9.9406488, 50.7456195], [9.9388441, 50.7434377], [9.9415157, 50.7414879], [9.9415308, 50.7390812], [9.9360506, 50.7338248], [9.9379394, 50.7326799], [9.9342, 50.7261076], [9.9353988, 50.7240019], [9.9116295, 50.7087315], [9.9076521, 50.7031541], [9.908992, 50.7008883], [9.9144743, 50.7002027], [9.918444, 50.6970779], [9.9211657, 50.6977541], [9.9213373, 50.6953204], [9.9238151, 50.6952839], [9.9150371, 50.6937079], [9.9139743, 50.6901386], [9.9118959, 50.6905619], [9.9126416, 50.6883568], [9.9057096, 50.6840842], [9.8988986, 50.6822464], [9.8944163, 50.6838982], [9.8886622, 50.6770309], [9.8810214, 50.6734643], [9.8820642, 50.6710996], [9.8787177, 50.6701307], [9.8817893, 50.6687528], [9.8789497, 50.6659691], [9.8825323, 50.6616196], [9.885266, 50.6526787], [9.8779301, 50.6429547], [9.8767513, 50.6436146], [9.8770843, 50.6387092], [9.8786371, 50.6385032], [9.8788281, 50.6345627], [9.8876938, 50.6339558], [9.8993831, 50.6365955], [9.9058401, 50.6402001], [9.9103435, 50.6363896], [9.9226947, 50.6342109], [9.9297127, 50.6288975], [9.9461603, 50.6267878], [9.9606302, 50.6292516], [9.9608931, 50.6361489], [9.9688108, 50.6411733], [9.9499225, 50.6557836], [9.9489476, 50.6581523], [9.9509982, 50.6602921], [9.9476687, 50.6623069], [9.9515031, 50.6658615], [9.9605108, 50.6682572], [9.9629294, 50.6663535], [9.9693315, 50.6674144], [9.9738768, 50.6658236], [9.9746887, 50.6685813], [9.9771393, 50.6681693], [9.9875557, 50.6737158], [10.0017206, 50.6764705], [10.0206209, 50.672938], [10.0321072, 50.6754288], [10.0506635, 50.6734611], [10.0637017, 50.6588118], [10.0698229, 50.6559091], [10.0757047, 50.6393203], [10.0793357, 50.6357524], [10.0787208, 50.6344516], [10.0829382, 50.6334287], [10.0812686, 50.6197043], [10.0727509, 50.6194142], [10.0677966, 50.621432], [10.0667057, 50.6248806], [10.0584339, 50.6263944], [10.0550904, 50.6237357], [10.0454369, 50.6211119], [10.0476535, 50.6192801], [10.0372381, 50.6125399], [10.0407237, 50.6042888], [10.0488886, 50.598594], [10.0470989, 50.594092], [10.0495057, 50.5843191], [10.0457237, 50.580015], [10.0461882, 50.5721718], [10.0521475, 50.5612901], [10.0580715, 50.5598455], [10.0614645, 50.5565653], [10.0563768, 50.5544539], [10.0472464, 50.5456414], [10.0476965, 50.5393201], [10.038164, 50.5290022], [10.0388379, 50.5238408], [10.0422554, 50.522646], [10.0422185, 50.5187094], [10.0396708, 50.5151121], [10.0421471, 50.5086014], [10.0370631, 50.4999919], [10.0411414, 50.4951547], [10.0343546, 50.4901412], [10.0364249, 50.4874974], [10.0313155, 50.4864031], [10.0336296, 50.484427], [10.0335286, 50.4811664], [10.021796, 50.4751603], [10.0184189, 50.4665117], [9.996858, 50.4610622], [9.9929102, 50.4552812], [9.9936432, 50.4514971], [9.9898693, 50.4468895], [9.9852113, 50.4433685], [9.9786842, 50.442258], [9.9719425, 50.4358347], [9.9683486, 50.435863], [9.9595753, 50.4242222], [9.9523128, 50.4224642], [9.9433788, 50.4233726], [9.9265985, 50.4163819], [9.9191754, 50.4106122], [9.9105322, 50.4088538], [9.9012055, 50.4037683], [9.8919107, 50.4033403], [9.883162, 50.3987739], [9.8708398, 50.4094985], [9.8600061, 50.3974953], [9.8471847, 50.3993157], [9.837865500000003, 50.4056154], [9.8264357, 50.4066632], [9.8239605, 50.4053699], [9.8137969, 50.412403], [9.8079429, 50.4122627], [9.8112278, 50.4171603], [9.8092218, 50.4213484], [9.799962033789038, 50.41479920698526], [9.799356328364562, 50.41203078030441], [9.793894056920784, 50.4109769680398], [9.804441863230524, 50.39849467200117], [9.786206432649236, 50.38794687668555], [9.78292669635189, 50.38194460901784], [9.788128557089928, 50.37954035016725], [9.78697616166846, 50.37758545390681], [9.79214303327976, 50.37437558416542], [9.792441657144877, 50.37240300401956], [9.790537632541433, 50.36965763113101], [9.774009006245413, 50.36241669220271], [9.776101740484632, 50.359623088345], [9.77366732471726, 50.35667335738598], [9.763277432469168, 50.35327674743882], [9.762881734926356, 50.35190784513818], [9.766304748587656, 50.35162635357196], [9.76282983406117, 50.34984790998438], [9.767437973116511, 50.34669009182626], [9.764696368430917, 50.34524726947907], [9.757770965849353, 50.34958189590628], [9.755844252599308, 50.34435499669302], [9.750851156057522, 50.34671456104584], [9.744182125581402, 50.34681551764461], [9.7475128, 50.3405867], [9.7444161, 50.3290858], [9.7488608, 50.3250936], [9.7438642, 50.3199101], [9.7477318, 50.3144597], [9.741926, 50.305717], [9.738508, 50.30464], [9.7393091, 50.3024115], [9.7278779, 50.2950251], [9.7199099, 50.2949517], [9.719807, 50.2917623], [9.7134783, 50.2916748], [9.7023584, 50.2802889], [9.690938, 50.2776733], [9.681319, 50.2783691], [9.6636124, 50.2710369], [9.654603, 50.2715324], [9.64745, 50.2645549], [9.6485254, 50.2621538], [9.6458426, 50.2583968], [9.6419573, 50.2570381], [9.6432975, 50.2549852], [9.6377142, 50.2526359], [9.6394874, 50.2481531], [9.6678851, 50.2395939], [9.663614, 50.2339673], [9.6545207, 50.2323343], [9.6474283, 50.2350543], [9.6365887, 50.2351834], [9.6237954, 50.2296384], [9.6203524, 50.2264902], [9.6206249, 50.2244373], [9.6043683, 50.2217064], [9.5958388, 50.2226763], [9.5942952, 50.2250207], [9.5828307, 50.2213619], [9.5753744, 50.232666], [9.5503867, 50.2283657], [9.5422453, 50.2242907], [9.5372346, 50.2270647], [9.5373987, 50.2321431], [9.5335539, 50.2345564], [9.5143543, 50.2343011], [9.5014282, 50.2431982], [9.498539, 50.2404085], [9.5011341, 50.2385201], [9.4946293, 50.2268025], [9.5017305, 50.2222388], [9.5053677, 50.2143729], [9.5020934, 50.2122803], [9.5033934, 50.2087997], [9.5070591, 50.2071594], [9.5105658, 50.2018577], [9.5160669, 50.1997876], [9.5162469, 50.1945881], [9.5131841, 50.1936447], [9.508163, 50.1953857], [9.5015193, 50.1929841], [9.5009041, 50.1898738], [9.5027827, 50.1885415], [9.501066, 50.188261], [9.5013002, 50.1825094], [9.4981011, 50.1755864], [9.5050062, 50.1691762], [9.5280748, 50.1680728], [9.5311487, 50.1611602], [9.5224035, 50.1504545], [9.5100149, 50.1479634], [9.5073895, 50.1454654], [9.5124937, 50.1240213], [9.5194249, 50.1132163], [9.5192911, 50.1059133], [9.5130837, 50.099481], [9.5144164, 50.0970421], [9.5130437, 50.0943483], [9.5001473, 50.0972069], [9.4960438, 50.09477], [9.4784298, 50.0948625], [9.4610151, 50.0897843], [9.4453536, 50.0898618], [9.4360044, 50.0850601], [9.4239268, 50.0856106], [9.4122261, 50.0835583], [9.4016752, 50.0896633], [9.3943425, 50.09797], [9.3829418, 50.1192507], [9.3758665, 50.12602749999999], [9.3763977, 50.1305714], [9.3422478, 50.1313107], [9.3365037, 50.1368847], [9.3273591, 50.1411483], [9.3074112, 50.1333236], [9.2935732, 50.1396259], [9.2767305, 50.1425794], [9.2589045, 50.138653], [9.2215947, 50.149577], [9.2188776, 50.1466344], [9.2118735, 50.1467368], [9.2103648, 50.1428421], [9.1831118, 50.137926], [9.1853429, 50.13278], [9.1902331, 50.1287468], [9.1901103, 50.1265034], [9.1742123, 50.1193844], [9.1729744, 50.1161696], [9.1748024, 50.1140954], [9.1676293, 50.1098926], [9.1605307, 50.1023519], [9.15919180000001, 50.099970000000006], [9.1623613, 50.0982647], [9.1592348, 50.0953308], [9.1548621, 50.0950597], [9.1487142, 50.0902558], [9.1438361, 50.0941414], [9.1447128, 50.0927868], [9.1417113, 50.092457], [9.1390842, 50.0951624], [9.1337118, 50.0946898], [9.1326207, 50.0919215], [9.1227629, 50.0886315], [9.123237, 50.0830415], [9.1141243, 50.0738487], [9.1133489, 50.0648567], [9.1025193, 50.0545612], [9.1017704, 50.0477655], [9.1060208, 50.0461097], [9.0939358, 50.0407769], [9.0815975, 50.0425546], [9.0598739, 50.0410842], [9.0551208, 50.0450601], [9.0453615, 50.0438043], [9.0347982, 50.0477929], [9.0327476, 50.0467709], [9.0301761, 50.048415], [9.0318905, 50.0492761], [9.0304091, 50.0547182], [9.0222604, 50.0561388], [9.0207804, 50.0596534], [9.021225, 50.0650932], [9.0238745, 50.0692422], [9.0216866, 50.0699162], [9.021722, 50.0724], [9.0255188, 50.0750138], [9.0232094, 50.0782619], [9.0234039, 50.0853052], [9.03644410812394, 50.11384487679152], [9.022025121880969, 50.11217252909086], [9.0090988, 50.105175], [8.9976804, 50.0927364], [8.999415099999997, 50.069521300000005], [8.9937069, 50.0669335], [8.991308, 50.0684685], [8.9763497, 50.04978510000001], [8.9788341, 50.0449677], [8.9860021, 50.0416676], [9.0109756, 50.0457701], [9.0230013, 50.0440379], [9.0298512, 50.0404482], [9.0320479, 50.0373253], [9.0304493, 50.0220961], [9.0326688, 50.0172089], [9.0394514, 50.0103745], [9.034814600000008, 50.00637090000001], [9.0351832, 50.0042964], [9.0380659, 50.0002393], [9.046548, 49.9986525], [9.0507979, 49.995482], [9.0513498, 49.9930429], [9.0447219, 49.9879099], [9.030953, 49.98866], [9.0294495, 49.9926091], [9.0229766, 49.9970518], [9.0142043, 49.9913844], [9.0196753, 49.9866009], [9.0190995, 49.9745722], [9.026714, 49.9550681], [9.0190688, 49.9468385], [9.0254027, 49.9456445], [9.0263748, 49.9361396], [9.0296975, 49.931549], [9.0292465, 49.9274948], [9.0322846, 49.9245929], [9.0233822, 49.910096], [9.0320237, 49.9094558], [9.0299951, 49.9058252], [9.0326248, 49.9043921], [9.0310065, 49.9039551], [9.0327364, 49.9013998], [9.031379, 49.9012983], [9.0356499, 49.8993827], [9.0371117, 49.8958463], [9.0375933, 49.8781182], [9.0504967, 49.8672994], [9.0479167, 49.8661926], [9.043472, 49.8679443], [9.0382443, 49.8655446], [9.0367412, 49.8672167], [9.0332578, 49.8665686], [9.0338196, 49.8603891], [9.0437906, 49.8554858], [9.0432552, 49.8502826], [9.0407317, 49.8474705], [9.0361394, 49.8463978], [9.0415797, 49.8399299], [9.0433802, 49.844033], [9.0501806, 49.8420831], [9.0540458, 49.8455308], [9.0601327, 49.8461748], [9.0539686, 49.8427752], [9.0531222, 49.8398626], [9.0593231, 49.8410085], [9.0561589, 49.8345639], [9.0648006, 49.831793], [9.0703754, 49.8333635], [9.0713092, 49.8363409], [9.0852496, 49.8476968], [9.0899808, 49.8410999], [9.0823815, 49.8390408], [9.0778266, 49.8346622], [9.0828141, 49.8328398], [9.0830101, 49.8296108], [9.0868659, 49.826554], [9.0816306, 49.8240441], [9.0770541, 49.8182684], [9.0863214, 49.806618], [9.0869858, 49.7993991], [9.0902706, 49.7959478], [9.0907306, 49.7908526], [9.0940935, 49.7902508], [9.107952, 49.7980112], [9.1321799, 49.7941033], [9.1295104, 49.7930723], [9.1291613, 49.7877896], [9.134301, 49.782186], [9.1272623, 49.7764505], [9.1132666, 49.7737732], [9.1131953, 49.767378], [9.1104701, 49.7663076], [9.1069689, 49.7587498], [9.1119509, 49.7566827], [9.1279464, 49.7552379], [9.1449709, 49.7474688], [9.1441904, 49.744767], [9.1505794, 49.7427032], [9.1438131, 49.737005], [9.1409903, 49.7293913], [9.1360929, 49.7241397], [9.1346272, 49.7164153], [9.1315221, 49.7146555], [9.1212237, 49.7146486], [9.1238418, 49.7064115], [9.1273629, 49.7067282], [9.1277865, 49.700357], [9.1162798, 49.6975757], [9.0952292, 49.6961162], [9.0896365, 49.6931968], [9.0879642, 49.6880895], [9.0887147, 49.6689604], [9.103772, 49.6600047], [9.0995819, 49.6532632], [9.1009434, 49.6491296], [9.0990676, 49.6464017], [9.1020712, 49.6419786], [9.0923931, 49.6353283], [9.0860867, 49.6356752], [9.0816261, 49.6330422], [9.0794958, 49.6291243], [9.0687699, 49.6225984], [9.0648758, 49.6168244], [9.0683963, 49.610924], [9.066486, 49.6022919], [9.0741509, 49.6007201], [9.0831487, 49.6017841], [9.0880605, 49.597252], [9.0918766, 49.5887802], [9.1028259, 49.579253], [9.1001341, 49.5721244], [9.0997066, 49.5607246], [9.082689, 49.5616405], [9.0808523, 49.5645008], [9.0810051, 49.57013], [9.0781046, 49.5748043], [9.0755714, 49.5751081], [9.0738622, 49.5751281], [9.0742415, 49.5692551], [9.0711625, 49.5659643], [9.0712634, 49.5631794], [9.0812202, 49.5563059], [9.0805913, 49.5545957], [9.0847158, 49.5535716], [9.0868612, 49.5473021], [9.0856587, 49.5438877], [9.0837788, 49.5436407], [9.095023, 49.5415557], [9.0996854, 49.5380157], [9.1044461, 49.5378779], [9.1045157, 49.5356636], [9.1094848, 49.5363975], [9.1155649, 49.533771], [9.1168071, 49.5287681], [9.1266013, 49.5215675], [9.1235697, 49.5192591], [9.1262952, 49.5167623], [9.1198997, 49.5121795], [9.1063514, 49.5097502], [9.1064801, 49.5153878], [9.1015157, 49.5197417], [9.0997087, 49.5261814], [9.0841114, 49.5263786], [9.0784272, 49.5247834], [9.0699924, 49.52662], [9.0644151, 49.5303145], [9.0583001, 49.5219461], [9.0502327, 49.5199973], [9.0484354, 49.5156737], [9.0498879, 49.5129891], [9.0417911, 49.5064705], [9.04349, 49.5006182], [9.0414848, 49.4985363], [9.0160282, 49.4983278], [9.0115721, 49.4993253], [9.0129715, 49.5007089], [9.0107802, 49.5024776], [9.0039178, 49.50431], [8.9919589, 49.5032246], [8.9874187, 49.5063366], [8.9860627, 49.5102527], [8.9788538, 49.5087037], [8.9776747, 49.5033301], [8.9683271, 49.5014492], [8.9617111, 49.5018866], [8.9603793, 49.5036883], [8.9579803, 49.5026863], [8.9515941, 49.5054649], [8.9513127, 49.5021393], [8.9579126, 49.4955401], [8.95158, 49.4914934], [8.9502162, 49.4879997], [8.9545571, 49.4837818], [8.9540077, 49.4815727], [8.943219, 49.4858818], [8.9343951, 49.4767915], [8.9345372, 49.4725683], [8.9315866, 49.4705552], [8.929546066985145, 49.47551569478321]], [[9.1012753, 50.12504276666667], [9.1006395, 50.1251215], [9.1015932, 50.1250034], [9.1012753, 50.12504276666667]], [[9.080483642358498, 50.11615263454509], [9.0799379, 50.1160583], [9.080483642358528, 50.11615263454509], [9.080483642358498, 50.11615263454509]]]}}, {"type": "Feature", "properties": {"name": "Thüringen", "verband": "Thüringen"}, "geometry": {"type": "Polygon", "coordinates": [[[10.9496106, 50.3836918], [10.9372391, 50.3921579], [10.9329943, 50.3926022], [10.9118388, 50.385203], [10.9086943, 50.3873371], [10.899254, 50.3846226], [10.8932131, 50.3801715], [10.8848318, 50.3886954], [10.8871774, 50.3925953], [10.8781819, 50.393094], [10.8760946, 50.396647], [10.8684653, 50.3946713], [10.8660912, 50.3893803], [10.8605546, 50.3876216], [10.8304723, 50.3927122], [10.8201151, 50.3848093], [10.8167533, 50.386018], [10.8108757, 50.3841379], [10.8043776, 50.3791651], [10.7902809, 50.3821139], [10.7854811, 50.3852036], [10.773962, 50.3718858], [10.7634074, 50.37017], [10.7647504, 50.3691153], [10.7622394, 50.3682465], [10.7603832, 50.3624139], [10.7545725, 50.3580936], [10.7489972, 50.3579225], [10.7385861, 50.3629717], [10.715275, 50.363687], [10.7177785, 50.3554681], [10.7123208, 50.3545216], [10.714021, 50.3461221], [10.7225644, 50.349469], [10.7286313, 50.3487963], [10.7266516, 50.3468807], [10.7294282, 50.3446902], [10.727292, 50.3433736], [10.7283164, 50.3380991], [10.7200202, 50.3332553], [10.7150259, 50.3329923], [10.7162635, 50.3279989], [10.7141868, 50.3250658], [10.7159973, 50.3208333], [10.7367187, 50.3141952], [10.7417519, 50.3159832], [10.7477024, 50.3102569], [10.7507509, 50.3095835], [10.7520258, 50.3068372], [10.7598455, 50.3034605], [10.7625399, 50.2983636], [10.7694936, 50.2931176], [10.7931106, 50.2954438], [10.802478, 50.2919696], [10.8043101, 50.2886742], [10.8017131, 50.2830923], [10.804201, 50.2796103], [10.8109241, 50.2795498], [10.8115041, 50.2774984], [10.8146859, 50.2788255], [10.8209975, 50.277017], [10.8264328, 50.2780045], [10.8322361, 50.2735791], [10.8358865, 50.2730939], [10.8465719, 50.2761917], [10.8451592, 50.2700151], [10.8512275, 50.2646611], [10.8521476, 50.253267], [10.8478355, 50.2451616], [10.8450417, 50.2434546], [10.8375668, 50.2426022], [10.8358438, 50.2393349], [10.8280011, 50.2377826], [10.8073614, 50.2401812], [10.8068891, 50.2443392], [10.800432, 50.2515455], [10.7819996, 50.2512048], [10.7847498, 50.2485427], [10.7698157, 50.2407653], [10.7508998, 50.2419514], [10.7461352, 50.2437395], [10.7485368, 50.2475931], [10.7322621, 50.2517977], [10.7270306, 50.2484045], [10.7301606, 50.2444991], [10.7296841, 50.2424658], [10.7259213, 50.2410191], [10.7279862, 50.2385792], [10.7269992, 50.2306936], [10.7294813, 50.2302566], [10.7288107, 50.2222214], [10.7312034, 50.2129127], [10.7237612, 50.2052038], [10.7194775, 50.2043783], [10.7170267, 50.2043995], [10.7138027, 50.2084682], [10.7096468, 50.210168], [10.7001234, 50.2124923], [10.6957742, 50.2117222], [10.6874198, 50.2191289], [10.6857113, 50.2223223], [10.6869254, 50.225864], [10.6698381, 50.2210685], [10.6579302, 50.2235482], [10.6623325, 50.2269387], [10.6598477, 50.231424], [10.6363319, 50.2230995], [10.6121063, 50.2241248], [10.6030269, 50.241845], [10.5971274, 50.2461163], [10.6037866, 50.2458074], [10.6115312, 50.2495443], [10.6114457, 50.2512465], [10.6063843, 50.2531433], [10.6048426, 50.2590873], [10.5981132, 50.26264], [10.6027771, 50.2703441], [10.6073676, 50.2720667], [10.593507, 50.2691134], [10.5909426, 50.2717984], [10.593786, 50.2782957], [10.6013659, 50.2826848], [10.6008273, 50.2843707], [10.5980877, 50.2840829], [10.5976368, 50.2891464], [10.6018958, 50.2900495], [10.6049656, 50.2931003], [10.5966549, 50.3066173], [10.59332, 50.3065264], [10.5923067, 50.3081615], [10.5922363, 50.3112341], [10.5945415, 50.3135886], [10.5922403, 50.3168033], [10.5957361, 50.3194915], [10.5955443, 50.3225685], [10.6011878, 50.3339103], [10.5832166, 50.3323343], [10.5709485, 50.3376804], [10.5617741, 50.3372381], [10.5578888, 50.3391937], [10.5503926, 50.346055], [10.5497983, 50.3495397], [10.554974, 50.3549192], [10.5542166, 50.3566311], [10.5445605, 50.3643005], [10.5371403, 50.3624143], [10.5343697, 50.3655927], [10.5317291, 50.3650331], [10.5289781, 50.3624885], [10.5303294, 50.3607336], [10.5265062, 50.3614819], [10.5240017, 50.3547201], [10.5183552, 50.3542564], [10.5147377, 50.3498828], [10.5127091, 50.3598081], [10.5070911, 50.3574394], [10.503556, 50.3531023], [10.4990068, 50.3576603], [10.4918573, 50.3542216], [10.4894716, 50.361513], [10.4862254, 50.3630621], [10.492425, 50.3624308], [10.4895638, 50.3615615], [10.489852, 50.3612999], [10.4927247, 50.3621007], [10.4919132, 50.3639182], [10.4962518, 50.3654766], [10.4940953, 50.3665408], [10.4956684, 50.3673094], [10.4944164, 50.3693159], [10.4906411, 50.3687741], [10.4879996, 50.3740715], [10.4912685, 50.3750935], [10.4733876, 50.3724899], [10.4670728, 50.3776547], [10.4635383, 50.3762038], [10.4582048, 50.3829734], [10.4597269, 50.3877833], [10.4571647, 50.3878095], [10.4525706, 50.392807], [10.4553503, 50.3964365], [10.4533266, 50.4016614], [10.4497823, 50.4030838], [10.4378538, 50.4012549], [10.4380568, 50.3952413], [10.4265078, 50.3928905], [10.4146681, 50.3934599], [10.4140473, 50.3951798], [10.4063843, 50.3934104], [10.4063268, 50.3955261], [10.4039696, 50.3944885], [10.3963499, 50.3971356], [10.3947819, 50.3970364], [10.3947913, 50.3933346], [10.3911777, 50.398627], [10.3872635, 50.3983512], [10.3867404, 50.402793], [10.3844952, 50.4028228], [10.383923, 50.408608], [10.3898025, 50.4096136], [10.3890266, 50.4113622], [10.3944566, 50.413782], [10.3949027, 50.4184301], [10.4009802, 50.4190408], [10.3998357, 50.422128], [10.4047892, 50.4231387], [10.4039532, 50.4249904], [10.3973909, 50.4277471], [10.3922372, 50.4275835], [10.3921824, 50.4289246], [10.3857985, 50.4286193], [10.3870541, 50.4299476], [10.3789729, 50.4297728], [10.3784829, 50.4324772], [10.3705927, 50.4317839], [10.3699766, 50.4347767], [10.3729592, 50.4350748], [10.3723705, 50.4372513], [10.381186, 50.4392679], [10.3759646, 50.4405565], [10.3666381, 50.4386778], [10.3655658, 50.4408429], [10.3675167, 50.4413543], [10.3607732, 50.4454637], [10.3633739, 50.4477561], [10.3601841, 50.4485772], [10.3574053, 50.4544607], [10.3513825, 50.4565791], [10.347073, 50.4630637], [10.3360284, 50.4658496], [10.3413545, 50.4831291], [10.3330564, 50.4867691], [10.3332406, 50.4907549], [10.3307162, 50.494362], [10.3261386, 50.4946163], [10.3254711, 50.4926146], [10.3226771, 50.4925849], [10.3095104, 50.4942133], [10.3062869, 50.4921948], [10.2918513, 50.4960792], [10.2744216, 50.5056541], [10.2670775, 50.5041646], [10.256523, 50.5129053], [10.2518223, 50.5109587], [10.2437032, 50.5125804], [10.2439332, 50.5147651], [10.2414934, 50.5124553], [10.2301048, 50.5113028], [10.2312773, 50.5146946], [10.2258748, 50.5183228], [10.2321547, 50.5310145], [10.2246457, 50.5298398], [10.2247172, 50.5336237], [10.2213301, 50.5386341], [10.2083018, 50.5405869], [10.204329, 50.5446272], [10.2039942, 50.5546467], [10.1992431, 50.5532673], [10.1956505, 50.5551493], [10.1780869, 50.5519989], [10.1745679, 50.5461312], [10.1770367, 50.5424154], [10.1596526, 50.5497399], [10.1522266, 50.549814], [10.1508105, 50.5522779], [10.147538, 50.5498272], [10.1501174, 50.5489426], [10.1468089, 50.5460938], [10.146701, 50.5432975], [10.137249, 50.5428371], [10.1362558, 50.5461962], [10.1207205, 50.555883], [10.1227876, 50.5584772], [10.1273163, 50.5597139], [10.120644, 50.5647142], [10.1062239, 50.5632937], [10.0994602, 50.5582104], [10.0982765, 50.552046], [10.0939233, 50.553527], [10.0942147, 50.5483507], [10.0899376, 50.5448445], [10.0742341, 50.5393946], [10.0729964, 50.5361588], [10.0699343, 50.5353949], [10.0708174, 50.5328361], [10.0683092, 50.529927], [10.0739365, 50.5283553], [10.0713592, 50.5282186], [10.0734115, 50.5269027], [10.0665743, 50.5287613], [10.0518132, 50.5191209], [10.0412819, 50.5164827], [10.0422554, 50.522646], [10.0388379, 50.5238408], [10.0394147, 50.5318929], [10.0476965, 50.5393201], [10.0472464, 50.5456414], [10.0563768, 50.5544539], [10.0614645, 50.5565653], [10.0580715, 50.5598455], [10.0521475, 50.5612901], [10.0461882, 50.5721718], [10.0457237, 50.580015], [10.0495057, 50.5843191], [10.0470989, 50.594092], [10.0488886, 50.598594], [10.0407237, 50.6042888], [10.0372381, 50.6125399], [10.0476535, 50.6192801], [10.0454369, 50.6211119], [10.0550904, 50.6237357], [10.0584339, 50.6263944], [10.0667057, 50.6248806], [10.0677966, 50.621432], [10.0727509, 50.6194142], [10.0812686, 50.6197043], [10.0829382, 50.6334287], [10.0787208, 50.6344516], [10.0793357, 50.6357524], [10.0757047, 50.6393203], [10.0698229, 50.6559091], [10.0637017, 50.6588118], [10.0506635, 50.6734611], [10.0321072, 50.6754288], [10.0206209, 50.672938], [10.0017206, 50.6764705], [9.9875557, 50.6737158], [9.9771393, 50.6681693], [9.9746887, 50.6685813], [9.9738768, 50.6658236], [9.9693315, 50.6674144], [9.9629294, 50.6663535], [9.9605108, 50.6682572], [9.9515031, 50.6658615], [9.9476687, 50.6623069], [9.9509982, 50.6602921], [9.9489476, 50.6581523], [9.9499225, 50.6557836], [9.9688108, 50.6411733], [9.9608931, 50.6361489], [9.9606302, 50.6292516], [9.9461603, 50.6267878], [9.9297127, 50.6288975], [9.9226947, 50.6342109], [9.9103435, 50.6363896], [9.9058401, 50.6402001], [9.8993831, 50.6365955], [9.8876938, 50.6339558], [9.8785141, 50.6347836], [9.8767513, 50.6436146], [9.8779301, 50.6429547], [9.885266, 50.6526787], [9.8825323, 50.6616196], [9.8789497, 50.6659691], [9.8818063, 50.6691268], [9.8788107, 50.6703326], [9.8820642, 50.6710996], [9.8810214, 50.6734643], [9.8886622, 50.6770309], [9.8944163, 50.6838982], [9.8988986, 50.6822464], [9.9057096, 50.6840842], [9.9126416, 50.6883568], [9.9118959, 50.6905619], [9.9139743, 50.6901386], [9.9150371, 50.6937079], [9.9230483, 50.694238], [9.9212826, 50.6977084], [9.918444, 50.6970779], [9.9144743, 50.7002027], [9.908992, 50.7008883], [9.9076521, 50.7031541], [9.9116295, 50.7087315], [9.9353988, 50.7240019], [9.9342, 50.7261076], [9.9379394, 50.7326799], [9.9360506, 50.7338248], [9.9415308, 50.7390812], [9.9409998, 50.7429988], [9.9388441, 50.7434377], [9.9406488, 50.7456195], [9.9393249, 50.7556483], [9.9326868, 50.7578231], [9.9268067, 50.7561562], [9.9200707, 50.7591538], [9.9255378, 50.7678329], [9.9285443, 50.7695267], [9.9278244, 50.7730893], [9.9255827, 50.7739702], [9.9295561, 50.7770719], [9.937345, 50.7740163], [9.9415683, 50.7750802], [9.9451308, 50.7791817], [9.9485283, 50.7790057], [9.9436271, 50.7712086], [9.9493622, 50.7714416], [9.9517839, 50.7735624], [9.9514139, 50.7783268], [9.9538295, 50.7790708], [9.9493811, 50.7803866], [9.9546243, 50.78593], [9.9492421, 50.7881997], [9.9434118, 50.7970337], [9.9461604, 50.8020311], [9.9565498, 50.8095543], [9.954514, 50.8109612], [9.9571756, 50.812384], [9.9557738, 50.8144138], [9.9571836, 50.8154667], [9.9498797, 50.8155506], [9.9521033, 50.821467], [9.9619388, 50.8242257], [9.9766765, 50.8332968], [9.9841734, 50.831916], [9.9840215, 50.8300012], [9.9889618, 50.8282114], [9.9915624, 50.8292563], [9.9961168, 50.8258347], [10.0017209, 50.8288754], [10.0051733, 50.8375724], [10.0084628, 50.8347727], [10.0244385, 50.8314162], [10.0286079, 50.8362037], [10.0279149, 50.8406402], [10.0261922, 50.8408911], [10.034228, 50.842376], [10.033838, 50.8445648], [10.0377534, 50.8452177], [10.0357627, 50.8469225], [10.0387472, 50.8530418], [10.0358956, 50.8537587], [10.0218937, 50.8478233], [10.0184364, 50.8585635], [10.0218285, 50.8645505], [10.0244811, 50.8674192], [10.0559593, 50.8800149], [10.0588449, 50.8824606], [10.0568402, 50.8832385], [10.0572771, 50.8853523], [10.0600067, 50.8856493], [10.0561772, 50.8873771], [10.0586768, 50.8899638], [10.0529306, 50.8927644], [10.0532806, 50.8898988], [10.0495282, 50.8909026], [10.0479024, 50.8888429], [10.0413793, 50.8928894], [10.0509588, 50.8997596], [10.0404154, 50.9013584], [10.0372408, 50.9033082], [10.0393355, 50.9045321], [10.0340632, 50.9084116], [10.0346831, 50.9099454], [10.0252845, 50.9116082], [10.0244646, 50.9140419], [10.0151459, 50.9169035], [10.0139111, 50.9203022], [10.0036276, 50.921237], [9.9987453, 50.9195352], [9.9862452, 50.9104791], [9.9852644, 50.9070805], [9.9800902, 50.9049937], [9.9714185, 50.9071454], [9.9682479, 50.910968], [9.9689518, 50.9127758], [9.9734601, 50.9166554], [9.9818008, 50.9198251], [9.9856442, 50.9245446], [9.9853602, 50.9279732], [9.9877468, 50.9278322], [9.9868919, 50.9301329], [9.9890686, 50.9314378], [9.9871849, 50.9332416], [9.9917902, 50.9349694], [9.9820726, 50.9319137], [9.972761, 50.9318727], [9.9662179, 50.9339554], [9.9636983, 50.9320436], [9.966048, 50.928763], [9.9606709, 50.9241135], [9.9542998, 50.9218317], [9.9497535, 50.9241934], [9.9495835, 50.9273331], [9.953001, 50.9274091], [9.9566293, 50.9337944], [9.9551985, 50.937266], [9.9504412, 50.9409016], [9.9500412, 50.9444032], [9.9684935, 50.9413246], [9.9751865, 50.9433354], [9.9821475, 50.9390939], [9.9876717, 50.9415467], [9.9918701, 50.9408178], [9.9896874, 50.9429385], [9.9910172, 50.9434195], [9.9983838, 50.9393898], [9.999351, 50.9366863], [10.0034581, 50.9405976], [10.013384, 50.9346565], [10.0173934, 50.9371133], [10.0162861, 50.9395619], [10.0239883, 50.9411459], [10.0247573, 50.9437985], [10.0273748, 50.9434536], [10.0295676, 50.9371023], [10.0340569, 50.9390781], [10.0493616, 50.9384063], [10.0625226, 50.9431298], [10.0646423, 50.9452846], [10.0618137, 50.9478823], [10.0476628, 50.9458914], [10.04785, 50.9475722], [10.0425868, 50.9485409], [10.0456777, 50.9507483], [10.0435297, 50.9521141], [10.0426754, 50.9565462], [10.0320249, 50.9591439], [10.0413615, 50.967463], [10.0333456, 50.9715715], [10.0333486, 50.9739982], [10.0252118, 50.976001], [10.0195615, 50.9803644], [10.0242108, 50.9850949], [10.0211012, 50.9938799], [10.028362, 51.002692], [10.027785, 51.0069455], [10.0382374, 51.0128779], [10.0575975, 51.012755], [10.0652045, 51.0093944], [10.0744981, 51.0113282], [10.1006213, 51.0058929], [10.1035109, 51.0032953], [10.1068813, 51.0065339], [10.1064744, 51.0090326], [10.11573, 51.0121063], [10.1215741, 51.0119274], [10.1284161, 51.0091887], [10.1332355, 51.0045113], [10.1274844, 51.0014106], [10.1318098, 50.9988199], [10.1313199, 50.9969891], [10.1452418, 50.9934226], [10.1652898, 50.9972562], [10.1693842, 51.0022957], [10.1735616, 51.0002009], [10.1696062, 50.9985871], [10.1700601, 50.9966453], [10.1751754, 50.9985911], [10.177726, 50.9959854], [10.1809305, 50.9983772], [10.191395, 50.9995751], [10.1923378, 51.0019408], [10.1957733, 51.0019668], [10.1959022, 51.0047175], [10.2052808, 51.0072583], [10.2027788, 51.0086544], [10.2015325, 51.0139129], [10.194423, 51.0158221], [10.1926994, 51.0186519], [10.1949522, 51.0209487], [10.2084182, 51.018916], [10.214669, 51.0253231], [10.2016571, 51.0309666], [10.2050115, 51.0349722], [10.1983875, 51.0386227], [10.1988874, 51.0401946], [10.1843664, 51.0457329], [10.1846963, 51.0491855], [10.1716043, 51.0492654], [10.1541528, 51.0550257], [10.146171, 51.0550606], [10.1404338, 51.0587412], [10.1409137, 51.060466], [10.1470547, 51.0622658], [10.1440052, 51.0658904], [10.1548655, 51.0704759], [10.1508971, 51.0728487], [10.1520739, 51.0743815], [10.1496582, 51.0753014], [10.151183, 51.0766442], [10.1470586, 51.078811], [10.1480373, 51.0837434], [10.14362, 51.0849943], [10.1524126, 51.0901937], [10.1573338, 51.096976], [10.1654886, 51.0995167], [10.1638888, 51.1035643], [10.1593664, 51.1044221], [10.1603882, 51.1081187], [10.1676002, 51.1079088], [10.1720465, 51.1052391], [10.1750921, 51.10657], [10.1754459, 51.1097472], [10.1732563, 51.1113844], [10.174511, 51.1168088], [10.1700857, 51.1189416], [10.1521313, 51.1181406], [10.1467201, 51.12276], [10.1465271, 51.1259027], [10.1397631, 51.1245908], [10.1393871, 51.1278524], [10.1355046, 51.1297142], [10.1316132, 51.1348146], [10.1208717, 51.1367063], [10.1180421, 51.1401049], [10.1277556, 51.1437406], [10.125374, 51.1462313], [10.1464708, 51.1446026], [10.1524899, 51.1489091], [10.1579991, 51.1480242], [10.1659919, 51.1520908], [10.1648486, 51.1540377], [10.1664048, 51.1538456], [10.1762904, 51.1474714], [10.1772023, 51.1416202], [10.1851134, 51.1412133], [10.1860538, 51.1384017], [10.1835019, 51.1378846], [10.1855511, 51.1324431], [10.1797671, 51.1311602], [10.181569, 51.1295024], [10.1790722, 51.1275586], [10.1897397, 51.1216994], [10.188556, 51.1170449], [10.1906517, 51.1148101], [10.1994584, 51.1128034], [10.2091769, 51.1180909], [10.2064172, 51.1221914], [10.2089841, 51.1226537], [10.2094308, 51.1258491], [10.2054553, 51.1271808], [10.2036005, 51.1355929], [10.2105304, 51.1422871], [10.2003248, 51.1498632], [10.2077836, 51.1552797], [10.2071526, 51.1648776], [10.2295172, 51.1745066], [10.2333046, 51.1784922], [10.2364858, 51.186174], [10.2300939, 51.1881671], [10.2202394, 51.1856753], [10.2145253, 51.1870301], [10.2112537, 51.1904207], [10.1968408, 51.1922145], [10.19553, 51.1943772], [10.1970527, 51.1967839], [10.1886339, 51.2036961], [10.1686136, 51.2120315], [10.164577, 51.2124295], [10.1590253, 51.2075337], [10.1495113, 51.2062934], [10.1441034, 51.2128209], [10.1430115, 51.2166665], [10.1457421, 51.2179403], [10.1402939, 51.2196231], [10.1367093, 51.218057], [10.1266888, 51.2187026], [10.1134469, 51.2151895], [10.1115097, 51.219469], [10.1059859, 51.2217454], [10.0969792, 51.220355], [10.0931028, 51.2217396], [10.0905522, 51.2266531], [10.0809526, 51.2236721], [10.072571, 51.2246004], [10.067465, 51.2277129], [10.0676086, 51.2302621], [10.0720365, 51.2396101], [10.0788383, 51.2427767], [10.0691866, 51.2436564], [10.0664683, 51.2455399], [10.0692073, 51.246631], [10.0680352, 51.2485765], [10.062589, 51.2524561], [10.0546422, 51.2545158], [10.0509637, 51.2546458], [10.0478982, 51.25188], [10.0471421, 51.2534438], [10.0502408, 51.2584903], [10.0473932, 51.2592002], [10.0466832, 51.2644526], [10.0571655, 51.2675699], [10.0602949, 51.2734934], [10.0600993, 51.2758629], [10.0542039, 51.278991], [10.0495326, 51.2776482], [10.0414798, 51.2803598], [10.0300935, 51.2778011], [10.026372, 51.2806007], [10.0209558, 51.2807537], [10.0202849, 51.2827634], [10.0126381, 51.2831794], [10.0043742, 51.2869139], [9.9955776, 51.284018], [9.9916, 51.2855468], [9.9832434, 51.2832362], [9.9726857, 51.2844606], [9.9770947, 51.2921993], [9.9708229, 51.2948955], [9.9700432, 51.2997653], [9.9593627, 51.3048207], [9.9463997, 51.3021349], [9.9380598, 51.3074713], [9.9491051, 51.3183131], [9.9468304, 51.3207958], [9.9474352, 51.3266632], [9.9442687, 51.328521], [9.9434227, 51.3346133], [9.9297187, 51.3399006], [9.9328012, 51.345718], [9.9299016, 51.3478047], [9.9305025, 51.3509244], [9.9254884, 51.3533533], [9.9259261, 51.3591564], [9.9232484, 51.3669735], [9.92553, 51.372001], [9.9286115, 51.3724589], [9.9284705, 51.3754169], [9.9422134, 51.3782344], [9.9542665, 51.3894492], [9.9657397, 51.3954805], [9.9878884, 51.3982303], [9.9896341, 51.4022779], [10.0003995, 51.4037168], [10.0007854, 51.4077523], [10.0058216, 51.4084043], [10.0079163, 51.41106], [10.0095849, 51.4207449], [10.0174097, 51.4190021], [10.0376167, 51.4199901], [10.0421263, 51.4231789], [10.0425129, 51.4273793], [10.0518855, 51.430782], [10.0508346, 51.4330817], [10.0489339, 51.4328457], [10.0495598, 51.4351954], [10.0465012, 51.4360883], [10.0464532, 51.4364463], [10.0587224, 51.4350155], [10.0616, 51.4320749], [10.0595924, 51.4279663], [10.0654185, 51.4249527], [10.0644327, 51.4196583], [10.0718616, 51.4182195], [10.0793945, 51.4240788], [10.0804972, 51.4345807], [10.0911996, 51.4356336], [10.1170718, 51.4301593], [10.1214861, 51.4341919], [10.1303937, 51.433715], [10.1321315, 51.4355688], [10.1408532, 51.4295345], [10.1523644, 51.4300261], [10.1545996, 51.43137], [10.1412621, 51.4370037], [10.1399922, 51.4396054], [10.1424869, 51.4398754], [10.1404751, 51.442596], [10.1521193, 51.4473606], [10.1558078, 51.443645], [10.1586872, 51.4468242], [10.1677669, 51.4443636], [10.1743784, 51.4463559], [10.1796621, 51.4555048], [10.1775304, 51.4578085], [10.1859501, 51.462249], [10.1859191, 51.4654567], [10.1789662, 51.4672871], [10.1781652, 51.4701301], [10.1840373, 51.4725299], [10.1867532, 51.4773052], [10.190371, 51.4787478], [10.1898956, 51.4807039], [10.201669, 51.4864415], [10.2056424, 51.4872993], [10.2142777, 51.4800222], [10.2128569, 51.4787323], [10.2166523, 51.4784804], [10.2144867, 51.4772485], [10.2164314, 51.4769815], [10.2152216, 51.472442], [10.2167804, 51.4699203], [10.2209818, 51.4716792], [10.2243403, 51.4709003], [10.2266109, 51.473613], [10.233165, 51.4709353], [10.2377592, 51.4775766], [10.2435313, 51.4786755], [10.2448151, 51.4837179], [10.2726646, 51.4881945], [10.2730008, 51.4912602], [10.284437, 51.4945599], [10.2909781, 51.4927361], [10.2998237, 51.493926], [10.3012595, 51.4961388], [10.2990808, 51.4985327], [10.2996848, 51.5048427], [10.3084022, 51.5151317], [10.3182007, 51.5139759], [10.3416792, 51.5192404], [10.3441867, 51.523334], [10.3433681, 51.5266289], [10.3480369, 51.529158], [10.3476875, 51.5318747], [10.3610586, 51.5379991], [10.3621543, 51.5405079], [10.367887, 51.5432338], [10.3674106, 51.5486161], [10.3721111, 51.5538298], [10.3638515, 51.5563374], [10.3741675, 51.5587769], [10.3781864, 51.5626037], [10.3790043, 51.5662164], [10.3770779, 51.5712272], [10.3790109, 51.5741247], [10.3774931, 51.5768227], [10.3785076, 51.5791539], [10.3766682, 51.5830277], [10.3693572, 51.5871189], [10.3715568, 51.5880458], [10.406308, 51.5864618], [10.4295632, 51.5924406], [10.4446436, 51.5895594], [10.4514035, 51.5838663], [10.4575345, 51.5841872], [10.4624977, 51.5820242], [10.4670903, 51.5832313], [10.4956132, 51.572769], [10.5035238, 51.5622585], [10.506403, 51.5634183], [10.5097456, 51.5566891], [10.5190662, 51.5536494], [10.5346138, 51.5591649], [10.5455083, 51.5554614], [10.5597431, 51.5567923], [10.5707004, 51.5633576], [10.5764145, 51.5627317], [10.5773374, 51.5657154], [10.5856361, 51.5653295], [10.5860246, 51.5689612], [10.5912802, 51.5698513], [10.592624, 51.5749105], [10.6040903, 51.5796683], [10.612087, 51.5792811], [10.6215271, 51.5757608], [10.6278474, 51.5717241], [10.625386, 51.5694244], [10.6263547, 51.5678056], [10.6326909, 51.5661176], [10.6363592, 51.5621887], [10.6457761, 51.5627514], [10.6459984, 51.5589604], [10.6513341, 51.5582397], [10.6526045, 51.5601352], [10.6570256, 51.5582877], [10.660639, 51.5615683], [10.6578613, 51.5661498], [10.6654551, 51.5743929], [10.6661349, 51.5778155], [10.6627844, 51.5802752], [10.638129, 51.5842846], [10.6382839, 51.5891641], [10.6330266, 51.5959883], [10.6339074, 51.6011877], [10.6314165, 51.6025382], [10.6353059, 51.6056223], [10.6330533, 51.607417], [10.6453126, 51.608008], [10.6487981, 51.6065172], [10.6394544, 51.6153521], [10.6390324, 51.6208445], [10.6733221, 51.6293328], [10.6820868, 51.6287219], [10.6755158, 51.6334833], [10.6765685, 51.6383968], [10.7102021, 51.6405545], [10.7269262, 51.6449451], [10.7378183, 51.6451402], [10.7414003, 51.6426805], [10.7535276, 51.6408548], [10.7562225, 51.6412659], [10.7557836, 51.6445486], [10.7632477, 51.6489423], [10.7709234, 51.645041], [10.7869808, 51.6415987], [10.8150531, 51.6393409], [10.8144018, 51.6368042], [10.818826, 51.6317582], [10.817501, 51.6283847], [10.8186548, 51.6245662], [10.8233244, 51.6238361], [10.8309262, 51.6270103], [10.8331088, 51.6309424], [10.8592205, 51.6328412], [10.877167, 51.6220046], [10.876947, 51.619615], [10.8831679, 51.6174676], [10.8813488, 51.616868], [10.886712, 51.612087], [10.894205, 51.6106352], [10.9010339, 51.6116077], [10.9216609, 51.6174304], [10.9191584, 51.6157562], [10.9211049, 51.6134182], [10.9177598, 51.6150904], [10.9133064, 51.6106065], [10.9361236, 51.6047626], [10.9375833, 51.6021542], [10.9359888, 51.598039], [10.9294985, 51.5931283], [10.9303744, 51.5911889], [10.9098478, 51.5930166], [10.9066813, 51.5951512], [10.9021223, 51.5940491], [10.8970918, 51.5961696], [10.8943519, 51.601373], [10.8936782, 51.5983459], [10.8888048, 51.5966579], [10.8881535, 51.5879658], [10.8852844, 51.585869], [10.8827728, 51.5791397], [10.8895684, 51.5778904], [10.8915971, 51.5791243], [10.8936782, 51.5771646], [10.8927349, 51.5720841], [10.8950256, 51.5677569], [10.9005727, 51.5644483], [10.9003482, 51.5615723], [10.8957892, 51.5580539], [10.8960138, 51.5549541], [10.900191, 51.5507649], [10.9046152, 51.5497594], [10.9116445, 51.557286], [10.9107237, 51.5533902], [10.9156195, 51.5480696], [10.9285485, 51.5433146], [10.9398869, 51.5419517], [10.9474776, 51.5379219], [10.9477583, 51.5336328], [10.9397477, 51.5356297], [10.9339243, 51.5326929], [10.9328742, 51.5206097], [10.926773, 51.5207481], [10.933916, 51.5187557], [10.9310258, 51.517649], [10.9343924, 51.5177676], [10.9359486, 51.5116998], [10.9451274, 51.506244], [10.9452226, 51.5036938], [10.9409985, 51.5030611], [10.9390789, 51.5004737], [10.9445239, 51.4985732], [10.9489386, 51.5011632], [10.9501124, 51.4980474], [10.9537661, 51.4981777], [10.9518386, 51.4961649], [10.9527937, 51.4946783], [10.9594197, 51.492021], [10.9661949, 51.4851818], [10.9728725, 51.4818996], [10.96909, 51.4803306], [10.9607926, 51.4707754], [10.9632102, 51.4689161], [10.9609958, 51.4632544], [10.9639986, 51.4632076], [10.9627048, 51.4604949], [10.9696782, 51.4583656], [10.9685175, 51.4543231], [10.9723564, 51.4537107], [10.9666426, 51.4454647], [10.9694441, 51.4447963], [10.9690532, 51.4421686], [10.9712235, 51.4422282], [10.9668278, 51.4323471], [10.9801066, 51.4319294], [10.9780759, 51.4268041], [10.9913038, 51.4255695], [10.9978987, 51.4288048], [11.0079178, 51.4291634], [11.0120751, 51.4247681], [11.0011804, 51.423002], [10.9983956, 51.4240663], [10.9906701, 51.4181284], [11.0182484, 51.4167838], [11.0238628, 51.4181284], [11.0246713, 51.4210974], [11.0353164, 51.4219377], [11.0406141, 51.4242061], [11.0503682, 51.4204214], [11.0455217, 51.4257658], [11.0496484, 51.4266133], [11.051318, 51.4289959], [11.0574937, 51.4273412], [11.0612268, 51.4295922], [11.0885699, 51.423166], [11.096204, 51.4186433], [11.1035231, 51.4191391], [11.102548, 51.4169349], [11.1181687, 51.4149858], [11.1161559, 51.411112], [11.126961, 51.4134031], [11.1278256, 51.4096141], [11.12613, 51.407898], [11.1308574, 51.4087385], [11.131868, 51.4045989], [11.1360564, 51.406224], [11.1408736, 51.4045989], [11.141362, 51.4027095], [11.1485252, 51.4041525], [11.1521068, 51.4036964], [11.1529873, 51.401732], [11.175037, 51.4062822], [11.1835895, 51.4058275], [11.1835602, 51.4028808], [11.1915402, 51.4027531], [11.1970863, 51.4078222], [11.2020217, 51.4057614], [11.2079124, 51.4066689], [11.2102375, 51.4077721], [11.2096968, 51.4118006], [11.2238262, 51.4132644], [11.2313518, 51.4083663], [11.2303191, 51.4053593], [11.2482002, 51.4053299], [11.2462739, 51.3978943], [11.244382, 51.3970029], [11.248688, 51.3951553], [11.25261, 51.4005982], [11.2742083, 51.4007721], [11.2752605, 51.4048199], [11.2841207, 51.4020513], [11.3075056, 51.405674], [11.3211965, 51.410331], [11.3290339, 51.4004277], [11.3313163, 51.3905618], [11.3346473, 51.389792], [11.3399112, 51.3921913], [11.3423169, 51.3875722], [11.3470794, 51.3845202], [11.3497192, 51.3880469], [11.3576334, 51.3898176], [11.3618507, 51.3820029], [11.3654205, 51.3829326], [11.3650695, 51.3853545], [11.3687604, 51.3877232], [11.3700635, 51.3851091], [11.3781346, 51.3852472], [11.3799696, 51.3868103], [11.3934532, 51.3839137], [11.3940376, 51.3811721], [11.3969876, 51.3810299], [11.3978774, 51.3771572], [11.3963536, 51.3730573], [11.3912748, 51.3725439], [11.3899177, 51.3677943], [11.3927758, 51.365291], [11.3934133, 51.3541464], [11.3978341, 51.349395], [11.401453, 51.3493564], [11.4014324, 51.3454137], [11.3996772, 51.3445121], [11.4087524, 51.3401475], [11.4120027, 51.3424519], [11.4292527, 51.3423311], [11.4267441, 51.3358828], [11.4200123, 51.3359484], [11.4183904, 51.3318325], [11.4286769, 51.3271338], [11.426045, 51.326607], [11.4347551, 51.3220613], [11.4341735, 51.3197533], [11.4473586, 51.3161006], [11.4463371, 51.3122774], [11.4504178, 51.314334], [11.4662368, 51.3050434], [11.4752313, 51.2985405], [11.4757498, 51.2955154], [11.471996, 51.2980779], [11.4740107, 51.2949567], [11.4681123, 51.2883159], [11.462549, 51.2905505], [11.460067, 51.2940706], [11.4545829, 51.2864522], [11.4526938, 51.2812628], [11.4541941, 51.2793424], [11.4517157, 51.280825], [11.4563898, 51.2773348], [11.4456887, 51.2708222], [11.441385, 51.2729325], [11.4370814, 51.2688027], [11.441734, 51.2668742], [11.4396403, 51.2635627], [11.4295499, 51.254664], [11.4262058, 51.2557742], [11.4219312, 51.2532627], [11.4180928, 51.2477842], [11.4200411, 51.2463644], [11.4125969, 51.2411217], [11.3998209, 51.2365672], [11.4018959, 51.2428329], [11.3838669, 51.2456727], [11.3763646, 51.239192], [11.3789526, 51.2367524], [11.3766554, 51.2337847], [11.3692984, 51.2305618], [11.3651983, 51.2213836], [11.3909331, 51.2174678], [11.3886923, 51.2159014], [11.3922224, 51.2159605], [11.3900308, 51.2137517], [11.3912886, 51.2106581], [11.3883061, 51.2088952], [11.3915227, 51.2036998], [11.4003533, 51.2065186], [11.4021491, 51.2059426], [11.4012473, 51.2037869], [11.4058336, 51.203085], [11.4074663, 51.2039439], [11.4045587, 51.2077475], [11.4141383, 51.2079685], [11.4313257, 51.2124391], [11.4461825, 51.2087766], [11.4449232, 51.2046143], [11.4475973, 51.1992278], [11.4492612, 51.1992412], [11.4490093, 51.1933882], [11.4530235, 51.1919398], [11.455221, 51.1951794], [11.4684866, 51.1926718], [11.4694626, 51.1834001], [11.46688, 51.1810351], [11.4699118, 51.1803594], [11.4717084, 51.1745869], [11.4708945, 51.1698115], [11.4852796, 51.1682796], [11.485437, 51.1669682], [11.4847679, 51.1651805], [11.4752118, 51.1656735], [11.4725843, 51.1610259], [11.477893, 51.1599898], [11.4792093, 51.1577161], [11.4720004, 51.1479118], [11.4514289, 51.1465311], [11.4594689, 51.1363017], [11.4600303, 51.1301151], [11.4634664, 51.1300446], [11.4627926, 51.1267325], [11.4657571, 51.1273949], [11.4639333, 51.1182589], [11.4655549, 51.1182327], [11.4632867, 51.1127486], [11.4765818, 51.1078137], [11.4838806, 51.1078137], [11.4854077, 51.1025117], [11.5105381, 51.1030476], [11.5122, 51.107997], [11.5456424, 51.1024462], [11.5472253, 51.108019], [11.5490458, 51.1087368], [11.547376, 51.1090668], [11.5477224, 51.111725], [11.5556215, 51.1114969], [11.5543512, 51.1093992], [11.5581853, 51.1088246], [11.5718473, 51.1205694], [11.5981238, 51.1155401], [11.6139944, 51.108446], [11.6200795, 51.1050284], [11.6153778, 51.0976786], [11.61792, 51.0970713], [11.6213782, 51.0971421], [11.6202318, 51.0988413], [11.6242199, 51.1041965], [11.6358432, 51.1068293], [11.6382353, 51.1107172], [11.6480511, 51.1090693], [11.6475464, 51.1069222], [11.6535093, 51.1098828], [11.662789, 51.1109706], [11.6616003, 51.1094846], [11.6635604, 51.1090008], [11.6681677, 51.1104123], [11.6689687, 51.1093251], [11.6662214, 51.1078894], [11.6709855, 51.1029138], [11.6756066, 51.1040107], [11.6899519, 51.0981501], [11.6890535, 51.100336], [11.6927928, 51.0997437], [11.6935002, 51.0973885], [11.69158, 51.0973321], [11.6947242, 51.0943209], [11.6935339, 51.0922968], [11.6971159, 51.0914223], [11.6955776, 51.0897367], [11.6966668, 51.0876278], [11.701484, 51.0859773], [11.6974079, 51.0844396], [11.7015626, 51.0784718], [11.6995414, 51.0764753], [11.7019444, 51.073625], [11.701192, 51.0690882], [11.7101976, 51.0681003], [11.7134316, 51.0702524], [11.7204609, 51.070965], [11.7238745, 51.0680227], [11.7323883, 51.0681365], [11.7374451, 51.062324], [11.7521818, 51.0576576], [11.7488414, 51.054373], [11.7455609, 51.054167], [11.7459948, 51.0518552], [11.7511221, 51.0516573], [11.751727, 51.0483796], [11.7598389, 51.0477658], [11.759571, 51.0426583], [11.7722259, 51.0450536], [11.7706696, 51.0479089], [11.7747667, 51.05308], [11.7869944, 51.0524411], [11.786772, 51.0501052], [11.7975341, 51.0503384], [11.7985105, 51.0483192], [11.8032688, 51.048608], [11.8040284, 51.0457796], [11.8320939, 51.0521416], [11.8471165, 51.0530401], [11.8526745, 51.0516026], [11.8605511, 51.054178], [11.8636953, 51.0513231], [11.8773205, 51.0572723], [11.8896752, 51.055296], [11.8962814, 51.0503448], [11.8943757, 51.0485878], [11.8965376, 51.0453907], [11.9036166, 51.0441462], [11.9049318, 51.0446593], [11.9035378, 51.0463902], [11.9053581, 51.0444016], [11.90997, 51.044754], [11.9100971, 51.0408801], [11.9152451, 51.037344], [11.9129535, 51.0363181], [11.9144824, 51.0311987], [11.9109009, 51.0292379], [11.9119918, 51.0278761], [11.9236501, 51.0262703], [11.9431506, 51.0326558], [11.9538944, 51.0258204], [11.9581821, 51.020946], [11.9626285, 51.0203866], [11.9630096, 51.0222445], [11.9646612, 51.0219249], [11.9674243, 51.0197473], [11.9693299, 51.0204465], [11.9682328, 51.0183979], [11.970132, 51.0171176], [11.9720677, 51.01839], [11.9770878, 51.0162035], [11.9806829, 51.0121363], [11.9767575, 51.0121063], [11.9748098, 51.0097375], [11.9752098, 51.0064599], [11.9786084, 51.0031723], [11.9762968, 50.9998187], [11.9687699, 50.9988307], [11.9702668, 50.9941732], [11.9727924, 50.9941963], [11.9746061, 50.9902301], [11.9956387, 50.9934037], [11.9977921, 50.9930331], [11.9989558, 50.9886155], [12.0065354, 50.9910363], [12.0084543, 50.9839119], [12.0152478, 50.9837454], [12.0173579, 50.9791518], [12.0174102, 50.9766586], [12.0106068, 50.9741015], [12.0108722, 50.9699089], [12.0140837, 50.9695924], [12.0142873, 50.9681117], [12.036853, 50.9726489], [12.0557401, 50.9682223], [12.0718648, 50.9739216], [12.0910308, 50.9765857], [12.0943901, 50.9744589], [12.104833, 50.9739216], [12.1179933, 50.9680951], [12.1327154, 50.965718], [12.1319396, 50.9607402], [12.1516478, 50.9642988], [12.1583422, 50.963141], [12.1635465, 50.9585932], [12.1660711, 50.9590565], [12.1625497, 50.9659311], [12.1828067, 50.9759861], [12.1987168, 50.9567661], [12.2135266, 50.9602108], [12.2131737, 50.9567092], [12.2156954, 50.9544315], [12.2104792, 50.949537], [12.212064, 50.9478392], [12.210811, 50.9439133], [12.2148217, 50.9432127], [12.2144629, 50.9378508], [12.2260101, 50.9426019], [12.2292055, 50.9466495], [12.2384871, 50.951387], [12.2421385, 50.9563005], [12.241739, 50.9614234], [12.2394531, 50.9626856], [12.2324488, 50.96137], [12.2364474, 50.9650237], [12.2395023, 50.9747889], [12.2651792, 50.9916281], [12.2757361, 51.0044537], [12.2808281, 51.007819], [12.2851353, 51.0073799], [12.2821279, 51.0108417], [12.288416, 51.0147291], [12.2873462, 51.016379], [12.2931843, 51.0213732], [12.2918501, 51.0240953], [12.2947341, 51.0252571], [12.2942392, 51.0314888], [12.2895402, 51.0305828], [12.2866424, 51.0382154], [12.2825783, 51.0376018], [12.2812799, 51.0405861], [12.2733544, 51.0406056], [12.2616477, 51.0374696], [12.255717, 51.037737], [12.2559181, 51.0390109], [12.2508689, 51.0379267], [12.2508572, 51.0446476], [12.2568155, 51.0453614], [12.2563216, 51.0492801], [12.2623821, 51.0496155], [12.2605465, 51.0535789], [12.2630396, 51.0539037], [12.259461, 51.0573822], [12.2606915, 51.0620636], [12.258383, 51.0662482], [12.2694882, 51.0716724], [12.266124, 51.0779949], [12.2732149, 51.0749288], [12.2780758, 51.0817477], [12.2882565, 51.0882536], [12.2828025, 51.0902616], [12.282405, 51.0922185], [12.2915695, 51.0902838], [12.2939732, 51.0931818], [12.3046479, 51.0975065], [12.30746, 51.0941438], [12.3210188, 51.0943942], [12.3318072, 51.1034297], [12.3347835, 51.1034229], [12.3455463, 51.0972559], [12.356413, 51.0942858], [12.3545325, 51.0859697], [12.3527018, 51.0850998], [12.3607047, 51.0799085], [12.3753342, 51.0770343], [12.3865049, 51.0805836], [12.3865518, 51.0837302], [12.394039, 51.083868], [12.3977822, 51.0788169], [12.4105674, 51.072827], [12.4128245, 51.0757951], [12.4243319, 51.078441], [12.450502, 51.0772381], [12.4492396, 51.0785537], [12.4529252, 51.0834174], [12.4592433, 51.0846126], [12.460305, 51.0722358], [12.4629651, 51.0668858], [12.4679507, 51.0678353], [12.4693275, 51.0642906], [12.49606, 51.066385], [12.5046158, 51.0604188], [12.5066057, 51.0546624], [12.508916, 51.0531444], [12.5018233, 51.0516087], [12.5049215, 51.0458216], [12.5037207, 51.0421559], [12.5054153, 51.0395173], [12.5028643, 51.0346776], [12.5125697, 51.0264764], [12.509137, 51.0255982], [12.5072456, 51.0174458], [12.5162657, 51.017784], [12.5145576, 51.0269107], [12.5182457, 51.0272672], [12.5191696, 51.0228657], [12.5312157, 51.025368], [12.5390796, 51.0241247], [12.537943, 51.021801], [12.5392773, 51.0206003], [12.5365716, 51.0199863], [12.5349778, 51.0156999], [12.5401669, 51.0056916], [12.5259401, 51.0014428], [12.5279478, 50.9983886], [12.5386236, 50.9962508], [12.5556654, 50.9976275], [12.5562175, 50.9959164], [12.5664572, 50.9940938], [12.5648114, 50.9916876], [12.572624, 50.9901402], [12.5761865, 50.9850911], [12.5833012, 50.9814187], [12.5842074, 50.9826516], [12.5791313, 50.9854558], [12.5813116, 50.989373], [12.5916574, 50.9915402], [12.5914679, 50.9930448], [12.5931554, 50.9930776], [12.5924263, 50.9914909], [12.601218, 50.9928284], [12.6012493, 50.9952018], [12.6075198, 50.9969911], [12.6071089, 50.9899419], [12.6088118, 50.9872551], [12.6160098, 50.9856551], [12.6179682, 50.983629], [12.6176974, 50.9786183], [12.6212182, 50.9770377], [12.6238641, 50.9571211], [12.6296767, 50.9465952], [12.62976, 50.9425194], [12.6257389, 50.9423849], [12.6242189, 50.9397789], [12.6316768, 50.9401345], [12.6377516, 50.9330638], [12.6427198, 50.9332382], [12.6420006, 50.9286982], [12.6450325, 50.9261455], [12.6527449, 50.9242066], [12.6539178, 50.9190169], [12.6463318, 50.9161891], [12.6411929, 50.9117477], [12.6407945, 50.9024886], [12.6262659, 50.9051263], [12.6237154, 50.9088576], [12.6201728, 50.909316], [12.6150157, 50.9048196], [12.6101027, 50.906243], [12.5916352, 50.9025745], [12.584692, 50.9040564], [12.5748796, 50.9013532], [12.569836, 50.9046388], [12.5659865, 50.9022741], [12.5603484, 50.9062111], [12.5351834, 50.8999763], [12.5251758, 50.902773], [12.5234518, 50.9088005], [12.5072925, 50.9046613], [12.5135157, 50.8961693], [12.5104422, 50.8934156], [12.485265, 50.8928197], [12.4804234, 50.8883258], [12.45927, 50.8803283], [12.4646321, 50.8734015], [12.4614175, 50.8714711], [12.4641164, 50.8701917], [12.4500663, 50.8679497], [12.4505421, 50.8662071], [12.4444775, 50.8628003], [12.44834, 50.8545624], [12.4409111, 50.846134], [12.4432338, 50.8432429], [12.4405289, 50.8424319], [12.4294806, 50.8440178], [12.4202494, 50.8394675], [12.411098, 50.8470658], [12.4111934, 50.8493013], [12.4137607, 50.8499099], [12.4175452, 50.8553728], [12.4151269, 50.8572265], [12.4078165, 50.8559808], [12.4068073, 50.8506814], [12.4044057, 50.8495265], [12.3923302, 50.848667], [12.3872218, 50.850594], [12.3765374, 50.8489074], [12.3783272, 50.8538039], [12.3750873, 50.8535135], [12.3751933, 50.8487047], [12.3674119, 50.8473618], [12.3626119, 50.8424533], [12.3484282, 50.8376241], [12.3481752, 50.8330441], [12.3467024, 50.8324831], [12.3471485, 50.8234952], [12.3340285, 50.8228661], [12.3336113, 50.8204278], [12.3221313, 50.8219632], [12.3070145, 50.8186244], [12.2982438, 50.8300055], [12.2958467, 50.8285131], [12.298578, 50.8208787], [12.3025412, 50.8174131], [12.2995792, 50.8156514], [12.2956905, 50.8169269], [12.2915205, 50.8257342], [12.2912723, 50.8222795], [12.2855799, 50.8206539], [12.2852409, 50.8109294], [12.2779752, 50.8096217], [12.2768842, 50.8179306], [12.2724164, 50.816399], [12.2749481, 50.8138165], [12.2686922, 50.8123644], [12.267347, 50.8143574], [12.2598373, 50.8116211], [12.2505841, 50.818514], [12.2507096, 50.8149216], [12.2429781, 50.8090267], [12.2540621, 50.7992188], [12.2511504, 50.7982796], [12.2549227, 50.7946949], [12.2527331, 50.7885459], [12.2631277, 50.7886714], [12.2671523, 50.7870187], [12.287445, 50.7896226], [12.2878788, 50.7842445], [12.2900746, 50.783508], [12.2839207, 50.7729964], [12.2645187, 50.7604726], [12.2449996, 50.764688], [12.2412551, 50.7678396], [12.2341854, 50.7599698], [12.2287731, 50.7574787], [12.2296659, 50.7503426], [12.2263668, 50.7463932], [12.2268528, 50.7411332], [12.2297192, 50.7434295], [12.2267294, 50.7383177], [12.2314151, 50.7382449], [12.2352726, 50.7331975], [12.2380422, 50.7327705], [12.2626829, 50.7364455], [12.2714874, 50.7281583], [12.2648714, 50.7254046], [12.2643255, 50.721288], [12.2526104, 50.7150556], [12.2591796, 50.7054808], [12.2641579, 50.7026921], [12.2635851, 50.694845], [12.2757575, 50.686128], [12.2784061, 50.6875969], [12.2831575, 50.6851632], [12.2972834, 50.6865062], [12.2989582, 50.6838085], [12.3086328, 50.6824467], [12.3189186, 50.6840114], [12.322213, 50.6812574], [12.3139412, 50.670877], [12.3179388, 50.6632749], [12.3038699, 50.66189], [12.2990408, 50.651606], [12.2892953, 50.6477525], [12.2845049, 50.6483853], [12.284354, 50.6468825], [12.2813324, 50.6465165], [12.2802856, 50.6479774], [12.2807896, 50.6443078], [12.2642, 50.6434877], [12.2665104, 50.6343013], [12.265564, 50.6304578], [12.2442688, 50.6332473], [12.2418959, 50.6325523], [12.2405652, 50.6292218], [12.2339743, 50.6268524], [12.230792, 50.6290097], [12.2312252, 50.6329035], [12.2268922, 50.6295942], [12.2169761, 50.6310788], [12.2165561, 50.6339475], [12.2076414, 50.6364231], [12.2063595, 50.6398297], [12.1984606, 50.6412335], [12.2004355, 50.6354962], [12.1990877, 50.6325165], [12.1877725, 50.6229225], [12.191887, 50.6194629], [12.1890105, 50.6154383], [12.1911412, 50.6142935], [12.1841273, 50.6126116], [12.1839792, 50.6095823], [12.1828754, 50.6117457], [12.1749176, 50.6138474], [12.1727658, 50.617277], [12.1757213, 50.6247992], [12.1697661, 50.6275038], [12.1696691, 50.6292507], [12.1666135, 50.6279198], [12.1646748, 50.6301555], [12.155978, 50.6306394], [12.149628, 50.6289765], [12.1506369, 50.6270158], [12.1454787, 50.6256079], [12.1478484, 50.6229762], [12.1451598, 50.6227012], [12.1447499, 50.6205424], [12.1500242, 50.6144772], [12.1447201, 50.6096517], [12.1466339, 50.6049552], [12.1148676, 50.5967619], [12.1121014, 50.5899185], [12.1096317, 50.5887487], [12.1244021, 50.5843585], [12.1321131, 50.5878379], [12.1261583, 50.5839126], [12.1361171, 50.5821011], [12.1404392, 50.5821777], [12.1454124, 50.5853824], [12.1505896, 50.5852185], [12.1523554, 50.5832387], [12.1568837, 50.5851645], [12.1605413, 50.5799231], [12.1580867, 50.5753416], [12.1413012, 50.5725308], [12.1293369, 50.5748845], [12.1220349, 50.5671876], [12.1159817, 50.5669936], [12.1003363, 50.579444], [12.0830056, 50.5793056], [12.0778214, 50.5773218], [12.0789774, 50.5697687], [12.0744521, 50.566801], [12.0770778, 50.5630434], [12.0770408, 50.558229], [12.0727345, 50.5550363], [12.0665634, 50.5562451], [12.0598705, 50.5524005], [12.0377847, 50.5534327], [12.0306548, 50.5492496], [12.0298489, 50.5506345], [12.0338782, 50.5534192], [12.0280741, 50.554311], [12.0325074, 50.554758], [12.0174094, 50.5676975], [12.0352191, 50.581228], [12.031066, 50.5841581], [12.0362196, 50.5938678], [12.0323906, 50.5970648], [12.0326975, 50.5988179], [12.0286792, 50.5970344], [12.0219572, 50.5981299], [12.0045709, 50.6136153], [12.0131777, 50.6211726], [12.0201383, 50.6237992], [12.0217247, 50.626792], [12.0107092, 50.6353267], [12.0034149, 50.6344446], [12.0011526, 50.632874], [12.0036038, 50.6304054], [11.9995174, 50.6275094], [11.9794253, 50.6211944], [11.9888211, 50.6104972], [11.9670745, 50.6000624], [11.9627117, 50.6008034], [11.9597598, 50.6044947], [11.9565395, 50.6013076], [11.9560861, 50.5978091], [11.9436486, 50.5906837], [11.9349643, 50.5871674], [11.9238609, 50.5857944], [11.9296038, 50.5789288], [11.9304619, 50.575002], [11.9289822, 50.5747581], [11.9335306, 50.5686928], [11.9249689, 50.5632383], [11.9225494, 50.5575649], [11.9263998, 50.5583969], [11.9258509, 50.557092], [11.9208987, 50.5558111], [11.9197388, 50.5604956], [11.918136, 50.5607236], [11.9140597, 50.5556581], [11.9071417, 50.556188], [11.884837, 50.5520803], [11.8798868, 50.545732], [11.872408, 50.5404645], [11.8873582, 50.5167363], [11.8937083, 50.5183731], [11.9013282, 50.5163514], [11.9186297, 50.5174464], [11.9160119, 50.5227258], [11.9175437, 50.5260674], [11.9190855, 50.5227338], [11.9253285, 50.5263685], [11.9311557, 50.5229589], [11.9327375, 50.5211431], [11.9300441, 50.512506], [11.9341926, 50.5058188], [11.9397268, 50.5027362], [11.9439182, 50.504648], [11.9480057, 50.4982738], [11.9615119, 50.4898238], [11.9643285, 50.4860243], [11.9609431, 50.479482], [11.9460853, 50.4794019], [11.9429998, 50.4764882], [11.9430608, 50.4739625], [11.9374297, 50.4714947], [11.9389475, 50.4699989], [11.942526, 50.4717007], [11.9445617, 50.4707128], [11.9407993, 50.4674162], [11.94284, 50.4643605], [11.9483172, 50.4650585], [11.9484512, 50.4637007], [11.9428271, 50.4594021], [11.950984, 50.4560905], [11.950881, 50.4539808], [11.9462327, 50.4543207], [11.9390857, 50.4592831], [11.9358482, 50.4589291], [11.9316957, 50.4637195], [11.9283422, 50.4591], [11.9199195, 50.4599019], [11.9209273, 50.4577231], [11.9185777, 50.4540195], [11.9094471, 50.4526306], [11.9055636, 50.4547174], [11.9029591, 50.4516197], [11.8950313, 50.4492319], [11.8938515, 50.4430866], [11.8874255, 50.4425906], [11.8978221, 50.4355595], [11.9039222, 50.4363264], [11.905458, 50.4353085], [11.9046161, 50.4334617], [11.9081806, 50.4362695], [11.9089205, 50.4344387], [11.9112201, 50.4354186], [11.9161585, 50.4329009], [11.9278728, 50.4330959], [11.9247073, 50.4267136], [11.9103907, 50.4221469], [11.9059941, 50.419817], [11.9058297, 50.4170964], [11.8810785, 50.4145107], [11.8753719, 50.4080028], [11.8680533, 50.4053087], [11.8660413, 50.400795], [11.8575459, 50.3993481], [11.8522524, 50.4018442], [11.836017, 50.3956416], [11.8350017, 50.3935448], [11.8320921, 50.3951784], [11.8228523, 50.3898393], [11.8191039, 50.3912266], [11.8184513, 50.3945057], [11.8277721, 50.3999533], [11.8253235, 50.4041424], [11.8173373, 50.4005057], [11.7986534, 50.4148622], [11.7979616, 50.417075], [11.79265, 50.4183643], [11.7862254, 50.4151902], [11.7803678, 50.4188269], [11.7745629, 50.4156634], [11.7723159, 50.4112678], [11.754932, 50.415977], [11.751274, 50.4147465], [11.7510821, 50.4131951], [11.7631619, 50.4065323], [11.7609298, 50.4050597], [11.7457632, 50.4084721], [11.744526, 50.4104737], [11.7382466, 50.408561], [11.7273245, 50.4003857], [11.716989, 50.399321], [11.7138959, 50.3965961], [11.7115337, 50.4017501], [11.7074845, 50.4038336], [11.6974977, 50.3998259], [11.6952847, 50.3959593], [11.6841007, 50.3928267], [11.67291, 50.3944091], [11.6489977, 50.3923263], [11.6322771, 50.3878965], [11.6277359, 50.3887776], [11.6245136, 50.3867535], [11.6180124, 50.3885696], [11.6055348, 50.398481], [11.594447, 50.4026257], [11.5817479, 50.3990691], [11.5731878, 50.4001537], [11.5669283, 50.3954398], [11.565175, 50.3872023], [11.55965, 50.3838526], [11.5526241, 50.3825808], [11.5462059, 50.3843067], [11.5343336, 50.3811117], [11.5341152, 50.3793991], [11.5274927, 50.3759774], [11.5194652, 50.3739938], [11.5186422, 50.3773218], [11.5206774, 50.3809633], [11.5180599, 50.38933], [11.5184662, 50.3959722], [11.5059322, 50.3964683], [11.5034535, 50.3993476], [11.4969318, 50.3996069], [11.4894868, 50.3958961], [11.4781647, 50.4010185], [11.4794418, 50.4072444], [11.4860842, 50.4112391], [11.4884374, 50.4162294], [11.481024, 50.4249708], [11.4830544, 50.4298189], [11.4818616, 50.4316567], [11.4753562, 50.4335806], [11.4752304, 50.4316229], [11.4637022, 50.4322858], [11.4608802, 50.4287035], [11.4447882, 50.4237439], [11.4435947, 50.4206842], [11.4446222, 50.4246021], [11.4502612, 50.4283789], [11.4513711, 50.4313212], [11.4409934, 50.4386401], [11.4285469, 50.4403703], [11.4197676, 50.444562], [11.4193919, 50.4546358], [11.4236412, 50.4622738], [11.4154005, 50.4681056], [11.420483, 50.473448], [11.4201891, 50.4792093], [11.417573, 50.4817709], [11.4258997, 50.4845382], [11.4212936, 50.4859629], [11.422367, 50.4890479], [11.4203439, 50.4895204], [11.4187579, 50.4933775], [11.4196316, 50.4946424], [11.4354014, 50.492149], [11.4410497, 50.5001452], [11.4345468, 50.5040092], [11.430313, 50.5115514], [11.4234128, 50.5161888], [11.4087554, 50.5147761], [11.3972836, 50.516409], [11.3951514, 50.5179895], [11.3961629, 50.5195742], [11.387699, 50.5156535], [11.3790848, 50.5208503], [11.3702456, 50.5232047], [11.357835, 50.5199269], [11.3467213, 50.5214416], [11.343199, 50.5187742], [11.3462983, 50.5156456], [11.3469544, 50.5116041], [11.3214123, 50.5085679], [11.3226723, 50.4998613], [11.3250718, 50.4984186], [11.3232066, 50.4909594], [11.3201605, 50.4887724], [11.3007733, 50.4883168], [11.2995332, 50.4873452], [11.3031291, 50.4865572], [11.29767, 50.4805019], [11.2959981, 50.4815441], [11.2935552, 50.4791784], [11.2917456, 50.4751401], [11.2901062, 50.4765093], [11.2919622, 50.4788202], [11.2891437, 50.4855228], [11.2779632, 50.4832721], [11.278885, 50.4814043], [11.2727166, 50.4826951], [11.2662549, 50.4789136], [11.2569966, 50.4818313], [11.2473231, 50.4778948], [11.2450427, 50.4705262], [11.252211, 50.4635314], [11.2550888, 50.4565478], [11.2461848, 50.4491746], [11.2636926, 50.4427794], [11.264841, 50.4377691], [11.2680323, 50.4346215], [11.2667359, 50.4225327], [11.2691823, 50.4192537], [11.2606823, 50.4044847], [11.2612308, 50.4019925], [11.2584252, 50.3999276], [11.2705277, 50.3942986], [11.2645155, 50.3913734], [11.2641844, 50.3869845], [11.2722142, 50.3854929], [11.2765181, 50.3806086], [11.277066, 50.3753918], [11.2807996, 50.3712983], [11.2792147, 50.366993], [11.2841372, 50.3606746], [11.2790029, 50.3559279], [11.2622865, 50.3523598], [11.2663487, 50.3518643], [11.2770524, 50.3360317], [11.26132, 50.3378874], [11.2607435, 50.3298317], [11.2624871, 50.325197], [11.2564026, 50.3223227], [11.2618797, 50.3183671], [11.2637797, 50.3133763], [11.2668438, 50.3119457], [11.2666305, 50.3095989], [11.2704564, 50.3070848], [11.2603564, 50.3000564], [11.2513631, 50.2989543], [11.2540984, 50.2966806], [11.2519499, 50.2933843], [11.2596813, 50.2898326], [11.2572647, 50.2883442], [11.2606237, 50.2871549], [11.2598918, 50.2786166], [11.2623288, 50.2745389], [11.2584673, 50.2735951], [11.2523599, 50.2675821], [11.248055, 50.266772], [11.2355251, 50.2753887], [11.2251191, 50.2769816], [11.2191726, 50.2812556], [11.2147508, 50.2807269], [11.2162471, 50.2840483], [11.2114032, 50.2846094], [11.197841, 50.2917584], [11.190344, 50.2816383], [11.1915383, 50.2774026], [11.1893783, 50.2748383], [11.191303, 50.2740099], [11.1879882, 50.2691968], [11.1820903, 50.270461], [11.175533, 50.2691847], [11.173508, 50.2709291], [11.1762933, 50.2756899], [11.1788322, 50.2744823], [11.1838519, 50.28105], [11.1644757, 50.2829344], [11.1591396, 50.2862419], [11.158333, 50.2891158], [11.1543217, 50.2834945], [11.1517101, 50.2861049], [11.1453436, 50.2852849], [11.1409195, 50.2892614], [11.1430121, 50.293309], [11.1397895, 50.2930469], [11.1380257, 50.299353], [11.1322432, 50.3002858], [11.1311101, 50.3090426], [11.1384583, 50.3163357], [11.1523001, 50.3231106], [11.1582308, 50.3239051], [11.1591064, 50.3253821], [11.1573389, 50.3266232], [11.1595094, 50.3302269], [11.1362905, 50.3494795], [11.138986, 50.3536018], [11.1267868, 50.3562406], [11.1219483, 50.3492505], [11.1161602, 50.3498221], [11.1141369, 50.3526285], [11.1194, 50.3592301], [11.1154177, 50.3669314], [11.0897295, 50.3659559], [11.0856184, 50.362087], [11.0865447, 50.359151], [11.0819548, 50.3539598], [11.0859957, 50.352271], [11.0732989, 50.3537968], [11.0644628, 50.3491913], [11.0587122, 50.3492976], [11.0430217, 50.3447614], [11.0411629, 50.3466868], [11.0368724, 50.3452292], [11.0350578, 50.3486586], [11.0300725, 50.3513558], [11.0433781, 50.3524012], [11.0321497, 50.3551021], [11.031496, 50.3539727], [11.033215, 50.3574277], [11.0363745, 50.3586514], [11.0333529, 50.3613436], [11.0242563, 50.3604272], [11.0198955, 50.3622696], [11.019337, 50.3608313], [11.0080955, 50.3651116], [10.9933577, 50.3653943], [10.9931001, 50.3552839], [10.9942227, 50.3535767], [10.9977264, 50.3538383], [10.9989009, 50.3502676], [10.9961055, 50.3467059], [10.9926328, 50.349153], [10.9858687, 50.347333], [10.9825881, 50.3519565], [10.9617317, 50.3677919], [10.9564645, 50.3686002], [10.9628396, 50.3718765], [10.9625309, 50.3770461], [10.9607043, 50.3775337], [10.9597267, 50.3752774], [10.9486403, 50.3815292], [10.9496106, 50.3836918]], [[11.439615, 51.1993923], [11.4438274, 51.1983813], [11.4455993, 51.1942559], [11.4478215, 51.1962274], [11.4473154, 51.1988623], [11.439615, 51.1993923]], [[11.4182203, 51.3316953], [11.4198682, 51.3359001], [11.4136735, 51.3327324], [11.4182203, 51.3316953]]]}}, {"type": "Feature", "properties": {"name": "Niederrhein", "verband": "Niederrhein"}, "geometry": {"type": "MultiPolygon", "coordinates": [[[[6.8532573, 51.0841766], [6.8430613, 51.0837677], [6.8441836, 51.0817313], [6.8366099, 51.0800737], [6.8379001, 51.0777372], [6.8245345, 51.0744014], [6.8314111, 51.065924], [6.8337265, 51.05979], [6.8164612, 51.0538313], [6.8131777, 51.0491087], [6.8138036, 51.0458912], [6.8062692, 51.0469394], [6.8008082, 51.0560063], [6.8007167, 51.059582], [6.7920991, 51.0644955], [6.7901494, 51.0678232], [6.7868151, 51.0687426], [6.773835, 51.0640918], [6.7734516, 51.065483], [6.765354, 51.0644418], [6.7533497, 51.0659186], [6.7523985, 51.0607388], [6.7581914, 51.0567368], [6.7620169, 51.0426255], [6.7511113, 51.039952], [6.7437516, 51.04637], [6.7416253, 51.0445956], [6.7437828, 51.0434476], [6.7391342, 51.0381653], [6.7434482, 51.0370874], [6.7293051, 51.0313973], [6.7156666, 51.0150105], [6.6773412, 51.0202631], [6.673557, 51.0158979], [6.6586014, 51.0210842], [6.6573317, 51.0195582], [6.6502208, 51.0219049], [6.6462977, 51.0207891], [6.6396249, 51.0228312], [6.643684, 51.0240484], [6.6372826, 51.0267424], [6.6339014, 51.0247542], [6.6218872, 51.0247652], [6.607988, 51.0213176], [6.5923047, 51.0226479], [6.5815051, 51.0183992], [6.5811212, 51.0243269], [6.5655701, 51.021903], [6.5477769, 51.026362], [6.5612461, 51.0352309], [6.5572736, 51.0388923], [6.5584352, 51.0483568], [6.5539481, 51.0556247], [6.5377529, 51.0521305], [6.5347935, 51.0594769], [6.5258714, 51.0583154], [6.5223229, 51.0560346], [6.5186195, 51.0583114], [6.4920234, 51.0474096], [6.4845295, 51.0423432], [6.4804881, 51.0343171], [6.4590455, 51.0430246], [6.4772406, 51.0561446], [6.4732132, 51.0591203], [6.4713895, 51.0578544], [6.4598352, 51.061371], [6.4520763, 51.0598302], [6.4503046, 51.0632708], [6.4472722, 51.0624461], [6.4450554, 51.0652666], [6.4462872, 51.0655175], [6.4442255, 51.0678033], [6.447219, 51.0680123], [6.4522223, 51.0743456], [6.4503096, 51.0749515], [6.4506455, 51.0771032], [6.4527512, 51.0766223], [6.454411, 51.0786171], [6.454559, 51.0817117], [6.4515359, 51.0807832], [6.4504534, 51.0901144], [6.4234251, 51.085784], [6.4183863, 51.0861022], [6.4164746, 51.0893409], [6.4076739, 51.088299], [6.4055802, 51.0862772], [6.3977814, 51.0898438], [6.3977762, 51.091666], [6.3853069, 51.0901458], [6.3865884, 51.0927661], [6.3908521, 51.0934097], [6.3924117, 51.0990329], [6.3868736, 51.0976825], [6.3726681, 51.0988168], [6.3640568, 51.0923484], [6.3579847, 51.0989615], [6.3519691, 51.1012885], [6.3546567, 51.1025734], [6.3508059, 51.1049683], [6.353154, 51.1064989], [6.3513472, 51.1073578], [6.3555776, 51.1101845], [6.3494605, 51.1124083], [6.3516892, 51.1164898], [6.3501824, 51.1199884], [6.3557169, 51.1261024], [6.3440153, 51.1274916], [6.347201, 51.1311132], [6.3335189, 51.1344458], [6.3319661, 51.1424109], [6.3230714, 51.1446047], [6.3174443, 51.1510699], [6.3020675, 51.1519818], [6.30584, 51.1655393], [6.2941497, 51.1675721], [6.2930149, 51.1746223], [6.281646, 51.175441], [6.2767582, 51.179756], [6.267407, 51.1800997], [6.2669508, 51.1831473], [6.2647132, 51.1826935], [6.2661628, 51.1841145], [6.2629206, 51.1862284], [6.2509029, 51.1901915], [6.2485984, 51.1873622], [6.2382017, 51.1851102], [6.2283513, 51.1767909], [6.2297088, 51.1757876], [6.2112628, 51.1668334], [6.2076252, 51.1691963], [6.2076102, 51.166989], [6.1746811, 51.1845808], [6.1807243, 51.1863585], [6.1651704, 51.1944141], [6.1224059, 51.1813028], [6.1112636, 51.1738479], [6.1000891, 51.169887], [6.0821902, 51.1716335], [6.0731453, 51.1827944], [6.0679863, 51.2205478], [6.073258, 51.2224341], [6.0860218, 51.2226673], [6.0726534, 51.2425555], [6.0856172, 51.2476261], [6.1244995, 51.2747284], [6.1290121, 51.2857005], [6.1451421, 51.2981162], [6.1538213, 51.3074476], [6.1542371, 51.3111156], [6.1594196, 51.3156424], [6.1595884, 51.3196911], [6.1693772, 51.329373], [6.1685554, 51.3329883], [6.1942347, 51.3348784], [6.1898779, 51.3394613], [6.2263867, 51.360336], [6.2147426, 51.3875157], [6.2163675, 51.3888325], [6.2144248, 51.3896343], [6.2266681, 51.400268], [6.205257, 51.3995201], [6.2147615, 51.4338807], [6.2139367, 51.4462637], [6.2205935, 51.4466463], [6.2200061, 51.4553495], [6.2236759, 51.4687148], [6.2235568, 51.4749649], [6.2190321, 51.4849833], [6.2127637, 51.4913082], [6.2141949, 51.5029126], [6.2120237, 51.5133909], [6.199929, 51.5273814], [6.176902, 51.5385557], [6.1570325, 51.5665755], [6.1469858, 51.5705907], [6.13056, 51.5810876], [6.1214855, 51.5927445], [6.0914239, 51.6058486], [6.0943554, 51.6151958], [6.0939341, 51.622154], [6.0972292, 51.6208835], [6.1000122, 51.6240785], [6.1080405, 51.6419323], [6.1116826, 51.64473], [6.1094122, 51.6468665], [6.1172476, 51.6507311], [6.1157711, 51.6532274], [6.1180876, 51.6559729], [6.102838, 51.6605047], [6.0996545, 51.6581159], [6.0878884, 51.6598498], [6.0853449, 51.6629141], [6.0795451, 51.6615933], [6.0796627, 51.6634619], [6.0757244, 51.6648257], [6.0723843, 51.6638392], [6.0323495, 51.6740557], [6.0346725, 51.6751459], [6.0298231, 51.6780994], [6.0322344, 51.6847963], [6.0282478, 51.6896244], [6.0317407, 51.6921681], [6.0311117, 51.6964282], [6.0277656, 51.7005492], [6.0260539, 51.7086881], [6.03152, 51.7129896], [6.0420092, 51.7133446], [6.0449392, 51.7169134], [6.0378809, 51.7199298], [6.0383865, 51.7181138], [6.0354244, 51.7177743], [6.0350348, 51.7212268], [6.0295222, 51.7254848], [5.9941968, 51.7383094], [5.9551552, 51.7381176], [5.9523714, 51.7422808], [5.9533198, 51.7479327], [5.9519882, 51.7489494], [5.9792097, 51.7600527], [5.9905046, 51.7662793], [5.992067, 51.7702459], [5.9823598, 51.773697], [5.9845441, 51.7777936], [5.9834319, 51.778725], [5.9902267, 51.7834013], [5.9817656, 51.7841367], [5.9795388, 51.7859771], [5.9745484, 51.785062], [5.9750704, 51.7887882], [5.9726325, 51.7895653], [5.9767821, 51.7942762], [5.9743919, 51.7956231], [5.9790653, 51.7976507], [5.9565373, 51.810044], [5.9479779, 51.8113714], [5.9494219, 51.8124431], [5.9459267, 51.8151111], [5.9480612, 51.816438], [5.9528469, 51.8147896], [5.9581508, 51.8169313], [5.945479, 51.8242662], [5.9629783, 51.836914], [5.971099, 51.8333473], [5.9944263, 51.8309151], [6.0101423, 51.8351271], [6.0158291, 51.8380273], [6.0176106, 51.8414632], [6.0291532, 51.8451232], [6.0326823, 51.8423515], [6.0356706, 51.8426381], [6.0416836, 51.8470119], [6.0553047, 51.8523541], [6.0514237, 51.8566612], [6.0595962, 51.8576276], [6.0634856, 51.8654512], [6.0895559, 51.852597], [6.1010977, 51.8490107], [6.1357712, 51.8471694], [6.1665599, 51.8407216], [6.1656398, 51.8502092], [6.1635974, 51.8536799], [6.1644397, 51.8590928], [6.1670004, 51.8616216], [6.1498768, 51.8665012], [6.1445392, 51.8697445], [6.1436101, 51.8762512], [6.1371272, 51.8858027], [6.1182243, 51.8920126], [6.103448, 51.8924742], [6.1101761, 51.8949429], [6.1092228, 51.8958851], [6.1118551, 51.8988367], [6.1148213, 51.8977205], [6.1178895, 51.9016591], [6.1256727, 51.8982013], [6.1562254, 51.9052449], [6.165633, 51.8985965], [6.1697693, 51.9012871], [6.1825582, 51.8939068], [6.1910851, 51.8916571], [6.1895163, 51.8889418], [6.1914276, 51.8873509], [6.1820102, 51.8857776], [6.1847986, 51.8815723], [6.1983013, 51.8736087], [6.215057, 51.8676262], [6.2337372, 51.8702005], [6.2618415, 51.8681381], [6.2698275, 51.8740939], [6.2799068, 51.8740697], [6.2990063, 51.8678262], [6.2982225, 51.8659433], [6.3005042, 51.8645095], [6.3062031, 51.8490782], [6.3204269, 51.8516814], [6.3472071, 51.8506811], [6.3602576, 51.8457991], [6.3640421, 51.8385491], [6.3633306, 51.8351559], [6.3686308, 51.8332611], [6.3768009, 51.8349827], [6.3880686, 51.8336934], [6.4018184, 51.8272627], [6.4074912, 51.8280895], [6.404896487903157, 51.83622820209598], [6.4081413, 51.8358937], [6.408010854095297, 51.83760156282563], [6.403634869968138, 51.84436962186077], [6.409422630892543, 51.85280704032665], [6.4001535, 51.8559627], [6.387769797690328, 51.8636132018032], [6.39212752954929, 51.87339790521375], [6.4017284, 51.8692602], [6.412968011006692, 51.87025850467301], [6.4196024, 51.8669236], [6.4261255, 51.8662502], [6.428669500454411, 51.86487204677044], [6.4294362, 51.8607145], [6.4323573, 51.8594006], [6.451155791343702, 51.86523945209776], [6.4619001, 51.8563753], [6.4725106, 51.8538331], [6.501344763037342, 51.86157018712183], [6.501448331612578, 51.86796953049803], [6.516801386215119, 51.87344165704896], [6.527102068764954, 51.87402029858864], [6.5439301670011085, 51.884494231939556], [6.5495863, 51.8831495], [6.550027505661804, 51.88555079417738], [6.5561372, 51.8816991], [6.559509021810326, 51.88191230747413], [6.584948073459646, 51.89275203421172], [6.624733470363815, 51.90168235332956], [6.6341738, 51.9010054], [6.637638545898692, 51.90438495143653], [6.6747894, 51.9159378], [6.691711233835596, 51.914798350058774], [6.7219696, 51.8960633], [6.7324516, 51.8987], [6.737825862192643, 51.90383361882232], [6.74490883851862, 51.90526367730904], [6.749438683884888, 51.89443210304786], [6.744232257140236, 51.89230975131176], [6.747988032697394, 51.8910557471209], [6.747829856120617, 51.88398621347589], [6.756502200116468, 51.88341942747902], [6.754490846890116, 51.88149523159229], [6.765651967837851, 51.87385549886354], [6.760337343960248, 51.8696396216775], [6.76121257068808, 51.86608438399708], [6.759331765083161, 51.86258514688677], [6.743650183252408, 51.86303279340581], [6.753088768410757, 51.85275491200301], [6.758811065670214, 51.8526393984443], [6.76208509836319, 51.85034628202674], [6.755672796672783, 51.84942784603328], [6.757285854256088, 51.8478233693135], [6.747612860719889, 51.8453982578698], [6.744844566875631, 51.84113099877669], [6.735711563565568, 51.84092081659854], [6.732187498353001, 51.83057982269808], [6.737944749209395, 51.82920728151502], [6.736037346547079, 51.82860392043236], [6.739426830088757, 51.82623032391804], [6.745420301837957, 51.81586910199936], [6.742352476610263, 51.81357169582548], [6.746419512716595, 51.81056989755512], [6.746991014235504, 51.80157771443749], [6.748338671289655, 51.80120087376833], [6.747564507495025, 51.79370675079106], [6.760799812411802, 51.79249773950966], [6.75367847534706, 51.77736146306854], [6.762711588719095, 51.77187006728627], [6.7671476338648, 51.76374427672009], [6.770781993071419, 51.744066343300744], [6.74848108826295, 51.73170913769998], [6.702418332105358, 51.72160278116777], [6.702622763145794, 51.71328829204637], [6.717867105663551, 51.70048958816539], [6.758906272089234, 51.70084937520597], [6.759066032538952, 51.69392296248921], [6.77450389579816, 51.67096290726145], [6.776884742401688, 51.66451759700749], [6.788971263798453, 51.6572317181905], [6.790451235663973, 51.65770612873657], [6.791768681719081, 51.665568180944], [6.817807300578482, 51.66763278823245], [6.831884050261503, 51.67144195920364], [6.848871188764524, 51.67157844698345], [6.852084006503159, 51.66744842628379], [6.845399592648489, 51.66647162876469], [6.84256477199491, 51.65952274895223], [6.844332402830393, 51.6461463998425], [6.848131171370484, 51.64248305692602], [6.862999748303767, 51.63778569894932], [6.867011137034618, 51.629243384507], [6.874590357575354, 51.62237719576012], [6.865057235369174, 51.61537544760899], [6.849384402730792, 51.60777058863193], [6.851220570960406, 51.6067938738539], [6.851775327971956, 51.60828857801815], [6.852987384414854, 51.60500981107926], [6.865568354451088, 51.597044161453724], [6.859702237153737, 51.59012342658906], [6.847053862562761, 51.58368167051826], [6.842492737244108, 51.582386706800726], [6.8424425, 51.5824504], [6.845078830339947, 51.58401443264168], [6.841706533797659, 51.582163493258754], [6.838549809199669, 51.58159258026881], [6.837989847344879, 51.58110827688789], [6.835330695963193, 51.58039847742936], [6.834820944658172, 51.5802093894924], [6.857571192783729, 51.56855528191898], [6.868548447773726, 51.56792963389377], [6.862519729612018, 51.55748242505903], [6.872769238735065, 51.55157994840917], [6.897603118115789, 51.55879951594918], [6.908854729816616, 51.55905286489573], [6.9221860110276054, 51.56378408499334], [6.927246156978196, 51.563192373413685], [6.935224931097097, 51.55768543287247], [6.9568258, 51.5503639], [6.9595574, 51.5478622], [6.983494, 51.5448048], [6.99660273013639, 51.53876512182691], [6.998988940120644, 51.53332134346403], [7.0140512, 51.5324143], [7.0131974, 51.5290187], [7.0197724, 51.5180979], [7.0223478, 51.5191116], [7.025158, 51.516972], [7.0332862, 51.5162004], [7.0324485, 51.5143396], [7.0399544, 51.5138974], [7.0418351, 51.5112577], [7.050458, 51.5119889], [7.0505068, 51.5079201], [7.0521706, 51.5052644], [7.0545212, 51.5055054], [7.0575724, 51.4986385], [7.0608943, 51.4967003], [7.0670634, 51.4975823], [7.0737644, 51.4932677], [7.0709236, 51.4855408], [7.0739935, 51.4828048], [7.0848371, 51.4841556], [7.098018, 51.4827454], [7.1128546, 51.473301], [7.1139225, 51.4656639], [7.1082423, 51.4624562], [7.1095191, 51.4593856], [7.1129216, 51.4600185], [7.1160332, 51.4549371], [7.1213214, 51.4549491], [7.1289549, 51.4466492], [7.1281779, 51.4451576], [7.1338598, 51.4422024], [7.132677, 51.4395193], [7.1226599, 51.4341287], [7.1229047, 51.4317027], [7.1187244, 51.4312505], [7.118774, 51.4307743], [7.1305151, 51.429177], [7.149303066383555, 51.418422520405024], [7.143960085146417, 51.41304298882542], [7.149050812692845, 51.40775494504198], [7.147179902606531, 51.3983653209039], [7.158793742732792, 51.38663033045333], [7.15738303027792, 51.37997114410584], [7.149157575510752, 51.37551554944467], [7.153277756778376, 51.37495539692343], [7.152525196558715, 51.37281987426038], [7.160160908688957, 51.36449077396869], [7.148925130294177, 51.35070694264366], [7.1531949, 51.349335], [7.151089337684951, 51.34834608049972], [7.151485524496712, 51.34335982153101], [7.148071404794283, 51.34170134368846], [7.1495865, 51.3375213], [7.1479337, 51.3347556], [7.1540058, 51.3348166], [7.158231675279172, 51.3290369514983], [7.166068, 51.3261146], [7.167568240397283, 51.31902170081292], [7.1697795, 51.3173526], [7.166746, 51.3130231], [7.1758276, 51.3099754], [7.181986888510794, 51.30545618700751], [7.170996311446174, 51.29861088179595], [7.1822177, 51.2991607], [7.185882350212241, 51.295963240252426], [7.199205332813139, 51.294848514695225], [7.2029546, 51.2995997], [7.2084577, 51.3026405], [7.222115424350328, 51.30573537834702], [7.2209289, 51.3077047], [7.2289607, 51.3105514], [7.238236279300121, 51.31060873571656], [7.2486288, 51.3149], [7.2639355, 51.3180616], [7.267125314549203, 51.31557549413073], [7.264564083424427, 51.31264385497568], [7.265511670178119, 51.30788929099775], [7.255893039879365, 51.2876490067031], [7.258002650117712, 51.28551440226879], [7.261209791701837, 51.28651126177204], [7.2666081, 51.2846323], [7.281488262079645, 51.27445418122439], [7.281484155359701, 51.27245094638351], [7.2729343, 51.2705281], [7.2667692, 51.260631], [7.268108561880098, 51.25645138911807], [7.270243359836988, 51.2564479617888], [7.271316712658351, 51.25978358081004], [7.2751797, 51.2594625], [7.284985118946426, 51.24962354735807], [7.3047667, 51.2528031], [7.310241340820596, 51.24970336954983], [7.2995775, 51.2491289], [7.2964768, 51.2473906], [7.3070785, 51.2401253], [7.3139844, 51.2451324], [7.3244625, 51.2449281], [7.326388, 51.2484635], [7.3310783, 51.2503744], [7.3384547, 51.2475067], [7.3382205, 51.2416688], [7.3405729, 51.2389322], [7.3471618, 51.240937], [7.353133, 51.2388829], [7.356529, 51.2400507], [7.3553559, 51.2427769], [7.3640121, 51.2454685], [7.3661343, 51.2440437], [7.3732356, 51.2452731], [7.3747693, 51.2469465], [7.3752808, 51.2447612], [7.377995, 51.2451616], [7.379158, 51.2415134], [7.3860433, 51.2420244], [7.3881043, 51.2425288], [7.3867156, 51.2441552], [7.3889803, 51.2446071], [7.388085, 51.2455142], [7.3917267, 51.2462325], [7.3933498, 51.2435789], [7.3998964, 51.2422212], [7.4034735, 51.2394227], [7.3979965, 51.2359758], [7.398918, 51.2338569], [7.3950446, 51.2322825], [7.3961921, 51.2270956], [7.3989928, 51.2264166], [7.3980252, 51.2249093], [7.4036047, 51.2249093], [7.4035932, 51.2211895], [7.4103707, 51.2195724], [7.4141852, 51.2208667], [7.4146009, 51.222598], [7.4112143, 51.2244845], [7.4139032, 51.2279406], [7.4179487, 51.2259568], [7.4189236, 51.2273347], [7.417477, 51.228545], [7.423307, 51.2279513], [7.430129, 51.2244252], [7.4311355, 51.219016], [7.4292903, 51.215681], [7.4339144, 51.2146523], [7.4292048, 51.2135145], [7.430214, 51.2121673], [7.4280273, 51.2093096], [7.4305689, 51.2092149], [7.428274, 51.2061518], [7.4301443, 51.2049299], [7.4287278, 51.2034408], [7.4255096, 51.2043908], [7.424987, 51.2011228], [7.4193312, 51.2008659], [7.4172098, 51.1977275], [7.4190478, 51.1980209], [7.4224016, 51.1922726], [7.4205685, 51.1883422], [7.4266902, 51.1865411], [7.4108949, 51.1779424], [7.4080347, 51.1817102], [7.4099899, 51.1829691], [7.4078271, 51.1839519], [7.4109082, 51.1863177], [7.4046542, 51.1873555], [7.3980022, 51.1813089], [7.3954855, 51.1812096], [7.3951567, 51.1790395], [7.3900833, 51.1772231], [7.391309, 51.1744821], [7.3894391, 51.1731454], [7.3919412, 51.1726739], [7.3920317, 51.1717393], [7.3816512, 51.1698006], [7.3836648, 51.1677839], [7.3818118, 51.1655922], [7.3837749, 51.1650168], [7.3869145, 51.1556354], [7.3968949, 51.1526486], [7.3987549, 51.1474523], [7.3907068, 51.1472806], [7.3777007, 51.1413121], [7.368188, 51.1330651], [7.3672516, 51.1256897], [7.3479985, 51.1322289], [7.344123, 51.1305836], [7.3444403, 51.1271915], [7.3433872, 51.1254185], [7.3416846, 51.1278866], [7.336448, 51.129621], [7.3307226, 51.1249779], [7.3293949, 51.126085], [7.3241999, 51.124045], [7.3252689, 51.1221984], [7.3184408, 51.1204582], [7.320294, 51.1190565], [7.3245936, 51.1208086], [7.3274365, 51.1193434], [7.3339889, 51.119969], [7.3345412, 51.1154687], [7.3378888, 51.1122796], [7.3369845, 51.1084457], [7.3383212, 51.1084693], [7.3348347, 51.1069415], [7.3409509, 51.1039542], [7.3392215, 51.1022308], [7.3366057, 51.1009481], [7.3268194, 51.1055496], [7.322425, 51.1047841], [7.3195654, 51.1076967], [7.3174393, 51.1044667], [7.3114043, 51.1054292], [7.3030227, 51.1033876], [7.298924, 51.1047508], [7.2940121, 51.1013209], [7.2914886, 51.0974608], [7.292602, 51.0960664], [7.2852119, 51.0922023], [7.2817145, 51.0870976], [7.2602743, 51.0807851], [7.2577176, 51.0771202], [7.2424703, 51.0736958], [7.2368917, 51.0746864], [7.2303149, 51.0714508], [7.2186166, 51.0702374], [7.2112841, 51.0717439], [7.204754, 51.0693757], [7.2031587, 51.0668491], [7.1922271, 51.065055], [7.1872768, 51.0683342], [7.1772422, 51.0668232], [7.1712274, 51.0695691], [7.1709446, 51.0716085], [7.1683838, 51.0706777], [7.1624062, 51.0747049], [7.1551185, 51.0734655], [7.1545974, 51.0699808], [7.1499747, 51.0699246], [7.1468184, 51.0661262], [7.1418532, 51.0645591], [7.1385522, 51.0663102], [7.1358904, 51.0647105], [7.1224002, 51.0660076], [7.1146583, 51.0635151], [7.0998635, 51.0680926], [7.1010419, 51.0655667], [7.0948772, 51.0648229], [7.0910328, 51.0672877], [7.0775808, 51.0661008], [7.0723258, 51.069904], [7.0685284, 51.0688321], [7.057659, 51.0774751], [7.0709218, 51.0874502], [7.0744715, 51.0970079], [7.0489229, 51.0954055], [7.0389864, 51.0965653], [7.0388614, 51.0947005], [7.0312576, 51.0933647], [7.0307356, 51.0894091], [7.0273591, 51.0895121], [7.0269916, 51.0879578], [7.0124984, 51.081761], [7.0091129, 51.0820929], [7.0066272, 51.0846866], [7.0019929, 51.0843587], [6.9887389, 51.0914579], [6.988305, 51.0739668], [6.974354, 51.0674935], [6.9692228, 51.0706022], [6.9648404, 51.0687794], [6.9626848, 51.0708811], [6.9601241, 51.0702212], [6.9592913, 51.072495], [6.9566506, 51.072296], [6.9576145, 51.0708121], [6.9517044, 51.072155], [6.9512524, 51.0699962], [6.9482219, 51.0705912], [6.9485548, 51.072411], [6.9423108, 51.0715261], [6.9334721, 51.0800671], [6.9301486, 51.080536], [6.9237592, 51.0732731], [6.9167925, 51.0791472], [6.9045674, 51.0679474], [6.9021597, 51.0687983], [6.8977575, 51.0647647], [6.8852733, 51.0690439], [6.8609411, 51.0735116], [6.854132, 51.0784635], [6.8532573, 51.0841766]], [[6.868333825861363, 51.61937617195179], [6.864357050449309, 51.61611873384123], [6.8693109, 51.6198772], [6.8715548, 51.6223805], [6.866663453041993, 51.62814697997152], [6.869212641760556, 51.622603595808], [6.868333825861363, 51.61937617195179]], [[6.860092863714256, 51.59367054219368], [6.8606353, 51.593161], [6.8626071, 51.5946268], [6.860092863714256, 51.59367054219368]], [[6.860055495985292, 51.59176232360484], [6.860156, 51.591893], [6.860058892799872, 51.59193578516924], [6.860055495985292, 51.59176232360484]], [[6.8600577, 51.5912972], [6.860046952672317, 51.59132605120936], [6.860046283768397, 51.59129189299504], [6.8600577, 51.5912972]], [[6.850116552363983, 51.585882393802684], [6.8500676, 51.5857594], [6.8501514, 51.5858177], [6.850116552363983, 51.585882393802684]], [[6.849738241479484, 51.58574211809163], [6.8497681, 51.5857437], [6.849820514450875, 51.585772624482104], [6.849738241479484, 51.58574211809163]], [[6.8492858, 51.5852016], [6.84876795797738, 51.585382342008614], [6.8488249, 51.5851836], [6.8492858, 51.5852016]], [[6.8476336, 51.5849177], [6.8479158, 51.5849066], [6.848357452504278, 51.58523012871132], [6.8476336, 51.5849177]], [[6.846428661018521, 51.58451494284638], [6.8470765, 51.5847037], [6.8475732, 51.5847405], [6.847441119159656, 51.5848903570665], [6.846428661018521, 51.58451494284638]], [[6.840779790495112, 51.58241977297724], [6.8408215, 51.5824231], [6.840838383882925, 51.58244150769907], [6.840779790495112, 51.58241977297724]], [[6.8391936, 51.5817624], [6.839257304227051, 51.58185501956778], [6.839055959217947, 51.5817803323389], [6.8391936, 51.5817624]], [[6.836963796295652, 51.58100426219083], [6.836721024028297, 51.58091420787075], [6.8367874, 51.5808345], [6.836963796295652, 51.58100426219083]]], [[[6.8653619134546275, 51.597738655950074], [6.8640576, 51.5991496], [6.8631325, 51.5997642], [6.865025294435676, 51.59887108632988], [6.8653619134546275, 51.597738655950074]]], [[[6.841897862585203, 51.582217814028446], [6.8419306, 51.5822468], [6.842043326770671, 51.58225911323187], [6.841897862585203, 51.582217814028446]]], [[[6.838200238640069, 51.58116800975527], [6.838082373095466, 51.58113454617048], [6.8381494, 51.5811737], [6.838200238640069, 51.58116800975527]]], [[[6.770587780923302, 51.75579389273862], [6.769373307371465, 51.765840311852195], [6.77098465974063, 51.76357924954139], [6.770587780923302, 51.75579389273862]]], [[[6.7647515, 51.7705799], [6.766883680375695, 51.76933377602293], [6.769250398966072, 51.76601277789279], [6.7647515, 51.7705799]]]]}}, {"type": "Feature", "properties": {"name": "Westfalen", "verband": "Westfalen"}, "geometry": {"type": "MultiPolygon", "coordinates": [[[[6.835409131595326, 51.58037557760263], [6.837989847344879, 51.58110827688789], [6.838549809199669, 51.58159258026881], [6.841706533797659, 51.582163493258754], [6.8411416295146195, 51.5825539941024], [6.845078830339947, 51.58401443264168], [6.8424425, 51.5824504], [6.847053862562761, 51.58368167051826], [6.8600081601922, 51.58934507634902], [6.862930945945788, 51.59481064198795], [6.866742243330974, 51.59634169676729], [6.851775327971956, 51.60828857801815], [6.85122057096041, 51.6067938738539], [6.849384402730792, 51.60777058863193], [6.865057235369174, 51.61537544760899], [6.874590357575354, 51.62237719576012], [6.867240593628776, 51.629035514545144], [6.862349956890876, 51.63890281816558], [6.848131171370484, 51.64248305692602], [6.844006195273186, 51.66184305222603], [6.845399592648489, 51.66647162876469], [6.852084006503159, 51.66744842628379], [6.850508090788554, 51.67159148653582], [6.831884050261503, 51.67144195920364], [6.817807300578482, 51.66763278823245], [6.791768681719081, 51.665568180944], [6.790451235663973, 51.65770612873657], [6.788971263798453, 51.6572317181905], [6.781407587330586, 51.66224721792272], [6.761293077147259, 51.69440405133473], [6.761890283240737, 51.7008755357895], [6.717867105663551, 51.70048958816539], [6.702622763145794, 51.71328829204637], [6.702418332105358, 51.72160278116777], [6.74700968569828, 51.73077257118393], [6.771335058086949, 51.74437562418656], [6.7671476338648, 51.76374427672009], [6.756033370674923, 51.78236675159068], [6.762828829433081, 51.79148894342755], [6.7476684509510045, 51.79369324743033], [6.749124980354995, 51.80874405170292], [6.74324511945672, 51.81291285393608], [6.747267148700457, 51.81404005192589], [6.742236481803135, 51.820223181608235], [6.742652888177845, 51.82379487346434], [6.736037346547079, 51.82860392043236], [6.737944749209395, 51.82920728151502], [6.732187498353001, 51.83057982269808], [6.735019715265089, 51.83952918196034], [6.746543475486984, 51.84167344353153], [6.749138178710607, 51.8455238887399], [6.763644953716894, 51.85037516138564], [6.759097979814537, 51.85287804419752], [6.752354205894417, 51.853414055330795], [6.746810469703939, 51.86011160988785], [6.758556688950925, 51.8620971025083], [6.763446243312163, 51.8713322976467], [6.766609459280923, 51.8718988588078], [6.764455117569699, 51.87532114614543], [6.7606766683630495, 51.87684848608746], [6.760621434596303, 51.88250977824066], [6.750474951766635, 51.883813341738644], [6.747988032697394, 51.8910557471209], [6.744232257140236, 51.89230975131176], [6.750543220512288, 51.89367531397618], [6.7447726776906745, 51.90563022067681], [6.7512644, 51.9072399], [6.758814594879005, 51.91393523270106], [6.7700358, 51.9161989], [6.7889448, 51.9296566], [6.78675239494426, 51.93141359515181], [6.7939908, 51.9352935], [6.799348292198239, 51.94358160960211], [6.798555351732951, 51.95452259347803], [6.800448258213891, 51.95720032594891], [6.8138374, 51.9636331], [6.828529, 51.9641054], [6.833802520726953, 51.97089044185868], [6.829782145861701, 51.97883026495527], [6.832572361265477, 51.98810343705691], [6.8266075, 51.9935274], [6.810410027340114, 51.994766414889824], [6.80926404109874, 51.99622867056991], [6.8114106, 51.9980965], [6.757987022456689, 52.02727803039333], [6.710627289004474, 52.04071817989055], [6.689459260191077, 52.0398691872633], [6.686951301541334, 52.05333738560402], [6.698683252599473, 52.06977454200675], [6.737515775933454, 52.07292471858034], [6.743176597513118, 52.079770830119585], [6.7509235, 52.0850364], [6.745458726025109, 52.09121114228418], [6.746130058258453, 52.09390568357472], [6.758554969865232, 52.09648170688173], [6.760713398529572, 52.1186595331852], [6.852679437825746, 52.11887970494459], [6.874758977063467, 52.13063886742927], [6.881783449959205, 52.155509146753296], [6.9057201, 52.1699152], [6.905598522685709, 52.172202739708695], [6.912824000366881, 52.17726756502765], [6.9495055, 52.1805046], [6.955297719571076, 52.18324273467717], [6.985864085636879, 52.21489799844004], [6.985068135470796, 52.22507841437056], [6.9891143, 52.2268431], [7.0034762, 52.2285897], [7.0191712, 52.2250519], [7.038941994238877, 52.22636083866195], [7.0612836, 52.2347111], [7.068017210746609, 52.23924654221829], [7.105065, 52.2444963], [7.1096373, 52.2474179], [7.1093943, 52.2527283], [7.1136997, 52.2564099], [7.1197177, 52.2566649], [7.1210945, 52.2610754], [7.1556373, 52.2664878], [7.2978157, 52.2638103], [7.3173127, 52.2802325], [7.3457643, 52.2827122], [7.3618509, 52.2882715], [7.3707545, 52.3000883], [7.3863791, 52.3093423], [7.3970664, 52.3062366], [7.399646, 52.3079954], [7.4004989, 52.311593], [7.4033205, 52.3127719], [7.4126271, 52.311799], [7.426263, 52.3141488], [7.4377181, 52.3333783], [7.4802027, 52.3476491], [7.5046149, 52.3609666], [7.5161711, 52.3627174], [7.52997, 52.3699656], [7.5388856, 52.3707516], [7.5430305, 52.368], [7.549885, 52.3703316], [7.5547602, 52.3686758], [7.5605353, 52.3696187], [7.5649696, 52.3726054], [7.5599424, 52.3721394], [7.5714975, 52.3795154], [7.575435, 52.3759364], [7.5819866, 52.3764679], [7.580484, 52.3791434], [7.5719766, 52.380109], [7.581821, 52.3947729], [7.5825169, 52.4035539], [7.6026017, 52.4145667], [7.6042995, 52.420953], [7.5646045, 52.4319887], [7.5709635, 52.4320997], [7.5825227, 52.4548202], [7.6041471, 52.4749817], [7.6475647, 52.4627474], [7.6558423, 52.4623664], [7.6543619, 52.460503], [7.6581727, 52.4586957], [7.6829238, 52.4578601], [7.691438, 52.4501619], [7.7029187, 52.4332994], [7.7071908, 52.4163557], [7.7137559, 52.4009294], [7.7241273, 52.4000515], [7.8068328, 52.3713649], [7.8425904, 52.3689503], [7.8698192, 52.3773394], [7.8887343, 52.3782623], [7.891713, 52.3806587], [7.9224942, 52.3654758], [7.9286143, 52.364076], [7.9369646, 52.3650425], [7.9373343, 52.3618035], [7.942713, 52.3595471], [7.9411791, 52.3569387], [7.9442608, 52.3552245], [7.9408625, 52.3490727], [7.9423523, 52.3476718], [7.9477886, 52.349963], [7.9534352, 52.3474493], [7.9502985, 52.3454978], [7.9509837, 52.3406066], [7.9476443, 52.3387903], [7.948904, 52.334775], [7.9576131, 52.3304528], [7.9594632, 52.3262924], [7.9642811, 52.3250934], [7.9672626, 52.320374], [7.9777871, 52.3119479], [7.9909575, 52.3094103], [7.9892574, 52.3034265], [7.9488186, 52.3054213], [7.9322351, 52.301732], [7.9313702, 52.2982874], [7.932873, 52.2955897], [7.9297625, 52.2931489], [7.9317856, 52.2914566], [7.9310763, 52.2863564], [7.9349804, 52.2857766], [7.9574513, 52.2726292], [7.9459349, 52.2652624], [7.9306685, 52.266011], [7.9243225, 52.2624674], [7.9258343, 52.2585878], [7.9223768, 52.2515226], [7.9285179, 52.2433705], [7.9259228, 52.2324222], [7.9279961, 52.2297481], [7.9261658, 52.2251419], [7.9199263, 52.2215754], [7.9146551, 52.2228058], [7.9106638, 52.2145318], [7.9068974, 52.2153057], [7.905119, 52.2134423], [7.9065687, 52.2082825], [7.9004656, 52.2083817], [7.8998186, 52.2069922], [7.9022011, 52.2034764], [7.9061578, 52.2026651], [7.9037276, 52.1990412], [7.9021002, 52.1993944], [7.9088092, 52.194863], [7.9080803, 52.1895526], [7.9139454, 52.1875958], [7.9128946, 52.1851701], [7.9150153, 52.186013], [7.9241349, 52.1811225], [7.9285623, 52.1811106], [7.9337265, 52.1767321], [7.9573352, 52.1779014], [7.9573632, 52.1764466], [7.9630745, 52.1761039], [7.973862, 52.1712161], [7.9809674, 52.1717577], [7.9835559, 52.1741604], [8.0063365, 52.1760293], [8.0169379, 52.1721847], [8.0153542, 52.1683772], [8.0250127, 52.1636167], [8.023165, 52.1600461], [8.0181498, 52.1590052], [8.0151752, 52.1604011], [8.0157591, 52.1615949], [8.0120287, 52.1620219], [8.0124606, 52.1590772], [8.003518, 52.1601761], [8.0009674, 52.1572844], [8.0029981, 52.1543397], [7.9972994, 52.1544375], [8.0003014, 52.1534677], [7.997654, 52.1502464], [8.0029276, 52.149356], [8.0025891, 52.144356], [8.0045229, 52.1437419], [8.002776, 52.137456], [8.0047969, 52.1366657], [8.0077366, 52.1154061], [7.97212, 52.1161809], [7.9679576, 52.1145411], [7.9582621, 52.1052252], [7.94602, 52.1008956], [7.9386271, 52.1008956], [7.9144424, 52.0936769], [7.8998476, 52.0917503], [7.8849741, 52.0832525], [7.8888094, 52.0835514], [7.9117619, 52.0624098], [7.9209662, 52.0579084], [7.9168535, 52.0518722], [7.9810273, 52.03589], [7.9867572, 52.0393226], [7.9881596, 52.0438597], [7.9938698, 52.0496236], [8.0031926, 52.054322], [8.0189052, 52.0584875], [8.0185792, 52.0616842], [8.033059, 52.0683065], [8.0361676, 52.0662957], [8.0354467, 52.0640989], [8.0459431, 52.0629161], [8.0554254, 52.0641987], [8.0563908, 52.0676507], [8.0668319, 52.0681725], [8.0689666, 52.0656548], [8.0921981, 52.0638201], [8.0964045, 52.0570609], [8.1261545, 52.0674864], [8.1318461, 52.0720742], [8.1518203, 52.0764403], [8.1540256, 52.0749921], [8.1619326, 52.0753517], [8.1643668, 52.0732825], [8.1685821, 52.0745044], [8.1732701, 52.0719175], [8.1758985, 52.07343], [8.1799076, 52.0717382], [8.1929167, 52.0723839], [8.1962928, 52.0742817], [8.2021913, 52.0886655], [8.2070666, 52.0916062], [8.2089682, 52.0963597], [8.2196496, 52.1021351], [8.2200219, 52.1055468], [8.2226846, 52.1069693], [8.2239374, 52.1056627], [8.2261886, 52.1086463], [8.2327876, 52.1101612], [8.2467924, 52.1216889], [8.2627989, 52.1204271], [8.2679137, 52.1318856], [8.2779336, 52.1313019], [8.28821, 52.1348955], [8.2864083, 52.1327138], [8.2866753, 52.1287122], [8.2843496, 52.1275483], [8.2855885, 52.1255036], [8.2926754, 52.1249737], [8.2985955, 52.1227799], [8.2985835, 52.1205872], [8.3108727, 52.1183095], [8.315373, 52.1195453], [8.3145431, 52.122372], [8.3239237, 52.1259426], [8.3410432, 52.1221511], [8.3430398, 52.1238029], [8.3491179, 52.1196904], [8.3585836, 52.1177714], [8.3634644, 52.118391], [8.3729144, 52.1096606], [8.389148, 52.1079455], [8.4050648, 52.1113618], [8.4107618, 52.1151799], [8.408443, 52.1213841], [8.4037633, 52.1239094], [8.4053127, 52.1251864], [8.4049571, 52.1301778], [8.4109, 52.1366642], [8.4348289, 52.1478035], [8.4434653, 52.1497554], [8.4529776, 52.1552965], [8.4639381, 52.1534135], [8.464331, 52.1552269], [8.4813148, 52.1598233], [8.4865203, 52.1665607], [8.4939081, 52.1670071], [8.4942796, 52.1694915], [8.504947, 52.1765472], [8.5049918, 52.1801431], [8.5173146, 52.1851634], [8.4996249, 52.1905982], [8.4933075, 52.190468], [8.4907605, 52.192767], [8.4702547, 52.1946568], [8.4548454, 52.1994568], [8.4558206, 52.2007265], [8.4522298, 52.2025172], [8.4530046, 52.2055137], [8.449618, 52.2095763], [8.4423629, 52.2134075], [8.4510881, 52.2188201], [8.4527621, 52.2254479], [8.4612271, 52.229027], [8.4587321, 52.2351226], [8.4596613, 52.2429106], [8.4685266, 52.2476023], [8.4662624, 52.2512414], [8.4630983, 52.2513472], [8.4635674, 52.2564084], [8.4587848, 52.2580498], [8.4661358, 52.2677003], [8.4634495, 52.2720758], [8.4586471, 52.2933931], [8.4618816, 52.2988785], [8.4581151, 52.3020671], [8.4591569, 52.3046189], [8.4647621, 52.303441], [8.4707677, 52.3155232], [8.4608549, 52.3171548], [8.4596051, 52.3244983], [8.4530121, 52.3313834], [8.4458166, 52.3509417], [8.4407342, 52.3563867], [8.4419519, 52.3614795], [8.43618, 52.3617984], [8.4326795, 52.3664558], [8.4287121, 52.3664598], [8.4010273, 52.3775222], [8.3943346, 52.3837877], [8.3921744, 52.3829635], [8.3580345, 52.3912829], [8.3430562, 52.3981649], [8.3233991, 52.4006161], [8.3120876, 52.4068335], [8.3234441, 52.4091833], [8.31601, 52.4124517], [8.3163107, 52.4147975], [8.3217615, 52.4181296], [8.3219075, 52.4260919], [8.3169791, 52.4278131], [8.3183973, 52.4296766], [8.31147, 52.431709], [8.3096715, 52.4377778], [8.307607, 52.4344472], [8.3036891, 52.4340389], [8.3059344, 52.443909], [8.3083216, 52.4440536], [8.2971146, 52.4546599], [8.2971102, 52.4564474], [8.3029963, 52.4588971], [8.3065401, 52.4560743], [8.3099444, 52.4579891], [8.321665, 52.4519639], [8.3324528, 52.4548836], [8.347889, 52.4523346], [8.3633423, 52.4428414], [8.3664233, 52.4428048], [8.3680166, 52.4457568], [8.3740195, 52.4441792], [8.3857124, 52.4449901], [8.3863546, 52.447753], [8.4003909, 52.4509402], [8.4180979, 52.4445648], [8.4158665, 52.4467415], [8.4176736, 52.4491112], [8.4252631, 52.4515422], [8.4303263, 52.4477737], [8.451317, 52.4607853], [8.4545552, 52.461191], [8.4594119, 52.4735205], [8.4589647, 52.4916648], [8.4725608, 52.4989149], [8.4818907, 52.4969846], [8.4874391, 52.5024958], [8.5087993, 52.5148327], [8.5162037, 52.5094629], [8.5573385, 52.4990723], [8.6522964, 52.5314923], [8.6714489, 52.5172426], [8.6903207, 52.5185928], [8.6845177, 52.5142671], [8.6855826, 52.5120447], [8.6987666, 52.5087694], [8.6978318, 52.5073916], [8.7019788, 52.5032706], [8.6986859, 52.5015958], [8.7030791, 52.5002812], [8.697479, 52.4873532], [8.7091802, 52.4770918], [8.7111744, 52.4654902], [8.7105277, 52.4604731], [8.7048482, 52.4557264], [8.7031089, 52.443651], [8.7066549, 52.4373913], [8.7173554, 52.4316638], [8.7182737, 52.4290388], [8.7170682, 52.4251135], [8.7100035, 52.424187], [8.704834, 52.4187326], [8.7053999, 52.4128766], [8.7109178, 52.4077361], [8.7055653, 52.3953738], [8.7147914, 52.3917652], [8.7168018, 52.3953974], [8.724959, 52.4008162], [8.7359341, 52.3951075], [8.737062, 52.3914229], [8.7461846, 52.3877603], [8.7876505, 52.3988011], [8.8534638, 52.389492], [8.8560914, 52.3930467], [8.8584101, 52.3930638], [8.8582319, 52.3946628], [8.8619768, 52.3941073], [8.8668272, 52.3964047], [8.8698447, 52.3947569], [8.8673449, 52.3926102], [8.8838976, 52.3964658], [8.8893038, 52.3960008], [8.8893586, 52.4000099], [8.8918984, 52.4008595], [8.8908145, 52.4035025], [8.8925576, 52.4057506], [8.8960526, 52.4059337], [8.8977954, 52.4014592], [8.9038535, 52.4016232], [8.9031866, 52.4044689], [8.9267917, 52.4013787], [8.9367103, 52.4018621], [8.9351739, 52.4045256], [8.9466576, 52.4097156], [8.9484155, 52.4144863], [8.9396013, 52.4153777], [8.9576512, 52.4175956], [8.9614176, 52.4193314], [8.9633682, 52.4223181], [8.9624844, 52.4248208], [8.9762342, 52.4280625], [8.9785479, 52.4269716], [8.9871815, 52.432381], [8.9832322, 52.4334439], [8.9827211, 52.436661], [8.9789811, 52.4361156], [8.9882988, 52.4450944], [8.9785055, 52.4506664], [8.9871701, 52.4519461], [8.9922511, 52.4505624], [8.9912747, 52.452934], [8.9968951, 52.4542952], [8.9988864, 52.4574086], [9.0123615, 52.4574274], [9.0132627, 52.4601041], [9.0169829, 52.4601744], [9.0168357, 52.4678399], [9.0225599, 52.4701498], [9.0218179, 52.4738655], [9.0235626, 52.4774211], [9.0285448, 52.4803968], [9.0386017, 52.480017], [9.0437458, 52.4827192], [9.0450899, 52.4851509], [9.0427989, 52.4876094], [9.046074, 52.4890606], [9.0439286, 52.4890526], [9.0469622, 52.4925427], [9.0463761, 52.4947651], [9.0529378, 52.5002803], [9.0660059, 52.4965141], [9.072115, 52.4985399], [9.0874067, 52.4956093], [9.0996118, 52.4972651], [9.1129298, 52.485543], [9.1340011, 52.4839711], [9.1386122, 52.4754593], [9.126054, 52.4759756], [9.1233294, 52.4745528], [9.1255161, 52.4680565], [9.1031646, 52.4568939], [9.09473, 52.4431232], [9.1105227, 52.4352761], [9.1120585, 52.4325374], [9.1110347, 52.4288139], [9.1127364, 52.427906], [9.1055267, 52.4273286], [9.1065894, 52.4249423], [9.1104928, 52.4233635], [9.1100729, 52.4218486], [9.1122876, 52.4207658], [9.1234978, 52.4227526], [9.1255496, 52.4131712], [9.1242619, 52.4057585], [9.1173755, 52.397076], [9.1125156, 52.3976334], [9.1113629, 52.3944357], [9.1022234, 52.3883214], [9.0953249, 52.3864261], [9.0991223, 52.3823764], [9.0966806, 52.3816555], [9.1007117, 52.3802803], [9.0979362, 52.3761367], [9.0979998, 52.3712532], [9.0890696, 52.3663638], [9.0843124, 52.3550761], [9.0780634, 52.3538482], [9.0725696, 52.3482982], [9.0589075, 52.3466026], [9.0594783, 52.3393058], [9.0412711, 52.3411225], [9.0281734, 52.3456411], [9.025616, 52.3427016], [9.0273992, 52.3421606], [9.0252605, 52.3405655], [9.0251376, 52.3369339], [9.0188196, 52.3310586], [9.009833, 52.3311385], [9.0077853, 52.3258061], [8.9983147, 52.3258211], [8.9978924, 52.31837], [8.9918399, 52.3162747], [8.9878799, 52.3116529], [8.9918206, 52.3072049], [8.9901725, 52.3061345], [8.9892944, 52.299058], [8.9850851, 52.2956588], [8.9880206, 52.2873994], [8.9834473, 52.283886], [8.9633174, 52.2788475], [8.9701293, 52.2730137], [8.974562, 52.2731705], [8.976381, 52.2762215], [8.9786583, 52.2748314], [8.9778946, 52.2708546], [8.9715249, 52.2659579], [8.9717024, 52.263829], [8.9745609, 52.2625091], [9.0042675, 52.2575568], [9.0065922, 52.2529683], [9.0251523, 52.2512839], [9.0333661, 52.2485159], [9.0354408, 52.2508856], [9.0552779, 52.2381971], [9.0769856, 52.2335327], [9.0701347, 52.2268674], [9.0525285, 52.2203941], [9.0473763, 52.2205771], [9.0416953, 52.2259386], [9.0371109, 52.2241145], [9.0364861, 52.2185601], [9.0461645, 52.2106482], [9.043539, 52.203797], [9.0487013, 52.1953359], [9.0431932, 52.1902695], [9.0457222, 52.1831507], [9.0217525, 52.1834492], [9.017671, 52.1880036], [9.0196867, 52.1915403], [9.0137956, 52.1953468], [9.0074126, 52.1896134], [8.9989119, 52.1917232], [8.9938296, 52.1962286], [8.9858838, 52.1946418], [8.9937766, 52.1916012], [8.9930112, 52.1890503], [8.9961462, 52.1861368], [9.0010736, 52.1876376], [9.0015911, 52.183165], [9.008343, 52.1809133], [9.0079296, 52.1782377], [9.0109842, 52.1778108], [9.0112322, 52.1728663], [9.0219346, 52.171587], [9.0214145, 52.1685263], [9.0169283, 52.1700747], [9.0124802, 52.161248], [9.0140879, 52.1569021], [9.0172494, 52.1560862], [9.0175804, 52.1477972], [9.0116163, 52.1396093], [9.0110415, 52.1358645], [9.0180395, 52.1324539], [9.0364806, 52.1401916], [9.0396853, 52.1385121], [9.0430791, 52.1392928], [9.0438958, 52.143108], [9.0546438, 52.1458206], [9.0527716, 52.1482862], [9.062856, 52.1473587], [9.0629764, 52.1489897], [9.067472, 52.1497015], [9.0708533, 52.1494738], [9.0704688, 52.145151], [9.072177, 52.1449604], [9.0675563, 52.1401711], [9.080645, 52.1411095], [9.0878315, 52.1350539], [9.0934962, 52.1351824], [9.0966154, 52.1371977], [9.1009232, 52.1329579], [9.1068581, 52.1324082], [9.1124514, 52.1349629], [9.1137942, 52.1374567], [9.1295044, 52.1397862], [9.1271038, 52.1368416], [9.1288487, 52.135467], [9.1436724, 52.1351248], [9.1537202, 52.1287976], [9.1590863, 52.118731], [9.155527, 52.1141339], [9.1463161, 52.1130835], [9.1447882, 52.1114262], [9.1468232, 52.1090766], [9.1357801, 52.1060726], [9.1359591, 52.1003564], [9.1328219, 52.0968971], [9.1344313, 52.0942523], [9.1442001, 52.0994819], [9.1551444, 52.0975942], [9.1539289, 52.0920151], [9.1765775, 52.0860299], [9.1766565, 52.0840191], [9.1822277, 52.0804645], [9.1883389, 52.0721595], [9.194071, 52.0696768], [9.181317, 52.0679289], [9.1795103, 52.0623715], [9.174648, 52.0602578], [9.1750126, 52.0533305], [9.1723009, 52.047535], [9.1771462, 52.0411567], [9.1737938, 52.0403438], [9.1760075, 52.0341605], [9.1891056, 52.0263214], [9.1902485, 52.0201681], [9.1955167, 52.0154417], [9.1973185, 52.0104522], [9.1918033, 52.0103532], [9.1794343, 52.0025711], [9.1969837, 51.9965898], [9.1840017, 51.9914243], [9.182322, 51.985561], [9.1743503, 51.9834451], [9.175937, 51.9805485], [9.1835529, 51.9778479], [9.1878283, 51.9732364], [9.1869655, 51.9652363], [9.1991506, 51.9629896], [9.2016393, 51.9649204], [9.2012933, 51.9628446], [9.2066205, 51.9626157], [9.2089332, 51.959862], [9.2111709, 51.9604189], [9.2096921, 51.9636766], [9.2109339, 51.9640465], [9.2083172, 51.9665752], [9.2144503, 51.968693], [9.2138544, 51.9706498], [9.2170599, 51.9697689], [9.2171208, 51.9737324], [9.2240068, 51.9728656], [9.2400114, 51.9768332], [9.242628, 51.9745974], [9.2588581, 51.9776344], [9.2680721, 51.9753454], [9.2664944, 51.97007], [9.2737823, 51.9740676], [9.2775907, 51.970344], [9.2736544, 51.9683873], [9.2786976, 51.9650266], [9.2783117, 51.961471], [9.2843988, 51.9600062], [9.2862326, 51.9570126], [9.2801515, 51.9575235], [9.2792316, 51.9558597], [9.2718578, 51.9550098], [9.2714009, 51.9495464], [9.2683614, 51.9467927], [9.263917, 51.9480325], [9.2628562, 51.9466517], [9.277321, 51.943775], [9.2789608, 51.9400905], [9.2736856, 51.9400214], [9.2751764, 51.9361569], [9.2720269, 51.9336971], [9.2738627, 51.9299236], [9.279021, 51.9256901], [9.2831963, 51.926472], [9.2871338, 51.9210856], [9.2890095, 51.9229584], [9.2942617, 51.9194298], [9.311551, 51.9229747], [9.3149849, 51.9225867], [9.3190664, 51.9183222], [9.3322575, 51.9169274], [9.3327976, 51.9144109], [9.3411259, 51.9078221], [9.3419686, 51.9003076], [9.346022, 51.8944661], [9.3462093, 51.8898764], [9.3424573, 51.8866108], [9.3444136, 51.8801], [9.3397217, 51.8781584], [9.3384214, 51.8649129], [9.3352285, 51.8559105], [9.322978, 51.8549499], [9.3349387, 51.8540227], [9.3516059, 51.8621461], [9.3648144, 51.8648797], [9.3796159, 51.8611084], [9.3930194, 51.8603048], [9.4050692, 51.855658], [9.4368253, 51.8562171], [9.4437185, 51.8597791], [9.450717, 51.8593599], [9.4584942, 51.8630639], [9.4617417, 51.8576793], [9.4549863, 51.8510789], [9.4331223, 51.840879], [9.4415919, 51.8320071], [9.4427811, 51.8284127], [9.4385771, 51.8297745], [9.4378605, 51.8265963], [9.4405523, 51.8250018], [9.4280166, 51.8146431], [9.4272918, 51.8104206], [9.4305743, 51.8100547], [9.4308418, 51.8049972], [9.4400749, 51.8036264], [9.4358206, 51.7971721], [9.4481818, 51.7937126], [9.4370535, 51.7879372], [9.4397801, 51.7869603], [9.4313575, 51.7844659], [9.4220685, 51.7773139], [9.4199613, 51.7782362], [9.4139436, 51.774597], [9.4102309, 51.7703846], [9.4087539, 51.7644708], [9.4031764, 51.7597308], [9.3965239, 51.7577596], [9.384085, 51.7580605], [9.3853087, 51.7516723], [9.3753141, 51.7437309], [9.3787193, 51.7378564], [9.3939716, 51.7318723], [9.3938706, 51.7292286], [9.3873606, 51.7225373], [9.3871587, 51.7190857], [9.4017487, 51.7028006], [9.399679, 51.6976352], [9.3861841, 51.6893461], [9.3879909, 51.6857415], [9.3952749, 51.6804161], [9.3970267, 51.6735839], [9.3805442, 51.6672015], [9.3745213, 51.6498445], [9.3860176, 51.6459499], [9.4017422, 51.6475288], [9.4153953, 51.6464268], [9.4223219, 51.6475271], [9.4237799, 51.6496832], [9.4376161, 51.6515042], [9.4407105, 51.6503702], [9.4370474, 51.6484891], [9.4453811, 51.6438928], [9.4268358, 51.6307674], [9.3989831, 51.6262952], [9.3986319, 51.6245629], [9.3905071, 51.6267431], [9.3757243, 51.6264761], [9.3718945, 51.6253277], [9.3711171, 51.6194379], [9.3577481, 51.6202737], [9.3369832, 51.6145973], [9.3372992, 51.6116556], [9.3559959, 51.5980889], [9.3655142, 51.5942537], [9.3712103, 51.5939897], [9.373399, 51.5910951], [9.3688037, 51.5908471], [9.3650113, 51.5848997], [9.3532951, 51.5811041], [9.347677, 51.5762596], [9.3457374, 51.5702363], [9.3383915, 51.5655898], [9.335387, 51.5598064], [9.3297759, 51.5559958], [9.3164171, 51.5525769], [9.3197425, 51.5466229], [9.3178298, 51.5460999], [9.3187087, 51.5442421], [9.3157051, 51.5436512], [9.316588, 51.5409235], [9.3139714, 51.5376779], [9.3112388, 51.5373719], [9.3116348, 51.5331494], [9.3100791, 51.5318405], [9.3145754, 51.527137], [9.3157487, 51.5229977], [9.3106353, 51.5191958], [9.3082775, 51.5124697], [9.2866297, 51.5151553], [9.2740836, 51.5113137], [9.2728351, 51.50761], [9.2660699, 51.5038905], [9.2641752, 51.4977302], [9.2579772, 51.498996], [9.2408577, 51.4972991], [9.2360445, 51.4927976], [9.239668, 51.4906919], [9.2284205, 51.4905396], [9.2272627, 51.4885091], [9.2251783, 51.489755], [9.22314, 51.4848555], [9.2164812, 51.4811872], [9.2189602, 51.4728808], [9.2161238, 51.4599016], [9.1852904, 51.4664717], [9.1743915, 51.462802], [9.174366, 51.460647], [9.1630618, 51.4507561], [9.1615041, 51.4441258], [9.1463613, 51.441692], [9.1355296, 51.4501201], [9.1317435, 51.4463155], [9.1030078, 51.4431377], [9.0938261, 51.4446905], [9.0868222, 51.4483941], [9.0846094, 51.4549253], [9.0867111, 51.4611846], [9.0771584, 51.4646522], [9.0918901, 51.4870797], [9.0922739, 51.4943539], [9.0771411, 51.5032499], [9.0609276, 51.4990043], [9.057545, 51.5025179], [9.0393638, 51.5018839], [9.024151, 51.5108179], [9.0229766, 51.5171001], [9.0204891, 51.5189191], [9.0046434, 51.5120515], [8.997126, 51.5123246], [8.9457198, 51.5011517], [8.9269226, 51.4934075], [8.9016964, 51.4889109], [8.8906551, 51.4818757], [8.8935578, 51.4716638], [8.9110483, 51.461559], [8.9146368, 51.4553217], [8.913613, 51.4522891], [8.9216318, 51.4460368], [8.9199881, 51.4429811], [8.9212339, 51.4398195], [8.9181084, 51.4364429], [8.9187414, 51.4301336], [8.9428218, 51.4300767], [8.9437673, 51.4273433], [8.9486455, 51.4245352], [8.9491271, 51.4195851], [8.9466626, 51.418163], [8.9516636, 51.4130016], [8.9430149, 51.4120027], [8.9410172, 51.4102359], [8.9420861, 51.4060094], [8.9404254, 51.4026637], [8.943218, 51.3967854], [8.9388947, 51.3932268], [8.9393816, 51.3888853], [8.9160621, 51.3927308], [8.8902419, 51.3926347], [8.8544345, 51.3770238], [8.8382687, 51.3832506], [8.8367099, 51.388424], [8.8275203, 51.3851584], [8.8236618, 51.389569], [8.8184836, 51.3885419], [8.8037528, 51.3905827], [8.7721446, 51.3853982], [8.7573748, 51.377269], [8.7504899, 51.377456], [8.7327927, 51.3723794], [8.7127072, 51.3732432], [8.7022443, 51.3755051], [8.700849, 51.3774254], [8.6902929, 51.3758127], [8.6764675, 51.3706563], [8.6829211, 51.362615], [8.6721371, 51.3560825], [8.6601045, 51.3535566], [8.657301, 51.3486293], [8.6553251, 51.3493796], [8.6554198, 51.3413084], [8.6537682, 51.339754], [8.6376055, 51.3436602], [8.6208814, 51.3364371], [8.6205438, 51.331115], [8.6174559, 51.3272134], [8.6090366, 51.3261463], [8.6050035, 51.323774], [8.6032619, 51.3148529], [8.5922574, 51.3034367], [8.5879744, 51.3029574], [8.5854481, 51.2978959], [8.5662137, 51.2876246], [8.5564286, 51.2773534], [8.5680708, 51.2701415], [8.5791362, 51.265964], [8.5851633, 51.2567441], [8.5847024, 51.2543184], [8.5896747, 51.2492709], [8.5968397, 51.2466772], [8.6110326, 51.2467003], [8.6254944, 51.2532266], [8.6282039, 51.2572701], [8.6281499, 51.2608907], [8.6522133, 51.2633475], [8.6656533, 51.2673451], [8.680897, 51.2681461], [8.6863292, 51.2713737], [8.6852143, 51.2735895], [8.6923703, 51.2766871], [8.6961017, 51.2741584], [8.721372, 51.2747834], [8.7238946, 51.2705269], [8.721559, 51.2679322], [8.734914, 51.2635567], [8.7368388, 51.261161], [8.7272673, 51.2499992], [8.7314457, 51.2440299], [8.7308488, 51.2396924], [8.7380008, 51.2323603], [8.737127, 51.2273288], [8.7410855, 51.2187538], [8.7507361, 51.2138214], [8.7681755, 51.209087], [8.7648261, 51.2037046], [8.7579901, 51.2028996], [8.7494063, 51.1984817], [8.7500824, 51.18193], [8.7581232, 51.1772415], [8.7478008, 51.1720001], [8.7483028, 51.1687354], [8.7367765, 51.1641799], [8.7361326, 51.1604113], [8.7183723, 51.1512793], [8.713638, 51.1518402], [8.7078959, 51.1467278], [8.7084029, 51.145347], [8.6950429, 51.1367339], [8.6921507, 51.1323177], [8.6919956, 51.1288873], [8.6970619, 51.1259623], [8.6960007, 51.1233323], [8.700777, 51.1231725], [8.7026834, 51.1190609], [8.7011685, 51.1168459], [8.7127851, 51.117539], [8.7186753, 51.1155916], [8.7201034, 51.1141197], [8.7183389, 51.1120049], [8.7194632, 51.1100725], [8.7069052, 51.1076276], [8.6904155, 51.1094268], [8.6716291, 51.1001294], [8.6555519, 51.0946501], [8.601489, 51.1019983], [8.565159, 51.1017815], [8.5509341, 51.1038834], [8.5427529, 51.0963468], [8.5295895, 51.0978357], [8.5220698, 51.0904876], [8.5159018, 51.0902666], [8.5123653, 51.086574], [8.50778, 51.0857961], [8.5016967, 51.0796834], [8.5026255, 51.0746976], [8.5081569, 51.0714512], [8.5197499, 51.0686267], [8.5269251, 51.0629708], [8.5232409, 51.058519], [8.5240983, 51.0568556], [8.5215266, 51.0554529], [8.5221107, 51.0539686], [8.5186635, 51.0534687], [8.5206965, 51.0528095], [8.5205668, 51.0503225], [8.5137892, 51.0513587], [8.5037419, 51.0405952], [8.5075338, 51.0369098], [8.5141281, 51.0389778], [8.5168364, 51.043468], [8.5207724, 51.04315], [8.5256437, 51.0369566], [8.5267932, 51.0299797], [8.5312207, 51.0292668], [8.5355482, 51.0223204], [8.5341406, 51.0209471], [8.5379192, 51.020084], [8.5303974, 51.01808], [8.5306988, 51.0135794], [8.5244833, 51.0102082], [8.5143535, 51.0107605], [8.5130907, 51.0092197], [8.5150055, 51.0048862], [8.5017825, 50.9987369], [8.4970952, 50.9932815], [8.4976071, 50.9903868], [8.4871947, 50.9855723], [8.4736328, 50.9755244], [8.4736428, 50.9725907], [8.4780672, 50.9689521], [8.4660329, 50.9694671], [8.4581091, 50.9661824], [8.4616627, 50.9587553], [8.459787, 50.951892], [8.4623076, 50.9498743], [8.4494046, 50.9400053], [8.4512443, 50.9380566], [8.4506105, 50.9331661], [8.4556147, 50.9297285], [8.4547249, 50.9273108], [8.4594782, 50.9199026], [8.4561857, 50.916507], [8.4392832, 50.916149], [8.4330651, 50.9180977], [8.4253013, 50.9115675], [8.4057313, 50.9020765], [8.4052284, 50.8994598], [8.3964257, 50.8940694], [8.3883929, 50.8919716], [8.3870951, 50.8905217], [8.3889908, 50.8859133], [8.3856224, 50.8759534], [8.3720704, 50.8743315], [8.3665972, 50.8685601], [8.3692389, 50.8644366], [8.3587595, 50.860721], [8.352929, 50.8653206], [8.3385464, 50.8656494], [8.3192713, 50.8613578], [8.3053373, 50.8610758], [8.3054173, 50.8643645], [8.3017138, 50.8658673], [8.2924408, 50.8758917], [8.2917832, 50.8820604], [8.2707213, 50.8823354], [8.2615627, 50.8756941], [8.259425, 50.8713866], [8.2429535, 50.8628495], [8.2321841, 50.8548884], [8.2285167, 50.849308], [8.218854, 50.8448713], [8.2087217, 50.8367453], [8.1974824, 50.8338156], [8.1878788, 50.8287162], [8.180223, 50.8222999], [8.180079, 50.8199762], [8.173574, 50.8173904], [8.1747418, 50.8161536], [8.1705995, 50.8083644], [8.1657702, 50.803554], [8.1452781, 50.7959374], [8.1380474, 50.7901034], [8.1254062, 50.7879786], [8.1333271, 50.7867088], [8.1276379, 50.7858539], [8.1307145, 50.7811924], [8.1299026, 50.7794266], [8.1316314, 50.7768059], [8.1420019, 50.7713085], [8.1353569, 50.767158], [8.1407501, 50.7637664], [8.1397633, 50.7624505], [8.1466962, 50.7639234], [8.1529993, 50.7613447], [8.148552, 50.758724], [8.1468393, 50.7546994], [8.1512856, 50.7555153], [8.1542662, 50.7523497], [8.1529174, 50.7511168], [8.1547061, 50.7483782], [8.1575397, 50.7488091], [8.1637248, 50.7449986], [8.1596064, 50.7432477], [8.1607073, 50.7415649], [8.1648647, 50.7421259], [8.1668214, 50.7356526], [8.1661016, 50.732421], [8.1590786, 50.7261427], [8.1604474, 50.7252998], [8.1507659, 50.7133631], [8.150519, 50.7056039], [8.1424622, 50.6953961], [8.1380879, 50.6939272], [8.1318638, 50.6966169], [8.1265406, 50.6927793], [8.1258238, 50.6858559], [8.1208436, 50.6852053], [8.1202825, 50.6883975], [8.1075407, 50.6993177], [8.099055, 50.7035106], [8.0825262, 50.7029509], [8.0794008, 50.7066071], [8.0747005, 50.7052653], [8.0709327, 50.7020412], [8.071219, 50.7002257], [8.0660632, 50.6998381], [8.0603205, 50.6952785], [8.0389139, 50.6969075], [8.0430537, 50.711631], [8.0401561, 50.7268633], [8.0259531, 50.7342985], [8.0015156, 50.7541042], [7.9841031, 50.7610567], [7.9683074, 50.7745208], [7.9641173, 50.7846396], [7.9685412, 50.7847563], [7.9666106, 50.7917549], [7.9672644, 50.7983161], [7.9739354, 50.8041335], [7.9748223, 50.8113397], [7.9724278, 50.8147643], [7.9762071, 50.8207706], [7.9765062, 50.8249203], [7.9738198, 50.8286065], [7.9781794, 50.8333957], [7.9681716, 50.835776], [7.9671562, 50.8440284], [7.9576067, 50.848888], [7.953199, 50.8460052], [7.9376772, 50.8486074], [7.9261649, 50.8448525], [7.9174955, 50.8444399], [7.9058392, 50.8481444], [7.89352, 50.8595231], [7.8936789, 50.8644106], [7.8876418, 50.8663363], [7.886905, 50.8701382], [7.8817257, 50.8743894], [7.8754593, 50.8749568], [7.8706273, 50.878223], [7.8510199, 50.8776701], [7.8287614, 50.8821025], [7.8273206, 50.8867219], [7.8287664, 50.8933522], [7.8333757, 50.8971328], [7.8354744, 50.9028391], [7.8335186, 50.9073636], [7.8384738, 50.9103387], [7.8499562, 50.9246728], [7.8491592, 50.9278604], [7.8448378, 50.930595], [7.8386418, 50.9266545], [7.8357672, 50.9295921], [7.8284563, 50.9289432], [7.8193086, 50.9333307], [7.8132735, 50.9403419], [7.8116497, 50.9384421], [7.7931344, 50.9423256], [7.7860308, 50.9399883], [7.7848135, 50.9423501], [7.7882782, 50.9445505], [7.7819815, 50.9481382], [7.7917429, 50.9530816], [7.7861239, 50.9571027], [7.7843115, 50.9621077], [7.7861044, 50.9664588], [7.7838054, 50.9717227], [7.7798537, 50.9717326], [7.7828262, 50.9736264], [7.7808988, 50.9799339], [7.7680071, 50.9806841], [7.7606128, 50.9780888], [7.7488838, 50.9777512], [7.7413501, 50.9828732], [7.7432145, 50.9858249], [7.7381405, 50.9884854], [7.739975, 50.9892665], [7.7263043, 50.9973842], [7.7276801, 51.004499], [7.7240314, 51.0071825], [7.7243416, 51.0097324], [7.7268685, 51.0106858], [7.726918, 51.0140883], [7.7295175, 51.0171507], [7.7277126, 51.0175002], [7.7355154, 51.0238362], [7.7323873, 51.0246878], [7.734021, 51.0256753], [7.7292629, 51.0287027], [7.7331363, 51.0314885], [7.731442, 51.0403629], [7.7281453, 51.040431], [7.7276691, 51.0433148], [7.7245218, 51.0432474], [7.7245254, 51.0465731], [7.7204316, 51.0472316], [7.7216976, 51.0507474], [7.7178426, 51.0501393], [7.7117067, 51.0528468], [7.7042131, 51.0622541], [7.7017213, 51.0618912], [7.7055074, 51.0653545], [7.7045247, 51.0689479], [7.7136816, 51.0727601], [7.7106426, 51.075403], [7.7000441, 51.0788614], [7.6991097, 51.0813152], [7.6891677, 51.0862249], [7.6854594, 51.0820492], [7.6620173, 51.0765327], [7.6587242, 51.0772418], [7.6476625, 51.0732161], [7.6407195, 51.0724086], [7.6390602, 51.0745], [7.6352621, 51.0708631], [7.6263444, 51.0685901], [7.6177463, 51.0755082], [7.6097396, 51.0775854], [7.6102546, 51.0799058], [7.6060272, 51.0791926], [7.6006424, 51.0813425], [7.6025953, 51.084432], [7.5994202, 51.0875923], [7.6045329, 51.0910031], [7.6024199, 51.093032], [7.6068876, 51.0963531], [7.6060479, 51.0982628], [7.6020719, 51.1005235], [7.586501, 51.1027628], [7.5866311, 51.1054212], [7.5831693, 51.1051207], [7.5822727, 51.1066365], [7.5671357, 51.1038627], [7.5633325, 51.1054408], [7.5594782, 51.1035664], [7.5540732, 51.1053707], [7.546783, 51.1025991], [7.5345672, 51.1023597], [7.5349796, 51.1005774], [7.5270509, 51.1017803], [7.5231417, 51.1005172], [7.5172028, 51.1006001], [7.5107212, 51.1033763], [7.5032958, 51.1027427], [7.5006149, 51.104427], [7.50202, 51.106068], [7.496253, 51.1059678], [7.4952179, 51.1076101], [7.4982692, 51.1115455], [7.4970285, 51.1126553], [7.4994988, 51.1126917], [7.4992062, 51.1150283], [7.5045153, 51.1171568], [7.5026218, 51.1193945], [7.5050162, 51.1212075], [7.5033602, 51.1249122], [7.5043331, 51.1280779], [7.5012321, 51.1301989], [7.4945982, 51.1274015], [7.4932665, 51.1250005], [7.4860709, 51.131433], [7.4811593, 51.1318617], [7.4844383, 51.135569], [7.4836779, 51.13781], [7.4809688, 51.1380456], [7.4816368, 51.1407948], [7.4732308, 51.1389972], [7.4727506, 51.1411195], [7.4754017, 51.1430347], [7.468932, 51.146232], [7.4737511, 51.1502048], [7.4712656, 51.1553371], [7.4795186, 51.1632093], [7.4793566, 51.165121], [7.4560832, 51.1586022], [7.4552124, 51.1617205], [7.4491518, 51.1633449], [7.4473914, 51.1596924], [7.4396184, 51.1577058], [7.4474352, 51.1611216], [7.4424846, 51.162182], [7.4484356, 51.1631634], [7.4481486, 51.1649448], [7.4414978, 51.1674819], [7.439051, 51.1656973], [7.4378448, 51.1662072], [7.4405856, 51.1713179], [7.4372122, 51.1759988], [7.436757, 51.1804427], [7.4315425, 51.1791697], [7.4325778, 51.1812558], [7.4250401, 51.1839041], [7.4246917, 51.1861678], [7.4266573, 51.186615], [7.4205685, 51.1883422], [7.4224016, 51.1922726], [7.4190478, 51.1980209], [7.4172098, 51.1977275], [7.4193312, 51.2008659], [7.424987, 51.2011228], [7.4255096, 51.2043908], [7.4287278, 51.2034408], [7.4301443, 51.2049299], [7.428274, 51.2061518], [7.4305689, 51.2092149], [7.4280273, 51.2093096], [7.430214, 51.2121673], [7.4292048, 51.2135145], [7.4339144, 51.2146523], [7.429554328865837, 51.21577800319486], [7.4311355, 51.219016], [7.430129, 51.2244252], [7.4183644, 51.2287871], [7.418071604773646, 51.22619002028359], [7.4139032, 51.2279406], [7.411124781648684, 51.22676529006088], [7.4112143, 51.2244845], [7.414396727908555, 51.22257001407786], [7.4138764, 51.2205272], [7.403959593713267, 51.22134340784997], [7.4036047, 51.2249093], [7.399214929825568, 51.22491780445346], [7.396181134335732, 51.227286628321934], [7.3950446, 51.2322825], [7.398918, 51.2338569], [7.3979965, 51.2359758], [7.4034735, 51.2394227], [7.3903548, 51.2465271], [7.386318513969725, 51.24264169981439], [7.382394182713243, 51.24169683575817], [7.379073145038766, 51.24228575961779], [7.378579494354196, 51.24482821154722], [7.3747693, 51.2469465], [7.3553559, 51.2427769], [7.356529, 51.2400507], [7.353907047602119, 51.239089836669784], [7.345762761933892, 51.24139150158948], [7.340405002623188, 51.238968345581014], [7.338345273416003, 51.24183958943538], [7.339802711399088, 51.24742108228959], [7.3310783, 51.2503744], [7.324792092065917, 51.24815542074546], [7.3244625, 51.2449281], [7.3139844, 51.2451324], [7.3070785, 51.2401253], [7.296875576691166, 51.2474194129589], [7.310241340820596, 51.24970336954983], [7.30515574947739, 51.25303545611176], [7.284985118946426, 51.24962354735807], [7.2751797, 51.2594625], [7.271316712658351, 51.25978358081004], [7.270243359836988, 51.2564479617888], [7.268108561880098, 51.25645138911807], [7.2667692, 51.260631], [7.2729343, 51.2705281], [7.281484155359701, 51.27245094638351], [7.281488262079645, 51.27445418122439], [7.271192675742943, 51.28110882140336], [7.267280995327652, 51.28624781707824], [7.258002650117712, 51.28551440226879], [7.25594593348507, 51.287570029194214], [7.265511670178119, 51.30788929099775], [7.264869917341002, 51.31283434769663], [7.267125314549203, 51.31557549413073], [7.2650729355940165, 51.31589994788625], [7.265091980950949, 51.31781800607977], [7.2486288, 51.3149], [7.238233776617671, 51.31060873957561], [7.225726623189148, 51.30972100730448], [7.2209289, 51.3077047], [7.219578022682204, 51.30451333335068], [7.2036472, 51.3000845], [7.199623230511691, 51.2952919369947], [7.191793702988443, 51.29523402482681], [7.1822177, 51.2991607], [7.1714158055419714, 51.298638176779676], [7.181986888510794, 51.30545618700751], [7.1758276, 51.3099754], [7.167008439355485, 51.31290414166971], [7.170433121983049, 51.31748387202981], [7.167568240397283, 51.31902170081292], [7.167760347407386, 51.32377541344832], [7.1638643, 51.3276594], [7.158231675279172, 51.3290369514983], [7.156074176295844, 51.33362450327741], [7.149067998501589, 51.33789638864189], [7.14824169689875, 51.34117479394596], [7.154736271951173, 51.34866099453424], [7.151547145357531, 51.35230092548981], [7.160160908688957, 51.36449077396869], [7.152772218759434, 51.3731057379454], [7.153277756778376, 51.37495539692343], [7.149172512826471, 51.37553102836628], [7.15738303027792, 51.37997114410584], [7.158793742732792, 51.38663033045333], [7.147238356664848, 51.39834134032987], [7.149050812692845, 51.40775494504198], [7.14539090055167, 51.411556715116994], [7.149303066383555, 51.418422520405024], [7.1305151, 51.429177], [7.118774, 51.4307743], [7.1229047, 51.4317027], [7.1226599, 51.4341287], [7.132677, 51.4395193], [7.1338598, 51.4422024], [7.1281779, 51.4451576], [7.1289549, 51.4466492], [7.1213214, 51.4549491], [7.1160332, 51.4549371], [7.1129216, 51.4600185], [7.1095191, 51.4593856], [7.1082423, 51.4624562], [7.1138685, 51.4655039], [7.1140184, 51.4720272], [7.1038249, 51.4803472], [7.098018, 51.4827454], [7.0848371, 51.4841556], [7.0739935, 51.4828048], [7.0709236, 51.4855408], [7.0737644, 51.4932677], [7.0670634, 51.4975823], [7.0608943, 51.4967003], [7.0575724, 51.4986385], [7.0545212, 51.5055054], [7.0521706, 51.5052644], [7.0505068, 51.5079201], [7.050458, 51.5119889], [7.0418351, 51.5112577], [7.0399544, 51.5138974], [7.0324485, 51.5143396], [7.0332862, 51.5162004], [7.025158, 51.516972], [7.0223478, 51.5191116], [7.0197724, 51.5180979], [7.0131974, 51.5290187], [7.0140512, 51.5324143], [6.998660757915545, 51.53375019749685], [6.99660273013639, 51.53876512182691], [6.983494, 51.5448048], [6.9595574, 51.5478622], [6.9568258, 51.5503639], [6.9360769, 51.5575241], [6.93038642422528, 51.56331559809888], [6.912976962353035, 51.56236309479741], [6.87203093092169, 51.552005124344575], [6.862519729612018, 51.55748242505903], [6.868548447773726, 51.56792963389377], [6.857571192783729, 51.56855528191898], [6.835409131595326, 51.58037557760263]], [[6.8633123, 51.5996228], [6.8649836, 51.5977934], [6.8653619134546275, 51.597738655950074], [6.865025294435676, 51.59887108632988], [6.8633123, 51.5996228]], [[6.841897862585203, 51.582217814028446], [6.842043326770671, 51.58225911323187], [6.8419306, 51.5822468], [6.841897862585203, 51.582217814028446]], [[6.8381494, 51.5811737], [6.838082373095466, 51.58113454617048], [6.838200238640069, 51.58116800975527], [6.8381494, 51.5811737]], [[6.7688979, 51.7648336], [6.7693581, 51.7588618], [6.770587780923302, 51.75579389273862], [6.77098465974063, 51.76357924954139], [6.7688979, 51.7648336]], [[6.769250398966066, 51.7660127778928], [6.766883680375695, 51.76933377602293], [6.7646717371314375, 51.77067845700964], [6.7647515, 51.7705799], [6.769250398966066, 51.7660127778928]]], [[[6.869457597451188, 51.62062308418106], [6.866663453041993, 51.62814697997152], [6.8715548, 51.6223805], [6.8693109, 51.6198772], [6.864357050449309, 51.61611873384123], [6.869457597451188, 51.62062308418106]]], [[[6.860092863714256, 51.59367054219368], [6.8621079, 51.5934665], [6.860061378024912, 51.59206269554752], [6.860092863714256, 51.59367054219368]]], [[[6.860156, 51.591893], [6.860058892799872, 51.59193578516924], [6.8601003, 51.5919326], [6.860156, 51.591893]]], [[[6.860046283768397, 51.59129189299504], [6.860046952672317, 51.59132605120936], [6.8600616, 51.5913211], [6.860046283768397, 51.59129189299504]]], [[[6.850116552363983, 51.585882393802684], [6.8500676, 51.5857594], [6.849952066385068, 51.585821403256034], [6.850116552363983, 51.585882393802684]]], [[[6.8497681, 51.5857437], [6.849738241479484, 51.58574211809163], [6.849820514450875, 51.585772624482104], [6.8497681, 51.5857437]]], [[[6.849296237315921, 51.58557822524351], [6.8488249, 51.5851836], [6.848767957977374, 51.585382342008614], [6.849296237315921, 51.58557822524351]]], [[[6.848357452504278, 51.58523012871132], [6.8477268, 51.5846995], [6.8476336, 51.5849177], [6.848357452504278, 51.58523012871132]]], [[[6.8475732, 51.5847405], [6.8470877, 51.5845486], [6.846428661018517, 51.58451494284638], [6.847441119159657, 51.5848903570665], [6.8475732, 51.5847405]]], [[[6.8408215, 51.5824231], [6.840779790495112, 51.58241977297724], [6.840838383882929, 51.58244150769907], [6.8408215, 51.5824231]]], [[[6.839257304227051, 51.58185501956778], [6.8392789, 51.58179], [6.839055959217943, 51.5817803323389], [6.839257304227051, 51.58185501956778]]], [[[6.8368403, 51.5808708], [6.836721024028297, 51.58091420787075], [6.836963796295654, 51.58100426219083], [6.8368403, 51.5808708]]]]}}, {"type": "Feature", "properties": {"name": "Niedersachsen", "verband": "Niedersachsen"}, "geometry": {"type": "MultiPolygon", "coordinates": [[[[7.9321891, 52.2946818], [7.9322351, 52.301732], [7.9488186, 52.3054213], [7.9892574, 52.3034265], [7.9913307, 52.3074518], [7.9907354, 52.3094939], [7.9777871, 52.3119479], [7.9672626, 52.320374], [7.9642811, 52.3250934], [7.9594632, 52.3262924], [7.9576131, 52.3304528], [7.948904, 52.334775], [7.9476443, 52.3387903], [7.9509837, 52.3406066], [7.9502985, 52.3454978], [7.9534352, 52.3474493], [7.9477886, 52.349963], [7.9423523, 52.3476718], [7.9408625, 52.3490727], [7.9442608, 52.3552245], [7.9411791, 52.3569387], [7.942713, 52.3595471], [7.9373343, 52.3618035], [7.9369646, 52.3650425], [7.9286143, 52.364076], [7.9224942, 52.3654758], [7.891713, 52.3806587], [7.8887343, 52.3782623], [7.8698192, 52.3773394], [7.8425904, 52.3689503], [7.8068328, 52.3713649], [7.7241273, 52.4000515], [7.7137559, 52.4009294], [7.7071908, 52.4163557], [7.7029187, 52.4332994], [7.691438, 52.4501619], [7.6829238, 52.4578601], [7.6581727, 52.4586957], [7.6543619, 52.460503], [7.6558423, 52.4623664], [7.6475647, 52.4627474], [7.6041471, 52.4749817], [7.5825227, 52.4548202], [7.5709635, 52.4320997], [7.5646045, 52.4319887], [7.6042995, 52.420953], [7.6026017, 52.4145667], [7.5825169, 52.4035539], [7.581821, 52.3947729], [7.5719766, 52.380109], [7.580484, 52.3791434], [7.5819866, 52.3764679], [7.575435, 52.3759364], [7.5714975, 52.3795154], [7.5599424, 52.3721394], [7.5649696, 52.3726054], [7.5605353, 52.3696187], [7.5547602, 52.3686758], [7.549885, 52.3703316], [7.5430305, 52.368], [7.5388856, 52.3707516], [7.52997, 52.3699656], [7.5161711, 52.3627174], [7.5046149, 52.3609666], [7.4802027, 52.3476491], [7.4377181, 52.3333783], [7.426263, 52.3141488], [7.4126271, 52.311799], [7.4033205, 52.3127719], [7.4004989, 52.311593], [7.399646, 52.3079954], [7.3970664, 52.3062366], [7.3863791, 52.3093423], [7.3707545, 52.3000883], [7.3618509, 52.2882715], [7.3457643, 52.2827122], [7.3173127, 52.2802325], [7.2978157, 52.2638103], [7.1556373, 52.2664878], [7.1210945, 52.2610754], [7.1197177, 52.2566649], [7.1136997, 52.2564099], [7.1093943, 52.2527283], [7.1093713, 52.24709], [7.1017855, 52.2434584], [7.0657896, 52.241235], [7.0423948, 52.256144], [7.0320628, 52.2716641], [7.0285843, 52.2736271], [7.0275199, 52.2779862], [7.0295476, 52.2815261], [7.0262393, 52.2873244], [7.0264536, 52.2919678], [7.039493, 52.3076268], [7.041313, 52.3111429], [7.0386834, 52.3123801], [7.0474208, 52.3152064], [7.0457868, 52.3164434], [7.0481101, 52.3199487], [7.0471798, 52.3237444], [7.0554928, 52.3321687], [7.0562308, 52.3379539], [7.0722555, 52.3518792], [7.0721536, 52.3736113], [7.0640215, 52.3903283], [7.0585177, 52.3961914], [7.0587283, 52.3994102], [7.0360741, 52.4026626], [7.0219898, 52.4229842], [7.0107825, 52.4291366], [7.0050633, 52.4453583], [6.991799, 52.4673763], [6.9876233, 52.4697668], [6.9775338, 52.4656808], [6.9617855, 52.4436244], [6.9416576, 52.4354257], [6.8618161, 52.451358], [6.8525417, 52.4499138], [6.8542977, 52.4597063], [6.7745867, 52.4596007], [6.7527345, 52.4641108], [6.6975242, 52.4863233], [6.7053326, 52.5210076], [6.68088, 52.5533174], [6.7162643, 52.5485248], [6.7162359, 52.5503273], [6.7209596, 52.5529472], [6.7259735, 52.5632551], [6.7522725, 52.5590389], [6.7666921, 52.5616369], [6.76666, 52.5635327], [6.7187716, 52.588636], [6.7272889, 52.6149279], [6.7229097, 52.6203722], [6.7100419, 52.6278615], [6.7263982, 52.6332204], [6.7418351, 52.6453009], [6.7527756, 52.6481472], [6.7534516, 52.6458063], [6.7588484, 52.6488255], [6.7678793, 52.6468511], [6.7720893, 52.6500511], [6.7839212, 52.6525399], [6.7903004, 52.6527451], [6.7942114, 52.6506628], [6.8032106, 52.6518702], [6.8080274, 52.6490966], [6.821387, 52.6476911], [6.832145, 52.6515779], [6.8383695, 52.6519229], [6.8511648, 52.6486051], [6.8645966, 52.6498169], [6.8730779, 52.6532678], [6.8799503, 52.6505483], [6.8971797, 52.6513713], [6.9137313, 52.6467751], [6.9157364, 52.6417516], [6.9193204, 52.6398371], [6.928522, 52.6401849], [6.9388543, 52.6378717], [6.9535582, 52.6389904], [6.9592329, 52.6417307], [6.9683192, 52.6418304], [6.9759848, 52.6462547], [6.9924591, 52.6413324], [7.0018774, 52.6419189], [7.0126572, 52.6367436], [7.0354671, 52.6348545], [7.0395705, 52.6327059], [7.0419223, 52.6328078], [7.0557287, 52.6434198], [7.0715512, 52.8104212], [7.0927397, 52.8381961], [7.087258, 52.8498872], [7.1043855, 52.8639433], [7.1815156, 52.9415843], [7.2095624, 53.0005067], [7.2174454, 53.0070372], [7.2129682, 53.0108775], [7.1992194, 53.0813862], [7.2027936, 53.1134106], [7.1828988, 53.1217649], [7.1858729, 53.1242258], [7.1809366, 53.1278335], [7.1789023, 53.1382857], [7.1831688, 53.1401893], [7.1896013, 53.1479616], [7.1909005, 53.1618398], [7.2036549, 53.1765642], [7.2274985, 53.1802785], [7.2080428, 53.1884765], [7.2176228, 53.1978173], [7.2170254, 53.2147666], [7.2104414, 53.2285364], [7.21197, 53.2289437], [7.2116931, 53.2316006], [7.1911067, 53.3175743], [7.2450664, 53.3183197], [7.248956, 53.3203074], [7.2508524, 53.3301086], [7.224826, 53.3332819], [7.1536334, 53.3359461], [7.0632535, 53.3351951], [7.0484518, 53.3398145], [7.0287858, 53.3367129], [7.0175006, 53.3415963], [6.9996421, 53.3600852], [7.0144278, 53.378957], [7.0168901, 53.3853508], [7.0127817, 53.3953647], [7.0142945, 53.3986303], [7.010834, 53.4002021], [7.0142934, 53.4067094], [7.0120238, 53.4124657], [7.0134756, 53.4127447], [7.0123617, 53.418795], [7.02042, 53.4475547], [7.0169086, 53.4479564], [7.0272563, 53.4777544], [7.0259445, 53.4852616], [7.0485142, 53.5089613], [7.0387929, 53.519149], [7.0333095, 53.5296999], [7.0332187, 53.5329549], [7.037224, 53.5385641], [7.0341246, 53.5456197], [7.0361381, 53.5460669], [7.041442, 53.536828], [7.0485787, 53.5353002], [7.0591296, 53.5267953], [7.0662303, 53.5169301], [7.0773712, 53.5192662], [7.0759566, 53.5225801], [7.0795078, 53.5231511], [7.0755608, 53.5310473], [7.0767265, 53.5327612], [7.0818935, 53.5196151], [7.0952931, 53.5118522], [7.1021727, 53.5101945], [7.1133478, 53.5111561], [7.1147714, 53.5097249], [7.1514675, 53.5338751], [7.1442139, 53.538478], [7.1414102, 53.5427051], [7.1281418, 53.5411799], [7.124174, 53.5459538], [7.117399, 53.5498374], [7.117381, 53.5542049], [7.1064275, 53.5614454], [7.0952343, 53.5645416], [7.0869637, 53.5712831], [7.0902682, 53.5795898], [7.1122567, 53.5948287], [7.1378178, 53.6057464], [7.1471896, 53.6121052], [7.1461429, 53.6149109], [7.1518967, 53.6202808], [7.1528934, 53.6257657], [7.1565612, 53.6289649], [7.1666469, 53.6264355], [7.1762752, 53.6328232], [7.1832704, 53.6412199], [7.2213723, 53.6569913], [7.231318, 53.6640947], [7.2392724, 53.6656817], [7.2385825, 53.6667397], [7.2443868, 53.669844], [7.2673322, 53.6749404], [7.2679501, 53.6736246], [7.2797592, 53.6751804], [7.2853933, 53.6767792], [7.2897896, 53.6807498], [7.3122031, 53.6842324], [7.3592344, 53.6863963], [7.3605481, 53.6931176], [7.3620835, 53.6931228], [7.3617223, 53.6859504], [7.3633927, 53.6822056], [7.3800808, 53.6811391], [7.4455884, 53.6843348], [7.4871398, 53.6830481], [7.510806, 53.6745857], [7.5266065, 53.6720751], [7.555088, 53.6758097], [7.5688944, 53.6808715], [7.5701074, 53.6774405], [7.5734122, 53.6782127], [7.5695056, 53.681153], [7.5716444, 53.681925], [7.5849103, 53.6807382], [7.6114401, 53.6889093], [7.6322598, 53.6905111], [7.6682461, 53.6971074], [7.687888, 53.7027528], [7.7032166, 53.7041377], [7.7112114, 53.701376], [7.7377417, 53.700363], [7.7638761, 53.7034019], [7.782527, 53.7088514], [7.7985618, 53.7103915], [7.8101982, 53.7112332], [7.8130747, 53.7084963], [7.8302897, 53.7086807], [7.9346176, 53.7153826], [7.9883372, 53.7134818], [8.0062323, 53.7108569], [8.0259605, 53.7050521], [8.0320911, 53.6997487], [8.0236887, 53.692309], [8.0230082, 53.6852505], [8.0257454, 53.6846652], [8.0214638, 53.6824523], [8.0274597, 53.67475], [8.0293803, 53.6663486], [8.0282918, 53.6634684], [8.0327205, 53.6535083], [8.0381883, 53.6495663], [8.0423629, 53.6413906], [8.0515548, 53.6410145], [8.0730375, 53.6464581], [8.0714427, 53.6470789], [8.0868043, 53.6437507], [8.0862653, 53.6420563], [8.0899875, 53.6377669], [8.0934877, 53.636804], [8.1135817, 53.6170213], [8.1234503, 53.5984032], [8.1496093, 53.6019199], [8.1556948, 53.5858101], [8.1531649, 53.5851606], [8.1541639, 53.5838877], [8.1408203, 53.5801588], [8.1444851, 53.5736212], [8.1539377, 53.5645233], [8.1495324, 53.5626545], [8.1507402, 53.5596328], [8.1557011, 53.5607729], [8.161384, 53.5502468], [8.1685924, 53.544974], [8.1683803, 53.5413343], [8.1710622, 53.5405195], [8.1705057, 53.5354899], [8.1657671, 53.5296526], [8.1648289, 53.523605], [8.1624632, 53.5206857], [8.1646794, 53.5205893], [8.1529771, 53.513316], [8.1360863, 53.5117097], [8.0922881, 53.5022697], [8.0761201, 53.5025232], [8.0595018, 53.5078033], [8.0609136, 53.5064026], [8.0631654, 53.4812145], [8.0672126, 53.4723351], [8.0778482, 53.4599399], [8.09902, 53.4463855], [8.0996163, 53.4442421], [8.105307, 53.4465725], [8.1058369, 53.4485033], [8.1100973, 53.4474654], [8.1224903, 53.4522869], [8.1367941, 53.4535008], [8.1447868, 53.4507161], [8.1485822, 53.451669], [8.150219, 53.4484424], [8.1535615, 53.4491093], [8.1548783, 53.4458897], [8.1574409, 53.4464396], [8.2021821, 53.4062472], [8.2341002, 53.399595], [8.2498288, 53.3995151], [8.2690747, 53.4066103], [8.2818407, 53.4151514], [8.2975521, 53.4306087], [8.2975177, 53.4329516], [8.2946746, 53.4346691], [8.297871, 53.4445201], [8.310283, 53.4505135], [8.3139974, 53.4586466], [8.3166645, 53.5003162], [8.3127102, 53.5099078], [8.3147629, 53.5111597], [8.3133271, 53.5123385], [8.3146419, 53.5159771], [8.3085308, 53.5224434], [8.2995822, 53.52532], [8.2650036, 53.5179958], [8.2256168, 53.5204824], [8.2306982, 53.5211197], [8.2339504, 53.5337769], [8.2369277, 53.5608039], [8.2416409, 53.5751663], [8.2402616, 53.5782201], [8.2495885, 53.5908066], [8.2620935, 53.6001185], [8.2702843, 53.6037509], [8.2721419, 53.6060879], [8.2709248, 53.6093416], [8.2802311, 53.6120965], [8.3058146, 53.617496], [8.3059251, 53.6189406], [8.3066638, 53.6175412], [8.3235897, 53.6178597], [8.345321, 53.6100981], [8.3845445, 53.5746737], [8.3985933, 53.5696693], [8.4370824, 53.5621622], [8.4391581, 53.5600105], [8.4632779, 53.5526203], [8.4818964, 53.5534303], [8.5026212, 53.5509467], [8.5135605, 53.5541473], [8.5157771, 53.5585309], [8.5185246, 53.558449], [8.516696, 53.5563141], [8.516711, 53.5511527], [8.5211463, 53.5474291], [8.5356961, 53.5408909], [8.5507888, 53.5378013], [8.5521139, 53.532673], [8.5567002, 53.5290323], [8.5552852, 53.5248803], [8.5464684, 53.5212729], [8.5527176, 53.5161607], [8.5294383, 53.5078066], [8.5102434, 53.4984946], [8.5017938, 53.4910524], [8.4926085, 53.4751372], [8.4926726, 53.4724428], [8.5056633, 53.4711654], [8.5097963, 53.4754984], [8.5146251, 53.4753069], [8.5169281, 53.4732948], [8.5286416, 53.4800467], [8.5394629, 53.4802627], [8.5739749, 53.4887958], [8.5768568, 53.4858137], [8.5844523, 53.4870223], [8.6032635, 53.484298], [8.6033547, 53.4871439], [8.610492, 53.4875059], [8.6259272, 53.4935209], [8.62987, 53.4970441], [8.6280264, 53.4989481], [8.6287427, 53.5016531], [8.6345294, 53.5020789], [8.6376942, 53.5036806], [8.6365204, 53.5057131], [8.6510416, 53.5108398], [8.6482049, 53.5141684], [8.652295, 53.5159685], [8.6494838, 53.5194277], [8.6456823, 53.5185879], [8.643598, 53.5226849], [8.6395623, 53.5249229], [8.6384132, 53.5330581], [8.6383548, 53.534887], [8.6416957, 53.5366892], [8.6421861, 53.5418004], [8.6453577, 53.5404376], [8.6444844, 53.5494993], [8.6467758, 53.5555986], [8.6373825, 53.5535936], [8.6311099, 53.555571], [8.6252586, 53.5674646], [8.6194177, 53.5739494], [8.6200536, 53.577337], [8.6267475, 53.5847182], [8.6409052, 53.5934463], [8.6389012, 53.5948228], [8.6530745, 53.6027176], [8.6467465, 53.6041538], [8.6457119, 53.6015943], [8.6397086, 53.6044856], [8.6228151, 53.6052595], [8.6126318, 53.602883], [8.6016006, 53.5956694], [8.5929023, 53.5931016], [8.5812686, 53.5979711], [8.535293, 53.6070326], [8.5340731, 53.6043311], [8.5274118, 53.6057122], [8.5254788, 53.6036186], [8.5232172, 53.6067363], [8.5196865, 53.6061894], [8.5136065, 53.6169873], [8.499801, 53.6317836], [8.4830485, 53.6557788], [8.4831002, 53.6946044], [8.5134861, 53.7424215], [8.519692, 53.7466677], [8.5217627, 53.7505432], [8.5176913, 53.7513561], [8.5388057, 53.789102], [8.5411584, 53.7867942], [8.543181, 53.7877101], [8.543453, 53.7897359], [8.536875, 53.7917577], [8.5413232, 53.806677], [8.5494568, 53.8210614], [8.5660801, 53.8459866], [8.5746691, 53.8433438], [8.5884333, 53.8594682], [8.6048876, 53.8717466], [8.6011724, 53.8742823], [8.6149351, 53.8821464], [8.6261181, 53.8821196], [8.6406605, 53.887042], [8.6655996, 53.8910891], [8.6865857, 53.8922482], [8.6882834, 53.890301], [8.6836583, 53.8891986], [8.683485, 53.8861078], [8.6856083, 53.8813354], [8.6896187, 53.8786141], [8.6937327, 53.8768652], [8.7026182, 53.878658], [8.7230787, 53.8628307], [8.7319616, 53.8580724], [8.7298195, 53.8560596], [8.7465425, 53.8528764], [8.7492531, 53.8493905], [8.771998, 53.841122], [8.7715242, 53.8374027], [8.7722775, 53.8397243], [8.7994953, 53.8341386], [8.8255662, 53.8325629], [8.8371463, 53.8347377], [8.8604437, 53.8314451], [8.8934665, 53.8302934], [8.8985067, 53.8316242], [8.9082732, 53.8294155], [8.9390483, 53.8342451], [8.9405311, 53.8360419], [8.9791629, 53.8412534], [9.0094259, 53.8376919], [9.0108089, 53.8355772], [9.0199628, 53.834334], [9.0134647, 53.8397504], [9.0148507, 53.8410652], [8.9946304, 53.8725928], [9.0224593, 53.8794795], [9.0531857, 53.8812976], [9.1423361, 53.8775428], [9.1997502, 53.8800602], [9.2309307, 53.8778474], [9.230887, 53.8750233], [9.2572428, 53.8715762], [9.2897907, 53.8633868], [9.3195032, 53.8509127], [9.3398517, 53.8317558], [9.3587956, 53.8178497], [9.4226503, 53.7406616], [9.4333691, 53.7320036], [9.4859097, 53.7076489], [9.5160477, 53.714025], [9.5286078, 53.7162525], [9.529156850318472, 53.71627248442368], [9.51763916, 53.71385956], [9.52201939, 53.71337509], [9.52108574, 53.71245955999999], [9.54287815, 53.68268204], [9.5481987, 53.67631912], [9.55432606, 53.67356109999999], [9.54848862, 53.67481995], [9.55370808, 53.66858672999999], [9.5534029, 53.66453170999999], [9.5494566, 53.65887833], [9.55147362, 53.65235138000001], [9.56201649, 53.6403656], [9.57425785, 53.63234329], [9.57375526, 53.62717056], [9.57988071, 53.62354279], [9.57409286, 53.62561035], [9.57189751, 53.63023757999999], [9.56617832, 53.63171387], [9.55561066, 53.62333298], [9.55545521, 53.62073517], [9.61273956, 53.59755325], [9.61829948, 53.59602737000001], [9.62282562, 53.59702301], [9.64128304, 53.59022140999999], [9.66342449, 53.57756805], [9.6722765, 53.57579803], [9.67011452, 53.57354355], [9.67228317, 53.57143784], [9.69220448, 53.56935120000001], [9.69448853, 53.57072067000001], [9.70035648, 53.56854248], [9.72644615, 53.56571579], [9.73436451, 53.56521606], [9.734941813369623, 53.567248373298476], [9.735272, 53.5664799], [9.7301155, 53.557642], [9.7743919, 53.5543254], [9.7723167, 53.543523], [9.7655587, 53.54109720000001], [9.771253, 53.5310944], [9.7698734, 53.5295292], [9.774266, 53.5273808], [9.7745066, 53.52477999999999], [9.7779817, 53.5250816], [9.7812903, 53.5186423], [9.7710683, 53.5218512], [9.7635785, 53.5082559], [9.7814318, 53.5015497], [9.7811301, 53.4998113], [9.784633299999996, 53.5000094], [9.7819952, 53.4923185], [9.7927101, 53.4944776], [9.802802499999999, 53.4938287], [9.798592, 53.4751981], [9.8004611, 53.4754267], [9.7998057, 53.4694329], [9.8031963, 53.4693206], [9.8034685, 53.4668416], [9.8060885, 53.46739179999999], [9.8074764, 53.4627505], [9.8131009, 53.462484], [9.8365464, 53.4509243], [9.8588338, 53.4341348], [9.8618269, 53.4296167], [9.8646768, 53.4305869], [9.860036600000008, 53.436296799999994], [9.8622201, 53.4399933], [9.8669182, 53.4400963], [9.8688964, 53.4445587], [9.8733018, 53.442164], [9.8887215, 53.4505813], [9.8941933, 53.4557948], [9.9001996, 53.45404549999999], [9.8979674, 53.4550335], [9.898744, 53.4579631], [9.9008547, 53.45623839999999], [9.9043015, 53.4567207], [9.9112497, 53.44955], [9.9171665, 53.4465814], [9.9168759, 53.44228069999999], [9.9189998, 53.4427328], [9.922928199999992, 53.43636140000001], [9.9140659, 53.4300204], [9.9162642, 53.4248121], [9.9107272, 53.4213825], [9.9066994, 53.4159497], [9.916468, 53.4141434], [9.9299496, 53.4214842], [9.9421349, 53.4210198], [9.9469459, 53.4268999], [9.9428665, 53.4283227], [9.9438393, 53.42945349999999], [9.9603364, 53.4265581], [9.9600923, 53.4250056], [9.9682946, 53.4237489], [9.9712959, 53.4210206], [9.9759265, 53.42189], [9.9748351, 53.4197807], [9.9764876, 53.4137737], [9.9833463, 53.4146139], [9.9825477, 53.4157047], [9.9870567, 53.4174201], [9.9884162, 53.4205551], [9.9927849, 53.4196676], [9.9959107, 53.4258733], [10.0007275, 53.4245614], [10.0093382, 53.4294975], [10.0174291, 53.4287751], [10.0292108, 53.4352988], [10.0257897, 53.4382085], [10.0146452, 53.4420182], [10.0222494, 53.4475575], [10.0323191, 53.44410739999999], [10.0351793, 53.4469102], [10.0453939, 53.4463998], [10.0491847, 53.449846], [10.0412382, 53.4515975], [10.0441519, 53.4548593], [10.0419722, 53.4565508], [10.0516115, 53.4639066], [10.0669067, 53.4560205], [10.0789555, 53.4538737], [10.0849588, 53.4507873], [10.0965975, 53.4411724], [10.1067973, 53.4265817], [10.1369983, 53.4219363], [10.1561625, 53.40449639999999], [10.1655462, 53.39932699999999], [10.1760906, 53.3965954], [10.1977332, 53.3985412], [10.2237062, 53.3953327], [10.237398, 53.3961117], [10.2439889, 53.4000363], [10.2524734, 53.4126479], [10.2580895, 53.4175804], [10.2855304, 53.42483039999999], [10.3054999, 53.4330618], [10.315742749620208, 53.431720122816465], [10.32868974779869, 53.42428880519562], [10.369577087611047, 53.4260688813427], [10.379445, 53.4231776], [10.40174453534615, 53.40919585704634], [10.43007799993072, 53.39719869459768], [10.4665135, 53.3867769], [10.4968779, 53.3749584], [10.52269216294792, 53.36956370100902], [10.557609667104222, 53.36833835705486], [10.57298668703071, 53.35929265485823], [10.58938328992986, 53.36129210861429], [10.6058611, 53.3688667], [10.6199398, 53.3709075], [10.6401897, 53.3714226], [10.6726577, 53.3681801], [10.6931194, 53.3714379], [10.7029859, 53.370419], [10.72943, 53.3575136], [10.7362541, 53.3489536], [10.7393432, 53.341448], [10.7633961, 53.3387973], [10.7637307, 53.3369447], [10.7574552, 53.3324735], [10.7579922, 53.3304782], [10.7707147, 53.3293388], [10.7713549, 53.3257881], [10.7960613, 53.3142359], [10.825716, 53.3129148], [10.8284373, 53.3118405], [10.8264625, 53.3099916], [10.8285522, 53.3072678], [10.8357265, 53.3051189], [10.8359717, 53.3068149], [10.8502631, 53.3095209], [10.8506676, 53.3141865], [10.8528584, 53.3157351], [10.867562, 53.3161147], [10.8702874, 53.3177587], [10.8715508, 53.3224682], [10.8665109, 53.3249544], [10.8669708, 53.3268936], [10.8816489, 53.3228344], [10.8882546, 53.3252218], [10.8881617, 53.3280899], [10.8815494, 53.3305377], [10.8800525, 53.3356639], [10.8906323, 53.3342822], [10.8951796, 53.336422], [10.9000069, 53.3341452], [10.9122407, 53.3393931], [10.9184173, 53.3479039], [10.92855, 53.3481526], [10.9286397, 53.345223], [10.9346922, 53.3427926], [10.9321991, 53.3405463], [10.934344, 53.3389501], [10.9549262, 53.3333789], [10.9593164, 53.3385169], [10.9880439, 53.3334839], [10.9827157, 53.3273556], [10.9884689, 53.3247588], [10.9915318, 53.3257232], [10.9955431, 53.3212696], [10.9990805, 53.3208466], [10.9987023, 53.3155669], [11.0045902, 53.3089808], [11.0023184, 53.3054776], [11.0093815, 53.3002607], [11.0029294, 53.2946422], [11.0029525, 53.2928049], [11.0080721, 53.2914012], [11.0094593, 53.2815253], [11.0216756, 53.2810444], [11.0297737, 53.2769928], [11.0381406, 53.2615822], [11.0454965, 53.2569508], [11.0557161, 53.2460481], [11.0611285, 53.2350433], [11.0723199, 53.2283562], [11.0735587, 53.2245606], [11.0800547, 53.220412], [11.087001, 53.2179142], [11.090634, 53.2138075], [11.100804, 53.2113292], [11.1158985, 53.2044184], [11.1390358, 53.2023999], [11.1371809, 53.1992616], [11.1449365, 53.1977134], [11.1369453, 53.1920402], [11.1800145, 53.1868538], [11.1924207, 53.1822189], [11.1957671, 53.1765376], [11.19102, 53.1711601], [11.1900869, 53.1665882], [11.1802907, 53.1588618], [11.1718339, 53.1566567], [11.1783189, 53.150214], [11.183375, 53.136659], [11.1888542, 53.1347587], [11.1947832, 53.1353157], [11.20878, 53.1433515], [11.2147162, 53.1444966], [11.2261484, 53.1433861], [11.2426347, 53.1385779], [11.2610388, 53.1266841], [11.267796, 53.1202406], [11.2694571, 53.1149094], [11.2680466, 53.1036983], [11.2735654, 53.0966781], [11.2898194, 53.0856894], [11.3127137, 53.0758155], [11.3267524, 53.0621937], [11.3353212, 53.0564291], [11.3424613, 53.0544541], [11.3534099, 53.0545667], [11.4030603, 53.0724857], [11.4488255, 53.0783402], [11.463286, 53.0746314], [11.4961251, 53.0526872], [11.5080695, 53.0479895], [11.5260309, 53.0468937], [11.5398912, 53.0517157], [11.5480878, 53.0523954], [11.5519999, 53.0513555], [11.5667174, 53.0404517], [11.5824087, 53.0358706], [11.598118, 53.0347743], [11.568104, 53.0178315], [11.5635115, 53.012805], [11.5592557, 53.0130424], [11.5518594, 53.0047257], [11.560732, 53.0039757], [11.5566301, 52.998684], [11.5434142, 52.9992818], [11.5329964, 53.0030557], [11.5264701, 53.0085491], [11.5127177, 53.0071517], [11.5031049, 52.992431], [11.5017749, 52.9840011], [11.4925874, 52.9598569], [11.505375, 52.9410743], [11.4915568, 52.9416312], [11.4694965, 52.9384573], [11.45407, 52.9331898], [11.4328021, 52.9196785], [11.4258842, 52.9200788], [11.4241181, 52.9169269], [11.407765, 52.9042183], [11.3937462, 52.9017518], [11.3847861, 52.9037604], [11.3863494, 52.9022989], [11.363427, 52.8960377], [11.3628627, 52.8940736], [11.3543665, 52.8901739], [11.3371772, 52.8883498], [11.3368961, 52.8865299], [11.3142938, 52.8781341], [11.2956052, 52.8749041], [11.2932401, 52.8790602], [11.2951283, 52.8829735], [11.2942902, 52.8871608], [11.2907417, 52.8890303], [11.2763987, 52.8874745], [11.2672541, 52.8801088], [11.2397959, 52.8791315], [11.2352982, 52.8888647], [11.2306909, 52.8913894], [11.2192128, 52.8927102], [11.2205275, 52.8976443], [11.1863665, 52.9006175], [11.1547638, 52.9064202], [11.1559977, 52.9053615], [11.1546697, 52.9018997], [11.137512, 52.8977722], [11.1059819, 52.8963758], [11.0932751, 52.8995795], [11.0957665, 52.9095462], [11.098648, 52.9127918], [11.0787461, 52.9131047], [11.0675719, 52.9090581], [11.040583, 52.9134904], [11.0129471, 52.9096864], [11.0012182, 52.9115072], [10.9923533, 52.9064789], [10.9930254, 52.9034423], [10.9889881, 52.8994717], [10.9885103, 52.8922235], [10.9902651, 52.8890499], [10.9857399, 52.8818206], [10.9740495, 52.8772829], [10.9676367, 52.8792308], [10.9688316, 52.8767471], [10.9652012, 52.8729135], [10.9579234, 52.8695109], [10.9557388, 52.8648184], [10.9392165, 52.8523867], [10.9337222, 52.8538404], [10.9132275, 52.8529355], [10.8976029, 52.856163], [10.8953742, 52.855789], [10.8956682, 52.8531223], [10.891087, 52.8456462], [10.884608, 52.8456341], [10.8769082, 52.8476339], [10.8741605, 52.8528103], [10.8661057, 52.8556559], [10.8591718, 52.8533971], [10.8603217, 52.8515053], [10.8414707, 52.8522187], [10.8351664, 52.8474846], [10.8003549, 52.8503752], [10.7964066, 52.8436986], [10.7647343, 52.8420243], [10.7718178, 52.8339036], [10.7639264, 52.8301998], [10.7672707, 52.8274507], [10.764958, 52.8237274], [10.7571236, 52.8198188], [10.7619967, 52.8023635], [10.755466, 52.7840554], [10.767951, 52.7685436], [10.7695597, 52.7688766], [10.7750566, 52.7631983], [10.7762165, 52.7544728], [10.7885612, 52.7522241], [10.7918258, 52.7475276], [10.7898981, 52.744049], [10.7906761, 52.7374688], [10.7878776, 52.7332072], [10.7935538, 52.7293207], [10.7967536, 52.7139094], [10.8033638, 52.7135948], [10.8238063, 52.7178382], [10.8304784, 52.7155305], [10.8318162, 52.7117119], [10.8367165, 52.7073054], [10.8330594, 52.703563], [10.8371886, 52.6958087], [10.8461413, 52.6904524], [10.8527215, 52.6805075], [10.8583117, 52.6775209], [10.8584147, 52.6753271], [10.8662596, 52.6721265], [10.8778459, 52.6637266], [10.8769771, 52.660107], [10.8786229, 52.6557425], [10.8812015, 52.6551665], [10.8810956, 52.6529388], [10.8841022, 52.6504131], [10.8968133, 52.643242], [10.8983452, 52.6375156], [10.9019977, 52.6354639], [10.9044314, 52.6271168], [10.9130631, 52.6238742], [10.9169847, 52.6168361], [10.9252954, 52.6149173], [10.9204192, 52.6100005], [10.9271245, 52.6091762], [10.9433207, 52.6152344], [10.9451163, 52.6202158], [10.9604939, 52.6249844], [10.968714, 52.6262158], [10.9769395, 52.6240612], [10.9765496, 52.6128619], [10.974407, 52.6097872], [10.9753269, 52.6064186], [10.9714455, 52.6032909], [10.9594314, 52.5998652], [10.9605773, 52.5991093], [10.9580457, 52.5982054], [10.9580387, 52.5955047], [10.9550472, 52.5953937], [10.9547163, 52.5934679], [10.9398276, 52.5892633], [10.947513, 52.5824483], [10.9418544, 52.5794064], [10.9402458, 52.5750459], [10.9416257, 52.5711908], [10.9372801, 52.5675045], [10.9428786, 52.5607645], [10.9415142, 52.5540069], [10.9579072, 52.5353125], [11.0090697, 52.4967016], [10.9818826, 52.4971389], [10.9751996, 52.5012814], [10.9497036, 52.4958949], [10.9434305, 52.49229], [10.9441285, 52.4868543], [10.941455, 52.4838102], [10.9431038, 52.4792137], [10.9416151, 52.476372], [10.9339753, 52.476234], [10.9336952, 52.4603439], [10.9477565, 52.4537276], [10.9488349, 52.4490407], [10.9562229, 52.444995], [10.9615618, 52.4352404], [10.986728, 52.4224102], [10.9946466, 52.4151], [10.99172, 52.4136053], [11.0054508, 52.408881], [11.0082105, 52.4046141], [11.0185896, 52.3971693], [11.0165431, 52.3948444], [11.0190415, 52.3921445], [11.0150642, 52.3878597], [11.0183929, 52.388403], [11.0219302, 52.3934944], [11.0257613, 52.390628], [11.0341944, 52.3886537], [11.0361566, 52.3852355], [11.041861, 52.3862917], [11.0390206, 52.3889014], [11.0469407, 52.3878603], [11.0545204, 52.3813911], [11.0596809, 52.381147], [11.0651314, 52.376906], [11.0635362, 52.3749628], [11.0657725, 52.3734852], [11.0689335, 52.3765333], [11.0690148, 52.3744353], [11.0739299, 52.3744706], [11.0746533, 52.3728393], [11.0669712, 52.3698118], [11.0695626, 52.3586152], [11.0687003, 52.3553814], [11.0636479, 52.3542422], [11.0615871, 52.3575593], [11.0581876, 52.3504653], [11.0543804, 52.3490569], [11.0440017, 52.349344], [11.0441219, 52.3471048], [11.04034, 52.3472491], [11.03689, 52.3440494], [11.0302744, 52.3457446], [11.0236534, 52.3443388], [11.0230312, 52.3473706], [11.0070003, 52.3457608], [11.0046938, 52.3438201], [11.0027794, 52.3451382], [10.9961151, 52.3420844], [10.9921444, 52.3443437], [10.9834743, 52.3417423], [10.9879197, 52.3349328], [11.0018047, 52.3362848], [11.0047468, 52.3307306], [10.9998802, 52.3298232], [11.00106, 52.3274494], [11.0056832, 52.3289689], [11.0087285, 52.3267593], [11.0091616, 52.3281987], [11.0125581, 52.3279652], [11.0122925, 52.3260311], [11.0201445, 52.319226], [11.0326145, 52.312108], [11.0331018, 52.3097078], [11.0360345, 52.3102616], [11.037471, 52.3061508], [11.0354085, 52.3039983], [11.0377011, 52.3019659], [11.0219978, 52.2966659], [11.011798, 52.290672], [11.0118205, 52.28799], [11.0228048, 52.2795096], [11.028778, 52.2702418], [11.0423691, 52.2722052], [11.053617, 52.2665968], [11.0508185, 52.2643714], [11.0562413, 52.2587271], [11.0522163, 52.2535551], [11.0597055, 52.242584], [11.0587141, 52.2405272], [11.0733853, 52.2432557], [11.0786767, 52.239418], [11.0795857, 52.2348878], [11.0862102, 52.2286461], [11.0771788, 52.2235047], [11.0752018, 52.2198552], [11.0451818, 52.2164183], [11.0446072, 52.2145251], [11.0373269, 52.2113867], [11.0316707, 52.212243], [11.0267222, 52.2103975], [11.0284374, 52.2085025], [11.0212055, 52.2050004], [11.0246021, 52.2010649], [11.0175439, 52.1982337], [11.0134675, 52.1994969], [11.0120258, 52.1871028], [11.0142242, 52.1817599], [11.0194011, 52.1780639], [11.0359497, 52.1717158], [11.0604346, 52.1724048], [11.0609023, 52.1647223], [11.0549502, 52.160519], [11.0607167, 52.1533537], [11.0445921, 52.1436301], [11.0464244, 52.1382401], [11.0441365, 52.1336866], [11.0381539, 52.1341669], [11.0277109, 52.1307418], [11.0265005, 52.1287178], [11.0172406, 52.1281605], [11.0118945, 52.1211103], [10.977402, 52.1057664], [10.9649238, 52.1071526], [10.9417558, 52.103157], [10.9442295, 52.0994414], [10.939925, 52.0953471], [10.9588255, 52.0878478], [10.967313, 52.0882857], [10.9702912, 52.0861119], [10.9732525, 52.0734095], [10.9675969, 52.0651648], [10.9647216, 52.0562012], [10.93717, 52.0590246], [10.8810867, 52.0587306], [10.8718631, 52.0575787], [10.8524041, 52.0499875], [10.8284658, 52.0473586], [10.8020613, 52.0472737], [10.7823407, 52.050121], [10.7620138, 52.0464136], [10.7576323, 52.0483245], [10.7374251, 52.047798], [10.7219697, 52.0496873], [10.6852246, 52.0477932], [10.6479749, 52.0417067], [10.6518548, 52.0327457], [10.654425, 52.0330347], [10.6567596, 52.0287959], [10.6552639, 52.0245732], [10.6418551, 52.0228733], [10.6385599, 52.0176389], [10.6390599, 52.0152804], [10.622776, 52.0111029], [10.6272482, 52.0081979], [10.6147902, 52.0090155], [10.6136829, 52.0105093], [10.600334, 52.0071904], [10.6003692, 52.0097873], [10.5961492, 52.0097036], [10.596665, 52.0143113], [10.5936626, 52.0142947], [10.5906335, 52.014086], [10.5898963, 52.0112651], [10.5713541, 52.0099174], [10.5730159, 52.0063858], [10.5608128, 52.003856], [10.584152, 51.9835593], [10.5868324, 51.9805173], [10.5851893, 51.9753675], [10.5870025, 51.9741571], [10.6060186, 51.9773638], [10.6061173, 51.9686867], [10.6198155, 51.9668811], [10.6199932, 51.9576328], [10.6352269, 51.9592417], [10.6415759, 51.962629], [10.6511856, 51.9573759], [10.6473324, 51.9535222], [10.6325825, 51.9493149], [10.6249595, 51.9490792], [10.6211046, 51.9435321], [10.6180202, 51.943105], [10.6164335, 51.9397195], [10.6129279, 51.9385375], [10.6180982, 51.9314922], [10.6161323, 51.9307398], [10.616918, 51.9289706], [10.6128797, 51.9203513], [10.6379931, 51.9150097], [10.6453576, 51.9104223], [10.6446061, 51.9093439], [10.6479686, 51.9082581], [10.6497753, 51.9046251], [10.649929, 51.8897923], [10.6355174, 51.8772442], [10.6327681, 51.8726912], [10.615531, 51.8698802], [10.6158458, 51.8673029], [10.605829, 51.8616553], [10.6017408, 51.8540863], [10.5836613, 51.8523165], [10.5789641, 51.8480744], [10.5789783, 51.845347], [10.5763105, 51.843009], [10.5847495, 51.8403774], [10.5884673, 51.8358294], [10.5786454, 51.8283943], [10.5787326, 51.8209751], [10.5768292, 51.8184878], [10.577952, 51.8157439], [10.5738521, 51.8110968], [10.5845054, 51.7992458], [10.5859827, 51.7874676], [10.5786954, 51.7817692], [10.5835856, 51.7782124], [10.5896474, 51.7686282], [10.6064495, 51.7622153], [10.6286481, 51.7569148], [10.6312101, 51.7506338], [10.6312145, 51.7402563], [10.635668, 51.7344876], [10.643608, 51.7299582], [10.6416661, 51.7253243], [10.6494695, 51.7187796], [10.6583581, 51.7173718], [10.6686467, 51.7098117], [10.6677419, 51.7062521], [10.6724713, 51.697955], [10.667695, 51.6964642], [10.6631748, 51.6911008], [10.6671553, 51.6848325], [10.6641378, 51.6833606], [10.6685759, 51.668378], [10.6816497, 51.6604802], [10.6897695, 51.6460331], [10.6946618, 51.6420735], [10.7016526, 51.6409669], [10.6978343, 51.6391598], [10.6765685, 51.6383968], [10.6755158, 51.6334833], [10.682269934851302, 51.62884868566629], [10.6671505, 51.62836838], [10.65676403, 51.62435532], [10.64023685, 51.62200546], [10.6380546, 51.6192617], [10.63972092, 51.61829375999999], [10.6394544, 51.6153521], [10.6487981, 51.6066732], [10.6330533, 51.607417], [10.635085302702842, 51.60589748601841], [10.6314165, 51.6025382], [10.6339074, 51.6011877], [10.6330266, 51.5959883], [10.63814163, 51.58940887], [10.638129, 51.5842846], [10.6577171, 51.5812411], [10.66611275450924, 51.57782719919145], [10.665477545685329, 51.57442598518965], [10.6578613, 51.5661498], [10.660624242490968, 51.561483568519925], [10.657387893510476, 51.55868283314347], [10.64494499579726, 51.55998398001783], [10.6457761, 51.5627514], [10.63652515, 51.56222533999999], [10.6326909, 51.5661176], [10.62660027, 51.56775665], [10.62595654, 51.56994247], [10.62795448, 51.57206345], [10.62163734, 51.57577515], [10.612087, 51.5792811], [10.6040903, 51.5796683], [10.592624, 51.5749105], [10.59027637180658, 51.56895801126225], [10.5860246, 51.5689612], [10.58441639, 51.56590652], [10.57736778, 51.56596374999999], [10.5764145, 51.5627317], [10.56998539, 51.56334305], [10.56026936, 51.55706787], [10.5454607, 51.55573273], [10.53405285, 51.55935669], [10.51897335, 51.55376433999999], [10.5097456, 51.5566891], [10.506403, 51.5634183], [10.50348759, 51.56238937], [10.49569607, 51.57278824], [10.46703911, 51.58338165000001], [10.46291447, 51.5821228], [10.45846844, 51.58411789], [10.451139194985034, 51.58400491723636], [10.44438267, 51.58965683], [10.42920017, 51.59253311], [10.40630341, 51.58650208000001], [10.3715568, 51.5880458], [10.36934662, 51.58696746999999], [10.376207549194259, 51.58314218695211], [10.3785076, 51.5791539], [10.37756252, 51.57589722], [10.378934345751208, 51.57435955726707], [10.3770779, 51.5712272], [10.378942127080943, 51.56868011238049], [10.378681421984059, 51.56377861139386], [10.374006, 51.5586839], [10.3638515, 51.5563374], [10.372098225689067, 51.553282723268346], [10.3674106, 51.5486161], [10.36766434, 51.54303741], [10.3476875, 51.5318747], [10.34771633, 51.52926636], [10.3433681, 51.5266289], [10.3441867, 51.523334], [10.34208959247081, 51.51945409991299], [10.31809679175111, 51.51401026368788], [10.31504917, 51.51560211], [10.3084022, 51.5151317], [10.2996848, 51.5048427], [10.2990808, 51.4985327], [10.3012595, 51.4961388], [10.29967022, 51.49389648], [10.2909781, 51.4927361], [10.284437, 51.4945599], [10.27323341, 51.49139023], [10.272703462458427, 51.488214133717946], [10.24467754, 51.48373413000001], [10.2435313, 51.4786755], [10.2377592, 51.4775766], [10.233165, 51.4709353], [10.22671127, 51.4738121], [10.224345240415765, 51.470909034135026], [10.22100544, 51.47191238], [10.21694565, 51.4700737], [10.21538639, 51.47258759], [10.21687222, 51.47693634], [10.215271, 51.47714615], [10.21820164, 51.47853851000001], [10.212888346195664, 51.478724646955335], [10.21436882, 51.48006820999999], [10.2056424, 51.4872993], [10.201669, 51.4864415], [10.1898956, 51.4807039], [10.19009018, 51.47887421], [10.18675613, 51.4773674], [10.1840373, 51.4725299], [10.1781652, 51.4701301], [10.1789662, 51.4672871], [10.18583393, 51.46508408], [10.1859501, 51.462249], [10.17720222, 51.45743561], [10.1796621, 51.4555048], [10.174324797358732, 51.44633710434542], [10.16761875, 51.44444656000001], [10.1586872, 51.4468242], [10.1558078, 51.443645], [10.1521193, 51.4473606], [10.14000416, 51.44261551], [10.142471250859993, 51.43987370630224], [10.1399922, 51.4396054], [10.14046097, 51.43774414000001], [10.154381378249116, 51.43146519772368], [10.152503340119013, 51.430116180994894], [10.14039421, 51.42971802], [10.1321315, 51.4355688], [10.130395894123614, 51.4337162486558], [10.12110519, 51.43415833], [10.11693382, 51.43022919], [10.0911996, 51.4356336], [10.08010769, 51.43455886999999], [10.07958317, 51.42530441], [10.0749272, 51.4197643], [10.071092397375027, 51.41840683982626], [10.06452656, 51.41982269], [10.06561947, 51.42499542000001], [10.05969429, 51.42828750999999], [10.0616, 51.4320749], [10.0590664, 51.4347675], [10.04667282, 51.43676376000001], [10.05144215, 51.43032074], [10.0425129, 51.4273793], [10.042180772838432, 51.42348428208441], [10.037703879738721, 51.420048802337824], [10.02414894, 51.41894913], [10.0095849, 51.4207449], [10.00760746, 51.41099929999999], [10.00557804, 51.40842056], [10.00078011, 51.40777969], [10.0003995, 51.4037168], [9.9896341, 51.4022779], [9.987542622552368, 51.398170991200345], [9.9657397, 51.3954805], [9.95361614, 51.38906097], [9.94199848, 51.37842941], [9.929533628388304, 51.3755714556585], [9.92659664, 51.37632751], [9.9326698, 51.3795975], [9.930357665974158, 51.3862431822321], [9.9314329, 51.392194], [9.92786026, 51.39265442], [9.9219292, 51.40064], [9.915999441282764, 51.401584522586276], [9.9086351, 51.4074182], [9.908854, 51.409585], [9.9137283, 51.4111758], [9.90913582, 51.41389465], [9.90602112, 51.42113876], [9.89927483, 51.41652679], [9.8829058, 51.4149143], [9.88455360463503, 51.410126862136636], [9.88106823, 51.40725327], [9.88121414, 51.40496826], [9.87831497, 51.40447617], [9.86853504, 51.41379166], [9.865776471205702, 51.41268495532252], [9.8651095, 51.4147312], [9.856166932125872, 51.413217982254196], [9.85612106, 51.41464233], [9.85074329, 51.41441345], [9.853651039704822, 51.40947879187113], [9.8500839, 51.4012197], [9.8577138, 51.3944025], [9.86074924, 51.39428710999999], [9.85591984, 51.38480376999999], [9.8600136, 51.3813449], [9.85942078, 51.37918472], [9.868099330387869, 51.37467603131077], [9.8658055, 51.3719119], [9.8527191, 51.3726373], [9.840120223620545, 51.38365371062701], [9.84178543, 51.38786697], [9.839350595681596, 51.39115377054633], [9.8414502, 51.3954443], [9.84063625, 51.4026413], [9.8372917, 51.4040273], [9.8338089, 51.40246964000001], [9.8316806, 51.406545], [9.829652425991737, 51.40423768492899], [9.8241602, 51.409745], [9.8119737, 51.4108081], [9.8014431, 51.4100914], [9.794137, 51.4071579], [9.7927884, 51.4012504], [9.79648972, 51.39813994999999], [9.80012703, 51.39918899999999], [9.80136967, 51.39599228000001], [9.79952335, 51.39351654], [9.80181503, 51.38941956], [9.800874480205861, 51.38680257151416], [9.798247159539656, 51.38629688866468], [9.7900529, 51.3904276], [9.7645878, 51.386209], [9.75660324, 51.38228607], [9.75228405, 51.37469101], [9.7382789, 51.3693018], [9.7323028, 51.3684168], [9.7249448, 51.3709115], [9.701363337993437, 51.3657181871072], [9.7019184, 51.3607576], [9.706005309735444, 51.356999803361944], [9.70103908871275, 51.35634784785383], [9.684424687018184, 51.36340091386875], [9.677365464937719, 51.36851443926204], [9.65329230739358, 51.36655890652375], [9.641126794566857, 51.36904393052163], [9.633486919157132, 51.3782518169101], [9.623332500652104, 51.38429280655811], [9.616693845459753, 51.3848202031631], [9.598129804102037, 51.39356122184321], [9.58955715900724, 51.39102814964502], [9.586412583920279, 51.38722167023127], [9.57969208267883, 51.385895798113], [9.56781685957613, 51.388938811477274], [9.57404518, 51.39210892], [9.5793457, 51.40176773], [9.58781624, 51.40259933], [9.5927382, 51.3978607], [9.6107774, 51.405896], [9.6314338, 51.4040597], [9.6289037, 51.4082636], [9.6303985, 51.4107084], [9.6435969, 51.4175801], [9.6340417, 51.4295843], [9.6340887, 51.4351796], [9.6310081, 51.4369954], [9.62767002924221, 51.444528859001636], [9.62862778, 51.4510231], [9.63086, 51.4529716], [9.63014889, 51.45820999], [9.6443208, 51.4666051], [9.6436549, 51.4702367], [9.6387496, 51.4741243], [9.62813282, 51.47562026999999], [9.62015355201284, 51.48056741960977], [9.609605031821772, 51.491162939889456], [9.6030216, 51.5025019], [9.58575058, 51.51731873], [9.5882597, 51.52170944], [9.59154701, 51.52322006], [9.6013527, 51.5210068], [9.60891724, 51.52218246], [9.6168473, 51.5273932], [9.6208496, 51.5331796], [9.6218614, 51.5426325], [9.61432362, 51.54770279], [9.609522150065823, 51.55735212149986], [9.617665119791091, 51.55483769199123], [9.6224432, 51.54867172], [9.6251738, 51.5481719], [9.6482573, 51.5508227], [9.6445398, 51.5595277], [9.6361501, 51.5592417], [9.6270983, 51.5691825], [9.6252175, 51.573822], [9.6258404, 51.5801963], [9.6304467, 51.5836709], [9.6456284, 51.5822021], [9.6452085, 51.5801774], [9.6493949, 51.5800734], [9.6607762, 51.5721623], [9.6842598, 51.5664741], [9.69094753, 51.57631683], [9.688766, 51.5795016], [9.6847366, 51.5817604], [9.6806897, 51.5874955], [9.6724255, 51.5871752], [9.6689488, 51.5916442], [9.6618299, 51.592727], [9.649686, 51.6062487], [9.6379012, 51.6088165], [9.6358735, 51.6164812], [9.6370277, 51.623816], [9.6269107, 51.6283409], [9.6271147, 51.6306526], [9.6317149, 51.6342082], [9.6259187, 51.6369556], [9.6163612, 51.6332243], [9.6142216, 51.6341742], [9.6084238, 51.6290996], [9.5904054, 51.6290644], [9.5973112, 51.6272429], [9.5844659, 51.6257959], [9.5795168, 51.6271168], [9.5704072, 51.6243511], [9.5598749, 51.6282377], [9.5590199, 51.6298824], [9.5606223, 51.6308505], [9.5548184, 51.6377865], [9.5432751, 51.6403272], [9.5324458, 51.6304513], [9.5234652, 51.6262927], [9.5173701, 51.6259347], [9.5057709, 51.6274635], [9.4962252, 51.6309701], [9.4915889, 51.6350396], [9.4914069, 51.639904], [9.4982487, 51.6518627], [9.4973218, 51.6557843], [9.4942953, 51.657665], [9.4646967, 51.6540373], [9.45069, 51.6464593], [9.4507454, 51.6488429], [9.4376161, 51.6515042], [9.4237799, 51.6496832], [9.4223219, 51.6475271], [9.4153953, 51.6464268], [9.4017422, 51.6475288], [9.3860176, 51.6459499], [9.3745213, 51.6498445], [9.3805442, 51.6672015], [9.3970267, 51.6735839], [9.3952749, 51.6804161], [9.3879909, 51.6857415], [9.3861841, 51.6893461], [9.399679, 51.6976352], [9.4017487, 51.7028006], [9.3871587, 51.7190857], [9.3873606, 51.7225373], [9.3938706, 51.7292286], [9.3939716, 51.7318723], [9.3787193, 51.7378564], [9.3754163, 51.7442052], [9.3853087, 51.7516723], [9.384085, 51.7580605], [9.3965239, 51.7577596], [9.4031764, 51.7597308], [9.4087539, 51.7644708], [9.4102309, 51.7703846], [9.4139436, 51.774597], [9.4199613, 51.7782362], [9.4220685, 51.7773139], [9.4313575, 51.7844659], [9.4397801, 51.7869603], [9.4370535, 51.7879372], [9.4481818, 51.7937126], [9.4358206, 51.7971721], [9.4400749, 51.8036264], [9.4308418, 51.8049972], [9.4305743, 51.8100547], [9.4271918, 51.8111835], [9.4280166, 51.8146431], [9.4405523, 51.8250018], [9.4378605, 51.8265963], [9.4385771, 51.8297745], [9.4427811, 51.8284127], [9.4332148, 51.8412128], [9.4596554, 51.8544732], [9.4617417, 51.8576793], [9.4594367, 51.8627687], [9.450717, 51.8593599], [9.4437185, 51.8597791], [9.4368253, 51.8562171], [9.4050692, 51.855658], [9.3930194, 51.8603048], [9.3796159, 51.8611084], [9.3648144, 51.8648797], [9.3516059, 51.8621461], [9.3349387, 51.8540227], [9.322978, 51.8549499], [9.3352285, 51.8559105], [9.3384214, 51.8649129], [9.3397217, 51.8781584], [9.3444136, 51.8801], [9.3424573, 51.8866108], [9.3462093, 51.8898764], [9.346022, 51.8944661], [9.3419686, 51.9003076], [9.3411259, 51.9078221], [9.3327976, 51.9144109], [9.3322575, 51.9169274], [9.3190664, 51.9183222], [9.3149849, 51.9225867], [9.311551, 51.9229747], [9.2942617, 51.9194298], [9.2890095, 51.9229584], [9.2871338, 51.9210856], [9.2831963, 51.926472], [9.279021, 51.9256901], [9.2738627, 51.9299236], [9.2720269, 51.9336971], [9.2751764, 51.9361569], [9.2736856, 51.9400214], [9.2789608, 51.9400905], [9.277321, 51.943775], [9.2628562, 51.9466517], [9.263917, 51.9480325], [9.2683614, 51.9467927], [9.2714009, 51.9495464], [9.2718578, 51.9550098], [9.2792316, 51.9558597], [9.2801515, 51.9575235], [9.2862326, 51.9570126], [9.2843988, 51.9600062], [9.2783117, 51.961471], [9.2786976, 51.9650266], [9.2736544, 51.9683873], [9.2775907, 51.970344], [9.2737823, 51.9740676], [9.2664944, 51.97007], [9.2680721, 51.9753454], [9.2588581, 51.9776344], [9.242628, 51.9745974], [9.2400114, 51.9768332], [9.2240068, 51.9728656], [9.2171208, 51.9737324], [9.2170599, 51.9697689], [9.2138544, 51.9706498], [9.2144503, 51.968693], [9.2083172, 51.9665752], [9.2109339, 51.9640465], [9.2096921, 51.9636766], [9.2111709, 51.9604189], [9.2089332, 51.959862], [9.2066205, 51.9626157], [9.2012933, 51.9628446], [9.2016393, 51.9649204], [9.1991506, 51.9629896], [9.1869655, 51.9652363], [9.1878283, 51.9732364], [9.1835529, 51.9778479], [9.175937, 51.9805485], [9.1743503, 51.9834451], [9.182322, 51.985561], [9.1840017, 51.9914243], [9.1969837, 51.9965898], [9.1794343, 52.0025711], [9.1918033, 52.0103532], [9.1973185, 52.0104522], [9.1955167, 52.0154417], [9.1902485, 52.0201681], [9.1891056, 52.0263214], [9.1760075, 52.0341605], [9.1737938, 52.0403438], [9.1771462, 52.0411567], [9.1723009, 52.047535], [9.1750126, 52.0533305], [9.174648, 52.0602578], [9.1795103, 52.0623715], [9.181317, 52.0679289], [9.194071, 52.0696768], [9.1883389, 52.0721595], [9.1822277, 52.0804645], [9.1766565, 52.0840191], [9.1765775, 52.0860299], [9.1539289, 52.0920151], [9.1551444, 52.0975942], [9.1442001, 52.0994819], [9.1344313, 52.0942523], [9.1328219, 52.0968971], [9.1359591, 52.1003564], [9.1357801, 52.1060726], [9.1468232, 52.1090766], [9.1447882, 52.1114262], [9.1463161, 52.1130835], [9.155527, 52.1141339], [9.1590863, 52.118731], [9.1537202, 52.1287976], [9.1436724, 52.1351248], [9.1288487, 52.135467], [9.1271038, 52.1368416], [9.1295044, 52.1397862], [9.1137942, 52.1374567], [9.1124514, 52.1349629], [9.1068581, 52.1324082], [9.1009232, 52.1329579], [9.0966154, 52.1371977], [9.0934962, 52.1351824], [9.0878315, 52.1350539], [9.080645, 52.1411095], [9.0675563, 52.1401711], [9.072177, 52.1449604], [9.0704688, 52.145151], [9.0708533, 52.1494738], [9.067472, 52.1497015], [9.0629764, 52.1489897], [9.062856, 52.1473587], [9.0527716, 52.1482862], [9.0546438, 52.1458206], [9.0438958, 52.143108], [9.0430791, 52.1392928], [9.0396853, 52.1385121], [9.0364806, 52.1401916], [9.0180395, 52.1324539], [9.0110415, 52.1358645], [9.0116163, 52.1396093], [9.0175804, 52.1477972], [9.0172494, 52.1560862], [9.0140879, 52.1569021], [9.0124802, 52.161248], [9.0169283, 52.1700747], [9.0214145, 52.1685263], [9.0219346, 52.171587], [9.0112322, 52.1728663], [9.0109842, 52.1778108], [9.0079296, 52.1782377], [9.008343, 52.1809133], [9.0015911, 52.183165], [9.0010736, 52.1876376], [8.9961462, 52.1861368], [8.9930112, 52.1890503], [8.9937766, 52.1916012], [8.9858838, 52.1946418], [8.9938296, 52.1962286], [8.9989119, 52.1917232], [9.0074126, 52.1896134], [9.0137956, 52.1953468], [9.0196867, 52.1915403], [9.017671, 52.1880036], [9.0217525, 52.1834492], [9.0457222, 52.1831507], [9.0431932, 52.1902695], [9.0487013, 52.1953359], [9.043539, 52.203797], [9.0461645, 52.2106482], [9.0364861, 52.2185601], [9.0371109, 52.2241145], [9.0416953, 52.2259386], [9.0473763, 52.2205771], [9.0525285, 52.2203941], [9.0701347, 52.2268674], [9.0769856, 52.2335327], [9.0552779, 52.2381971], [9.0354408, 52.2508856], [9.0333661, 52.2485159], [9.0251523, 52.2512839], [9.0065922, 52.2529683], [9.0042675, 52.2575568], [8.9745609, 52.2625091], [8.9717024, 52.263829], [8.9715249, 52.2659579], [8.9778946, 52.2708546], [8.9786583, 52.2748314], [8.976381, 52.2762215], [8.974562, 52.2731705], [8.9701293, 52.2730137], [8.9633174, 52.2788475], [8.9834473, 52.283886], [8.9879691, 52.2873342], [8.9850851, 52.2956588], [8.9892944, 52.299058], [8.9901725, 52.3061345], [8.9918052, 52.3071212], [8.9878607, 52.3109748], [8.9897453, 52.3147636], [8.9978924, 52.31837], [8.9983147, 52.3258211], [9.0077853, 52.3258061], [9.009833, 52.3311385], [9.0188196, 52.3310586], [9.0251376, 52.3369339], [9.0271776, 52.3453361], [9.0412711, 52.3411225], [9.0594783, 52.3393058], [9.0589075, 52.3466026], [9.0725696, 52.3482982], [9.0780634, 52.3538482], [9.0855592, 52.3561859], [9.0853942, 52.3599095], [9.0890696, 52.3663638], [9.0986855, 52.3729757], [9.0979362, 52.3761367], [9.1006441, 52.3805831], [9.0966806, 52.3816555], [9.0991223, 52.3823764], [9.0953249, 52.3864261], [9.1022234, 52.3883214], [9.1113629, 52.3944357], [9.1125156, 52.3976334], [9.1178829, 52.3974742], [9.1242619, 52.4057585], [9.1255496, 52.4131712], [9.1234978, 52.4227526], [9.1122876, 52.4207658], [9.1100729, 52.4218486], [9.1104928, 52.4233635], [9.1065894, 52.4249423], [9.1055267, 52.4273286], [9.1127364, 52.427906], [9.1110347, 52.4288139], [9.1120585, 52.4325374], [9.1105227, 52.4352761], [9.09473, 52.4431232], [9.1031646, 52.4568939], [9.1255161, 52.4680565], [9.1233294, 52.4745528], [9.126054, 52.4759756], [9.1386122, 52.4754593], [9.1340011, 52.4839711], [9.1129298, 52.485543], [9.0996118, 52.4972651], [9.0874067, 52.4956093], [9.072115, 52.4985399], [9.0660059, 52.4965141], [9.0529378, 52.5002803], [9.0463761, 52.4947651], [9.0469622, 52.4925427], [9.0439286, 52.4890526], [9.046074, 52.4890606], [9.0427989, 52.4876094], [9.0450899, 52.4851509], [9.0437458, 52.4827192], [9.0386017, 52.480017], [9.0285448, 52.4803968], [9.0235626, 52.4774211], [9.0218179, 52.4738655], [9.0225599, 52.4701498], [9.0168357, 52.4678399], [9.0169829, 52.4601744], [9.0132627, 52.4601041], [9.0123615, 52.4574274], [8.9988864, 52.4574086], [8.9968951, 52.4542952], [8.9912747, 52.452934], [8.9922511, 52.4505624], [8.9871701, 52.4519461], [8.9785055, 52.4506664], [8.9882988, 52.4450944], [8.9789811, 52.4361156], [8.9827211, 52.436661], [8.9832322, 52.4334439], [8.9871815, 52.432381], [8.9785479, 52.4269716], [8.9762342, 52.4280625], [8.9624844, 52.4248208], [8.9633682, 52.4223181], [8.9614176, 52.4193314], [8.9576512, 52.4175956], [8.9396013, 52.4153777], [8.9484155, 52.4144863], [8.9466576, 52.4097156], [8.9351739, 52.4045256], [8.9367103, 52.4018621], [8.9267917, 52.4013787], [8.9031866, 52.4044689], [8.9038535, 52.4016232], [8.8977954, 52.4014592], [8.8960526, 52.4059337], [8.8925576, 52.4057506], [8.8908145, 52.4035025], [8.8918984, 52.4008595], [8.8893586, 52.4000099], [8.8893038, 52.3960008], [8.8838976, 52.3964658], [8.8673449, 52.3926102], [8.8698447, 52.3947569], [8.8668272, 52.3964047], [8.8619768, 52.3941073], [8.8582319, 52.3946628], [8.8584101, 52.3930638], [8.8560914, 52.3930467], [8.8534638, 52.389492], [8.7876505, 52.3988011], [8.7461846, 52.3877603], [8.737062, 52.3914229], [8.7359341, 52.3951075], [8.724959, 52.4008162], [8.7168018, 52.3953974], [8.7147914, 52.3917652], [8.7055653, 52.3953738], [8.7109178, 52.4077361], [8.7053999, 52.4128766], [8.704834, 52.4187326], [8.7100035, 52.424187], [8.7170682, 52.4251135], [8.7182737, 52.4290388], [8.7173554, 52.4316638], [8.7066549, 52.4373913], [8.7031089, 52.443651], [8.7048482, 52.4557264], [8.7105277, 52.4604731], [8.7111744, 52.4654902], [8.7091802, 52.4770918], [8.697479, 52.4873532], [8.7030791, 52.5002812], [8.69876483753581, 52.501636500213735], [8.70206165, 52.50347519], [8.698530593902984, 52.506745956141664], [8.6987666, 52.5087694], [8.688741262012671, 52.511023257097314], [8.684422834502522, 52.51400186354382], [8.69031334, 52.51877594], [8.67148113, 52.51739502], [8.6522964, 52.5314923], [8.55742073, 52.50073242000001], [8.556869519263653, 52.499121223176815], [8.516452249142752, 52.50940215052823], [8.5087993, 52.5148327], [8.4874897, 52.50260925], [8.481691748488752, 52.4970201929727], [8.4725608, 52.4989149], [8.45886135, 52.49167252], [8.45931339, 52.47363281], [8.45790672, 52.47346497], [8.454331522816076, 52.46111628570837], [8.42987641247166, 52.44772635167436], [8.42532063, 52.45172882], [8.41777802, 52.44926834], [8.4158665, 52.4467415], [8.4180979, 52.4445648], [8.40103912, 52.45107651], [8.38636589, 52.44777679], [8.385711621280306, 52.44499793456712], [8.3680166, 52.4457568], [8.36444664, 52.44363784999999], [8.359973188542641, 52.444012723913055], [8.347889, 52.4523346], [8.3324528, 52.4548836], [8.324925321230303, 52.45213531072884], [8.31137371, 52.45895004], [8.30675457187543, 52.45619493294864], [8.3029963, 52.4588971], [8.2971102, 52.4564474], [8.2971146, 52.4546599], [8.3083216, 52.4440536], [8.3059344, 52.443909], [8.3036891, 52.4340389], [8.307607, 52.4344472], [8.3096715, 52.4377778], [8.31147, 52.431709], [8.3183973, 52.4296766], [8.3169791, 52.4278131], [8.3219075, 52.4260919], [8.3217615, 52.4181296], [8.3163107, 52.4147975], [8.31601, 52.4124517], [8.3234441, 52.4091833], [8.3120876, 52.4068335], [8.3233991, 52.4006161], [8.3430562, 52.3981649], [8.3580345, 52.3912829], [8.3921744, 52.3829635], [8.3943346, 52.3837877], [8.4010273, 52.3775222], [8.4287121, 52.3664598], [8.4326795, 52.3664558], [8.43618, 52.3617984], [8.4419519, 52.3614795], [8.4407342, 52.3563867], [8.4458166, 52.3509417], [8.4530121, 52.3313834], [8.4596051, 52.3244983], [8.4608549, 52.3171548], [8.4707677, 52.3155232], [8.4647621, 52.303441], [8.4591569, 52.3046189], [8.4581151, 52.3020671], [8.4618816, 52.2988785], [8.4586471, 52.2933931], [8.4634495, 52.2720758], [8.4661358, 52.2677003], [8.4587848, 52.2580498], [8.4635674, 52.2564084], [8.4630983, 52.2513472], [8.4662624, 52.2512414], [8.4685266, 52.2476023], [8.4596613, 52.2429106], [8.4587321, 52.2351226], [8.4612271, 52.229027], [8.4527621, 52.2254479], [8.4510881, 52.2188201], [8.4423629, 52.2134075], [8.449618, 52.2095763], [8.4530046, 52.2055137], [8.4522298, 52.2025172], [8.4558206, 52.2007265], [8.4548454, 52.1994568], [8.4702547, 52.1946568], [8.4907605, 52.192767], [8.4933075, 52.190468], [8.4996249, 52.1905982], [8.5173146, 52.1851634], [8.5049918, 52.1801431], [8.504947, 52.1765472], [8.4942796, 52.1694915], [8.4939081, 52.1670071], [8.4865203, 52.1665607], [8.4813148, 52.1598233], [8.464331, 52.1552269], [8.4639381, 52.1534135], [8.4529776, 52.1552965], [8.4434653, 52.1497554], [8.4348289, 52.1478035], [8.4109, 52.1366642], [8.4049571, 52.1301778], [8.4053127, 52.1251864], [8.4037633, 52.1239094], [8.408443, 52.1213841], [8.4107618, 52.1151799], [8.4050648, 52.1113618], [8.389148, 52.1079455], [8.3729144, 52.1096606], [8.3634644, 52.118391], [8.3585836, 52.1177714], [8.3491179, 52.1196904], [8.3430398, 52.1238029], [8.3410432, 52.1221511], [8.3239237, 52.1259426], [8.3145431, 52.122372], [8.315373, 52.1195453], [8.3108727, 52.1183095], [8.2985835, 52.1205872], [8.2985955, 52.1227799], [8.2926754, 52.1249737], [8.2855885, 52.1255036], [8.2843496, 52.1275483], [8.2866753, 52.1287122], [8.2864083, 52.1327138], [8.28821, 52.1348955], [8.2779336, 52.1313019], [8.2679137, 52.1318856], [8.2627989, 52.1204271], [8.2467924, 52.1216889], [8.2327876, 52.1101612], [8.2261886, 52.1086463], [8.2239374, 52.1056627], [8.2226846, 52.1069693], [8.2200219, 52.1055468], [8.2196496, 52.1021351], [8.2089682, 52.0963597], [8.2070666, 52.0916062], [8.2021913, 52.0886655], [8.1962928, 52.0742817], [8.1929167, 52.0723839], [8.1799076, 52.0717382], [8.1758985, 52.07343], [8.1732701, 52.0719175], [8.1685821, 52.0745044], [8.1643668, 52.0732825], [8.1619326, 52.0753517], [8.1540256, 52.0749921], [8.1518203, 52.0764403], [8.1318461, 52.0720742], [8.1261545, 52.0674864], [8.0964045, 52.0570609], [8.0921981, 52.0638201], [8.0689666, 52.0656548], [8.0668319, 52.0681725], [8.0563908, 52.0676507], [8.0554254, 52.0641987], [8.0459431, 52.0629161], [8.0354467, 52.0640989], [8.0361676, 52.0662957], [8.033059, 52.0683065], [8.0185792, 52.0616842], [8.0189052, 52.0584875], [8.0031926, 52.054322], [7.9938698, 52.0496236], [7.9881596, 52.0438597], [7.9867572, 52.0393226], [7.9810273, 52.03589], [7.9168535, 52.0518722], [7.9209662, 52.0579084], [7.9117619, 52.0624098], [7.8888094, 52.0835514], [7.8849741, 52.0832525], [7.8998476, 52.0917503], [7.9144424, 52.0936769], [7.9386271, 52.1008956], [7.94602, 52.1008956], [7.9582621, 52.1052252], [7.9679576, 52.1145411], [7.97212, 52.1161809], [8.0077366, 52.1154061], [8.0047969, 52.1366657], [8.002776, 52.137456], [8.0045229, 52.1437419], [8.0025891, 52.144356], [8.0029276, 52.149356], [7.997654, 52.1502464], [8.0003014, 52.1534677], [7.9972994, 52.1544375], [8.0029981, 52.1543397], [8.0009674, 52.1572844], [8.003518, 52.1601761], [8.0124606, 52.1590772], [8.0120287, 52.1620219], [8.0199405, 52.1591762], [8.023165, 52.1600461], [8.0252107, 52.1631248], [8.0153542, 52.1683772], [8.0169379, 52.1721847], [8.0073863, 52.1759573], [7.9890341, 52.1749354], [7.973862, 52.1712161], [7.9630745, 52.1761039], [7.9573632, 52.1764466], [7.9573352, 52.1779014], [7.9384498, 52.1760411], [7.9327986, 52.177086], [7.9337975, 52.1781849], [7.9285623, 52.1811106], [7.9241349, 52.1811225], [7.9159241, 52.185712], [7.9128946, 52.1851701], [7.9139454, 52.1875958], [7.9080803, 52.1895526], [7.9088092, 52.194863], [7.9021002, 52.1993944], [7.9037276, 52.1990412], [7.9061578, 52.2026651], [7.9022011, 52.2034764], [7.8999028, 52.2078756], [7.9065687, 52.2082825], [7.905119, 52.2134423], [7.9068974, 52.2153057], [7.9106638, 52.2145318], [7.9146551, 52.2228058], [7.9199263, 52.2215754], [7.9261658, 52.2251419], [7.9279961, 52.2297481], [7.9259228, 52.2324222], [7.9285179, 52.2433705], [7.9223768, 52.2515226], [7.9258343, 52.2585878], [7.9241065, 52.2621774], [7.9297056, 52.265881], [7.9459349, 52.2652624], [7.9574513, 52.2726292], [7.9349804, 52.2857766], [7.9310763, 52.2863564], [7.9317856, 52.2914566], [7.9297625, 52.2931489], [7.9321891, 52.2946818]], [[9.7784216, 53.3084786], [9.7878201, 53.3090636], [9.7885567, 53.3051214], [9.7815284, 53.3048763], [9.7872681, 53.3037455], [9.7921309, 53.3001236], [9.7963717, 53.3001643], [9.7949577, 53.2943771], [9.8181021, 53.2972545], [9.8429308, 53.293195], [9.8442164, 53.2893653], [9.8514701, 53.2913912], [9.8457365, 53.2815312], [9.8491049, 53.2807057], [9.8457095, 53.2756542], [9.8651157, 53.269194], [9.8664621, 53.2664419], [9.875671, 53.2664382], [9.8759408, 53.2636034], [9.8721418, 53.2603897], [9.8729061, 53.258924], [9.8693093, 53.2565909], [9.8640716, 53.2567186], [9.8739049, 53.2482711], [9.8837361, 53.244478], [9.9008112, 53.2459773], [9.918144, 53.2432085], [9.9189917, 53.2452493], [9.894203, 53.2614482], [9.8928038, 53.2653526], [9.8973319, 53.2662732], [9.8955354, 53.2697354], [9.892004, 53.2710822], [9.8930404, 53.2722824], [9.8886526, 53.269249], [9.8821076, 53.2689219], [9.8873674, 53.2720278], [9.8862881, 53.2737767], [9.8783792, 53.2745251], [9.8754029, 53.2775461], [9.8865634, 53.2757591], [9.8889176, 53.2824514], [9.8969216, 53.2880077], [9.8938102, 53.2885702], [9.8982426, 53.2950371], [9.898798, 53.300044], [9.9075549, 53.3033434], [9.9078457, 53.3102322], [9.9138694, 53.3087696], [9.913009, 53.3146532], [9.9080478, 53.3147982], [9.9108434, 53.3292707], [9.9138776, 53.3316205], [9.930916, 53.3336113], [9.9280203, 53.3405541], [9.9116465, 53.3403328], [9.9132335, 53.352109], [9.9083276, 53.3536424], [9.898418, 53.3512769], [9.8955543, 53.3528641], [9.8954484, 53.3584606], [9.8926413, 53.3609068], [9.9021959, 53.367101], [9.8822552, 53.3765717], [9.8743187, 53.3766312], [9.8734511, 53.3793305], [9.8710718, 53.3789148], [9.8691565, 53.3764974], [9.8592422, 53.3745659], [9.8591646, 53.3731107], [9.8413334, 53.3725445], [9.8400449, 53.3690432], [9.8329259, 53.3702248], [9.834279, 53.3737849], [9.817797, 53.3760371], [9.8159433, 53.3708329], [9.8159339, 53.3541914], [9.8308255, 53.3533205], [9.8265702, 53.3421022], [9.8112466, 53.3404347], [9.8117883, 53.3377497], [9.7977705, 53.3300209], [9.7850763, 53.3268894], [9.7807975, 53.3230809], [9.7864472, 53.3155614], [9.7829248, 53.3125604], [9.7838125, 53.3101041], [9.7784216, 53.3084786]], [[9.5980464, 53.4622766], [9.6012215, 53.4625626], [9.6053579, 53.4594599], [9.5997318, 53.4556013], [9.6029721, 53.4528425], [9.6097316, 53.4561644], [9.6132479, 53.4536569], [9.6333296, 53.4544857], [9.6569682, 53.4369597], [9.6670223, 53.4328488], [9.6694506, 53.4299254], [9.6678062, 53.426459], [9.6731717, 53.4240392], [9.6748503, 53.4188332], [9.6835687, 53.4138672], [9.6836711, 53.4115224], [9.6885023, 53.4146391], [9.7054266, 53.4157381], [9.7187655, 53.4232953], [9.7264034, 53.4225392], [9.7405759, 53.4378247], [9.7495823, 53.4391898], [9.7519346, 53.4372998], [9.765757, 53.435945], [9.7746416, 53.436707], [9.7769813, 53.4399315], [9.7832448, 53.4404897], [9.7834421, 53.4433563], [9.7814715, 53.4433493], [9.7810205, 53.4452521], [9.7835121, 53.4452831], [9.7832451, 53.4478468], [9.7797206, 53.4570517], [9.7759821, 53.4600724], [9.7719698, 53.4584815], [9.7686671, 53.4712881], [9.7714057, 53.4715431], [9.7712056, 53.4803091], [9.7681481, 53.4799511], [9.7679771, 53.4818849], [9.7602543, 53.480817], [9.7604082, 53.4847345], [9.749203, 53.4847685], [9.7503897, 53.4899989], [9.7138969, 53.4922595], [9.7142777, 53.4950515], [9.7130093, 53.4939648], [9.6872528, 53.5016248], [9.6825384, 53.4956588], [9.6528583, 53.501783], [9.6294421, 53.5093251], [9.6263292, 53.509454], [9.6245783, 53.5051337], [9.6212547, 53.5048967], [9.6193623, 53.5002205], [9.6257227, 53.496425], [9.619599, 53.4889561], [9.6199915, 53.4859691], [9.6107658, 53.4768488], [9.5984647, 53.4715623], [9.6021519, 53.4679356], [9.5971845, 53.4655527], [9.5980464, 53.4622766]], [[9.55224323, 53.63989258], [9.54619694, 53.64796829], [9.54406357, 53.66196442], [9.54182148, 53.6648674], [9.54094219, 53.6566925], [9.53569698, 53.65172577], [9.53508377, 53.64524078], [9.55084896, 53.63277054], [9.55414677, 53.62599945], [9.55845451, 53.62600327], [9.56446838, 53.63335799999999], [9.55224323, 53.63989258]], [[9.55703068, 53.63772202], [9.55386353, 53.64429092], [9.54894638, 53.64685059], [9.55703068, 53.63772202]], [[9.52684975, 53.66425705], [9.53032207, 53.67238617], [9.52895546, 53.68281936999999], [9.51965141, 53.69877243], [9.51056099, 53.70706558], [9.50044823, 53.71051788], [9.49614811, 53.70968628], [9.50974464, 53.69432831000001], [9.51197147, 53.68526077], [9.52684975, 53.66425705]], [[8.7099349, 53.0455222], [8.7313817, 53.0336592], [8.7339588, 53.0336058], [8.7349277, 53.0350521], [8.73286915, 53.03630066], [8.7388792, 53.03784561], [8.739632098236752, 53.04011550049136], [8.75627041, 53.03878021], [8.7572626, 53.0409598], [8.754966, 53.0428596], [8.764001, 53.0469976], [8.76222515, 53.05083084], [8.7705645, 53.0531493], [8.7726492, 53.0450454], [8.7764586, 53.0430496], [8.7776905, 53.039517], [8.791575011099582, 53.036430765662395], [8.789404194936626, 53.03141189886058], [8.78332034505091, 53.02800775927887], [8.773318540643682, 53.01779931047929], [8.750302456666361, 53.01001263387356], [8.752394870993765, 53.00385585672575], [8.760088561575287, 53.00271547782942], [8.763125317458005, 53.00404838951544], [8.770295906169508, 52.99741908524412], [8.772637483145864, 52.999823531684], [8.77749355533269, 52.99871913381422], [8.77555331680137, 52.99470286845314], [8.77936299600967, 52.99429857394584], [8.778175656456872, 52.99204424178204], [8.78221239697077, 52.99169321080033], [8.783698043762897, 52.98980918136152], [8.781361939668248, 52.98751814258869], [8.782621476295297, 52.9857866577507], [8.7747074, 52.9824391], [8.772063823165805, 52.97940153217532], [8.77365593391182, 52.97810882998476], [8.7675426, 52.9711512], [8.7787941, 52.9630167], [8.7929322, 52.9561652], [8.802479440237576, 52.959327097458505], [8.8056241, 52.9570594], [8.8157369, 52.9586135], [8.817491266339056, 52.961984547799176], [8.8321305, 52.9602018], [8.838385148964107, 52.96338733117742], [8.843646055511318, 52.95990228029348], [8.8407663, 52.9586965], [8.8463139, 52.9543647], [8.869569838914003, 52.95271567418559], [8.8731387, 52.9529478], [8.8748395, 52.9567296], [8.9050271, 52.9625207], [8.9037126, 52.9674727], [8.9048947, 52.9744272], [8.9079859, 52.9778414], [8.9087593, 52.9825745], [8.9099931, 52.9836763], [8.9166369, 52.9804821], [8.9325702, 52.9907713], [8.9318763, 52.9985417], [8.919078, 53.0029936], [8.9274666, 53.0094714], [8.9158254, 53.0110367], [8.9176498, 53.0133525], [8.9214119, 53.0122177], [8.9217905, 53.0149411], [8.9285832, 53.0129248], [8.935912, 53.0135338], [8.938248, 53.0247879], [8.9457592, 53.0248747], [8.9457816, 53.0306066], [8.963531, 53.0371111], [8.9665753, 53.036691], [8.9803461, 53.0467959], [8.9765506, 53.0515073], [8.9734821, 53.0511943], [8.9704385, 53.0561458], [8.9655523, 53.0572826], [8.9637339, 53.0599887], [8.965854, 53.0626183], [8.9634875, 53.0723619], [8.965871, 53.0828138], [8.9609864, 53.0851691], [8.965795, 53.0899715], [8.9836902, 53.0933907], [8.9907318, 53.0965647], [8.9889256, 53.0983736], [8.9817595, 53.0963936], [8.9790021, 53.0995641], [8.9703476, 53.1016846], [8.9632442, 53.1004308], [8.957763, 53.1110396], [8.9472416, 53.1161889], [8.9832949, 53.125737], [8.9788805, 53.1309364], [8.9728285, 53.1326002], [8.9640428, 53.1390164], [8.9566118, 53.1471645], [8.9446615, 53.1521324], [8.9400594, 53.1522299], [8.9208464, 53.1444297], [8.9222782, 53.142007], [8.9167315, 53.1392913], [8.9179001, 53.1382251], [8.9125218, 53.132554], [8.9089514, 53.1329809], [8.9067167, 53.1373724], [8.9031632, 53.1385313], [8.8977931, 53.1340308], [8.863572, 53.1313894], [8.8607371, 53.1343619], [8.8615312, 53.1379768], [8.8560985, 53.1384209], [8.8576112, 53.1402199], [8.854862, 53.1403093], [8.8530178, 53.1436965], [8.841142, 53.1477588], [8.8398613, 53.1578506], [8.8348431, 53.1568], [8.8269434, 53.1612865], [8.8300498, 53.1632825], [8.82926, 53.1642765], [8.818548, 53.161806], [8.8147302, 53.1640134], [8.8126364, 53.1611472], [8.8089609, 53.1630517], [8.8070776, 53.1602146], [8.8040517, 53.1621904], [8.7978003, 53.1608824], [8.7971804, 53.1636061], [8.7944399, 53.1612594], [8.7909784, 53.1632931], [8.7886798, 53.1602145], [8.7863921, 53.1631102], [8.7821617, 53.1634421], [8.7755158, 53.1615153], [8.7776105, 53.1590736], [8.7761597, 53.1581967], [8.7616949, 53.1651848], [8.7551209, 53.163472], [8.748045, 53.1659407], [8.741568, 53.1640409], [8.7408401, 53.1666076], [8.7432867, 53.171781], [8.7393206, 53.1708689], [8.7368829, 53.1733195], [8.7351704, 53.1724284], [8.7304562, 53.1753886], [8.7289844, 53.1806075], [8.7142751, 53.1832662], [8.7055529, 53.1758173], [8.7010039, 53.1781494], [8.7027529, 53.1812659], [8.6994273, 53.1854383], [8.6968318, 53.1826797], [8.6797549, 53.1780832], [8.6785099, 53.1774416], [8.6799475, 53.1762594], [8.6761749, 53.1752611], [8.674855, 53.1787582], [8.666191, 53.1764947], [8.6626372, 53.1782044], [8.6593758, 53.1772202], [8.6580618, 53.1817147], [8.6524947, 53.1846403], [8.6550903, 53.1869751], [8.6420783, 53.1896579], [8.6377279, 53.1917855], [8.6376641, 53.1950162], [8.6321342, 53.1954511], [8.627948, 53.198289], [8.6217284, 53.1971408], [8.6222122, 53.1952428], [8.6085547, 53.1931691], [8.6089924, 53.1886458], [8.5933778, 53.1842081], [8.5907021, 53.1867494], [8.5927382, 53.1876264], [8.5888293, 53.1898723], [8.5803898, 53.1900415], [8.5801618, 53.1931162], [8.5850581, 53.1961258], [8.5815366, 53.1981746], [8.5816916, 53.2000934], [8.5939576, 53.2054148], [8.5990987, 53.2127682], [8.5785689, 53.2174424], [8.5721579, 53.2108202], [8.5662079, 53.2136548], [8.5539674, 53.2077773], [8.5407369, 53.2153874], [8.5302221, 53.2159088], [8.5259918, 53.2219105], [8.5205684, 53.2229493], [8.5210234, 53.2263756], [8.5187754, 53.2261047], [8.517496, 53.2285462], [8.5069056, 53.2276275], [8.5047287, 53.2288943], [8.4897386, 53.2266402], [8.4887657, 53.2283292], [8.4815929, 53.2264612], [8.5062953, 53.2000212], [8.5124373, 53.1969196], [8.5154398, 53.1980034], [8.5339491, 53.1868528], [8.5826206, 53.1733754], [8.6114612, 53.1703888], [8.6199286, 53.1669347], [8.6233774, 53.1630717], [8.626563, 53.1455167], [8.6306134, 53.1384595], [8.6513734, 53.1220404], [8.6510674, 53.116838], [8.653708, 53.1161011], [8.6569775, 53.1180778], [8.6535511, 53.1118255], [8.654229, 53.1088996], [8.6704666, 53.1024566], [8.6648715, 53.0956124], [8.6665183, 53.0916568], [8.674607, 53.0862245], [8.6870091, 53.0859195], [8.700825, 53.0829359], [8.7039155, 53.0815131], [8.7015129, 53.0815781], [8.7061572, 53.0761467], [8.7088548, 53.0759137], [8.7103973, 53.0684701], [8.7068683, 53.0520754], [8.7099349, 53.0455222]], [[8.6438127, 53.6054699], [8.651588, 53.6041471], [8.6539072, 53.6024459], [8.6571794, 53.6030494], [8.6591773, 53.6081067], [8.6432347, 53.6101244], [8.6425428, 53.6089605], [8.6450645, 53.6075337], [8.6438127, 53.6054699]], [[8.6133572, 53.1973603], [8.612068, 53.1962265], [8.6154949, 53.1945666], [8.6166977, 53.1957746], [8.6133572, 53.1973603]]], [[[9.983254059358133, 53.75956377550619], [9.982577, 53.7591296], [9.97792435, 53.75796509], [9.983254059358133, 53.75956377550619]]], [[[9.977499836154914, 53.754120241022115], [9.9806254, 53.7527473], [9.98024693295043, 53.752119238264946], [9.977499836154914, 53.754120241022115]]], [[[9.979264575795158, 53.75620919776005], [9.977465305571938, 53.75413716122169], [9.9771347, 53.75429916], [9.97755051, 53.7550087], [9.979264575795158, 53.75620919776005]]], [[[9.9747295, 53.7391218], [9.973821934985803, 53.73809633605782], [9.974824895255122, 53.739213957743324], [9.9747295, 53.7391218]]], [[[9.963054180611064, 53.76593549086458], [9.9645477, 53.7676666], [9.967271075893713, 53.768570801020395], [9.96609688, 53.768013], [9.963054180611064, 53.76593549086458]]], [[[9.96315384, 53.7299614], [9.9616403, 53.7298722], [9.960108270279433, 53.73032762728101], [9.96315384, 53.7299614]]], [[[9.93891324603579, 53.753300569321695], [9.961910422290675, 53.764013681743194], [9.96313572, 53.76340103], [9.94064426, 53.7519989], [9.93891324603579, 53.753300569321695]]], [[[9.960470291032252, 53.722365040558536], [9.9605492, 53.7223337], [9.960240374704505, 53.721975179684144], [9.960470291032252, 53.722365040558536]]], [[[9.959107948326839, 53.728610396628184], [9.9590984, 53.7285758], [9.958802280551001, 53.72877767026518], [9.959107948326839, 53.728610396628184]]], [[[9.9580512, 53.7319884], [9.958106284409562, 53.73300967984039], [9.957915243956426, 53.731381665932766], [9.9580512, 53.7319884]]], [[[9.957510246088875, 53.733267299814464], [9.956463, 53.7325072], [9.955485345389677, 53.73245052232607], [9.957510246088875, 53.733267299814464]]], [[[9.956074596736942, 53.72569945027996], [9.956042210188205, 53.72487161744997], [9.95597458, 53.72489929], [9.956074596736942, 53.72569945027996]]], [[[9.955875538411417, 53.726181630375535], [9.9559754, 53.7261787], [9.956008352389711, 53.726144933971035], [9.955875538411417, 53.726181630375535]]], [[[9.9556934, 53.7320002], [9.9543168, 53.7298929], [9.954125512454084, 53.729264231552854], [9.9556934, 53.7320002]]], [[[9.94927406, 53.71087265], [9.955673084864262, 53.71672754952649], [9.947228960167644, 53.708292716548954], [9.94927406, 53.71087265]]], [[[9.954365803260796, 53.72839590182562], [9.9544148, 53.728349], [9.95438514772733, 53.72832599746441], [9.954365803260796, 53.72839590182562]]], [[[9.95294571, 53.72724152], [9.953079368860223, 53.72731304897324], [9.952947023468658, 53.72721038299505], [9.95294571, 53.72724152]]], [[[9.95301056, 53.72570419000001], [9.953069, 53.7269451], [9.953034067627303, 53.72569634868809], [9.95301056, 53.72570419000001]]], [[[9.9497758, 53.7051326], [9.94389057, 53.70428085], [9.948548691075532, 53.70642806964522], [9.9497758, 53.7051326]]], [[[9.94527435, 53.70623397999999], [9.945784063750414, 53.706346621712505], [9.94612344038201, 53.70640015354499], [9.94527435, 53.70623397999999]]], [[[9.94516659, 53.70041275], [9.9456985, 53.7005051], [9.943587888077404, 53.69939230985833], [9.94516659, 53.70041275]]], [[[9.942012224725286, 53.652647737022704], [9.944939618586863, 53.65325019453852], [9.9456812, 53.6528674], [9.9455012, 53.6527498], [9.942012224725286, 53.652647737022704]]], [[[9.9443573, 53.6592227], [9.94255661184404, 53.663488559195734], [9.9427545, 53.6633232], [9.9443573, 53.6592227]]], [[[9.943529191974234, 53.699354369916044], [9.943563, 53.692071], [9.942275789231696, 53.690955691871686], [9.94104195, 53.69733047], [9.943529191974234, 53.699354369916044]]], [[[9.9434811, 53.6872755], [9.94310665, 53.68741226], [9.943044474930474, 53.687799666225715], [9.9434811, 53.6872755]]], [[[9.9412508, 53.65855407999999], [9.9417417, 53.6578308], [9.9430305, 53.6548592], [9.9412508, 53.65855407999999]]], [[[9.942771810330205, 53.68701083541784], [9.9427312, 53.6868716], [9.942649545955765, 53.68686425802618], [9.942771810330205, 53.68701083541784]]], [[[9.94102573, 53.66666412], [9.941281382980119, 53.66629735470766], [9.941227092312854, 53.666246427236416], [9.94102573, 53.66666412]]], [[[9.9416314, 53.6853307], [9.941231016609986, 53.68521953908597], [9.941635326674014, 53.685584952142406], [9.9416314, 53.6853307]]], [[[9.9410595, 53.6847088], [9.941058825770842, 53.68509346781112], [9.9411744, 53.6849258], [9.9410595, 53.6847088]]], [[[9.939538773887858, 53.684052887603485], [9.9396757, 53.6837479], [9.939378627571452, 53.68373159393053], [9.939538773887858, 53.684052887603485]]], [[[9.938459127836442, 53.68324069520579], [9.9395367, 53.683255], [9.9384319, 53.683076], [9.938459127836442, 53.68324069520579]]], [[[9.93881, 53.6710363], [9.93780708, 53.67111588000001], [9.937875777101596, 53.67602979594205], [9.93881, 53.6710363]]], [[[9.937359476052057, 53.682105305651426], [9.9381449, 53.682702], [9.937726, 53.6823131], [9.937359476052057, 53.682105305651426]]], [[[9.9371811, 53.6804893], [9.9366352, 53.6797004], [9.93490438427481, 53.67892759832061], [9.93720055, 53.68060303000001], [9.93631077, 53.68151474], [9.93775, 53.6819961], [9.9365632, 53.6814052], [9.9372291, 53.6806463], [9.9371811, 53.6804893]]], [[[9.937522363507343, 53.6523259096402], [9.9374734, 53.6523224], [9.93721532977114, 53.65259836152865], [9.937522363507343, 53.6523259096402]]], [[[9.9364233, 53.6778576], [9.93737688765252, 53.6769531435759], [9.935375613001115, 53.678168399872824], [9.9364233, 53.6778576]]], [[[9.93645763, 53.65327072], [9.9352648, 53.6520221], [9.935149742649358, 53.65205765118416], [9.93645763, 53.65327072]]], [[[9.934508611080881, 53.652255752273156], [9.9332356, 53.6526681], [9.932666750987362, 53.65277232696661], [9.93319988, 53.65271378], [9.934508611080881, 53.652255752273156]]], [[[9.932427108864552, 53.65279864389747], [9.9308112, 53.6526997], [9.930404557395699, 53.65302075571377], [9.932427108864552, 53.65279864389747]]], [[[9.92175713025317, 53.65418521727142], [9.92507839, 53.65313339], [9.92859784442929, 53.65321916465647], [9.9252064, 53.6530629], [9.92175713025317, 53.65418521727142]]], [[[9.921208357920564, 53.65492901236895], [9.921089, 53.6547331], [9.9210304, 53.6547668], [9.921208357920564, 53.65492901236895]]], [[[9.920648262728369, 53.655405739714396], [9.9195703, 53.6547906], [9.918457305638901, 53.65456610664752], [9.920648262728369, 53.655405739714396]]], [[[9.91771154285428, 53.6542803105007], [9.9068779, 53.6524844], [9.905091619252847, 53.647057499760486], [9.90475178, 53.6517868], [9.91491508, 53.65519714], [9.91771154285428, 53.6542803105007]]], [[[9.91014576, 53.74853516], [9.9100655, 53.7486125], [9.910159332407472, 53.748530588623254], [9.91014576, 53.74853516]]], [[[9.906755974618461, 53.749975404860045], [9.9080198, 53.7498333], [9.908458599735566, 53.749600115835115], [9.906755974618461, 53.749975404860045]]], [[[9.90489292, 53.64317703], [9.90514966796732, 53.64621654784464], [9.9057398, 53.6417447], [9.901432803074286, 53.64059521947083], [9.90489292, 53.64317703]]], [[[9.90035534, 53.77156067000001], [9.9015776, 53.7695861], [9.900556122421792, 53.766170732618015], [9.90143013, 53.76947021], [9.90035534, 53.77156067000001]]], [[[9.9015206, 53.7650536], [9.90092754, 53.7651825], [9.900801431159307, 53.76551803842657], [9.9015206, 53.7650536]]], [[[9.8966975, 53.7547997], [9.89187145, 53.75244522], [9.89680767, 53.75503922], [9.900715802382063, 53.76147397715527], [9.9001329, 53.7590343], [9.899705, 53.7588663], [9.8966975, 53.7547997]]], [[[9.900439143898224, 53.636840675662825], [9.8993922, 53.6359282], [9.899182953308225, 53.63584204229618], [9.900439143898224, 53.636840675662825]]], [[[9.898038445957, 53.75077816114706], [9.899607013156636, 53.75088815884689], [9.89879227, 53.75076294000001], [9.898038445957, 53.75077816114706]]], [[[9.8960637, 53.7511611], [9.897775114969665, 53.75078347830259], [9.895560754856609, 53.75126581705783], [9.8960637, 53.7511611]]], [[[9.896836768357849, 53.63462832880534], [9.8964109, 53.6311515], [9.89220142, 53.63129044], [9.89624119, 53.63207626], [9.896836768357849, 53.63462832880534]]], [[[9.893561844427264, 53.75193853907279], [9.894208, 53.751878], [9.894360118879694, 53.75169926329597], [9.893561844427264, 53.75193853907279]]], [[[9.890440287663663, 53.62865956642619], [9.890198321772612, 53.62852776303274], [9.89041519, 53.62866210999999], [9.890440287663663, 53.62865956642619]]], [[[9.886120295873285, 53.624856534255244], [9.8887712, 53.6231365], [9.8891982, 53.6228692], [9.88507938, 53.6235199], [9.886120295873285, 53.624856534255244]]], [[[9.8819736, 53.6204252], [9.88385296, 53.62154007], [9.884539727140089, 53.62171249871766], [9.8819736, 53.6204252]]], [[[9.882947225650366, 53.801152020146425], [9.88104534, 53.80812073], [9.880926927082058, 53.80971191467086], [9.882947225650366, 53.801152020146425]]], [[[9.8420802, 53.8254865], [9.8509198, 53.830289], [9.880580200209208, 53.81098508471887], [9.87314224, 53.81403732], [9.84980392, 53.82964706], [9.84233475, 53.82551193], [9.84885216, 53.82125854], [9.845283179495006, 53.81753050128944], [9.8482633, 53.821424], [9.8420802, 53.8254865]]], [[[9.87914753, 53.6198082], [9.8792342, 53.6197525], [9.877014905635875, 53.618469828275046], [9.87914753, 53.6198082]]], [[[9.8739638, 53.7808317], [9.8748476, 53.7789779], [9.8758178401512, 53.778126007392245], [9.87330818, 53.77830887], [9.8739638, 53.7808317]]], [[[9.87383687033212, 53.78947155417033], [9.871884, 53.786985], [9.871204597671008, 53.78687187459007], [9.87149525, 53.7872467], [9.87383687033212, 53.78947155417033]]], [[[9.8707442, 53.7858481], [9.869755305061105, 53.78500286601031], [9.870598632631205, 53.78609042172769], [9.8707442, 53.7858481]]], [[[9.8675165, 53.609105], [9.864923723256563, 53.60826524365935], [9.8683534104446, 53.61005245765836], [9.8675165, 53.609105]]], [[[9.857861702993779, 53.59950782548096], [9.8560392, 53.5988574], [9.855406381108308, 53.598671204963516], [9.857861702993779, 53.59950782548096]]], [[[9.854499983322558, 53.59836236114592], [9.8544885, 53.5983333], [9.85443660970861, 53.598340767372], [9.854499983322558, 53.59836236114592]]], [[[9.85419655, 53.59825897], [9.8529588, 53.5974246], [9.852406690285203, 53.59747693141137], [9.85419655, 53.59825897]]], [[[9.849462045446923, 53.597756037929976], [9.849075377989278, 53.59779268798928], [9.84909534, 53.59781265], [9.849462045446923, 53.597756037929976]]], [[[9.849045546455605, 53.5977628564556], [9.849296, 53.5973842], [9.848509612500001, 53.5972269225], [9.849045546455605, 53.5977628564556]]], [[[9.84471989, 53.59654617], [9.845847517189902, 53.59672155378224], [9.84473376140964, 53.59651421736393], [9.84471989, 53.59654617]]], [[[9.843556118350891, 53.81792261728617], [9.84480713504362, 53.81711438680207], [9.8448, 53.81710815], [9.843556118350891, 53.81792261728617]]], [[[9.8399295, 53.5933476], [9.839968720769836, 53.5927987823198], [9.83988585354627, 53.593402885508056], [9.8399295, 53.5933476]]], [[[9.83963776, 53.59500122], [9.839688, 53.5947383], [9.839683965170805, 53.59472927547381], [9.83963776, 53.59500122]]], [[[9.83966284729282, 53.5925034690942], [9.8395844, 53.5924818], [9.839517900824518, 53.59249902702353], [9.83966284729282, 53.5925034690942]]], [[[9.8386408322604, 53.592472148130994], [9.83669949, 53.59155273], [9.83739376, 53.59243393], [9.8386408322604, 53.592472148130994]]], [[[9.836353571458787, 53.589599565484804], [9.8368981, 53.5887231], [9.836676200683513, 53.58769789832437], [9.836353571458787, 53.589599565484804]]], [[[9.83335495, 53.58728409], [9.8323706, 53.5865836], [9.82950622668488, 53.585604936777024], [9.83335495, 53.58728409]]], [[[9.831397581958184, 53.8253513132533], [9.8314149, 53.8254255], [9.83153443463238, 53.825357106400986], [9.831397581958184, 53.8253513132533]]], [[[9.8248382, 53.5842314], [9.820078203295644, 53.585395123440776], [9.82631170953925, 53.58516099559363], [9.8248382, 53.5842314]]], [[[9.821617628204088, 53.84141263624332], [9.821322111498015, 53.84093167277651], [9.82130623, 53.84093857], [9.821617628204088, 53.84141263624332]]], [[[9.804972973214776, 53.593542094918895], [9.8038725, 53.5933053], [9.803703881897217, 53.59329495453029], [9.80467319, 53.59377289], [9.804972973214776, 53.593542094918895]]], [[[9.791978507987443, 53.860787646795266], [9.7942223, 53.8598454], [9.80047407997574, 53.856928392113694], [9.791978507987443, 53.860787646795266]]], [[[9.7897157, 53.6039734], [9.79823589, 53.59684753], [9.798121236512785, 53.59596997783218], [9.7913232, 53.6012653], [9.7897157, 53.6039734]]], [[[9.7685244, 53.622575], [9.77029419, 53.62746429], [9.76889133, 53.62283707], [9.7706337, 53.61623001000001], [9.78923225, 53.61145782], [9.79114246, 53.60901642], [9.795089147058848, 53.60992929874769], [9.7912245, 53.6086307], [9.7888616, 53.6111645], [9.7705486, 53.6160312], [9.7685244, 53.622575]]], [[[9.76347446, 53.62492371], [9.76367283, 53.62749481000001], [9.76659669897888, 53.627481332937705], [9.7637478, 53.6273888], [9.7635574, 53.6249062], [9.760061046326953, 53.6242866786978], [9.76347446, 53.62492371]]], [[[9.7591988, 53.6109631], [9.757979933618461, 53.608222131876396], [9.75910091, 53.61092376999999], [9.756502989584163, 53.61189064539815], [9.7591988, 53.6109631]]], [[[9.757797705059478, 53.61788709587234], [9.7566391, 53.615979], [9.756185443816431, 53.61604360889264], [9.757797705059478, 53.61788709587234]]], [[[9.751913450126905, 53.89236735773485], [9.7525655, 53.8920146], [9.756787881038719, 53.88537402603797], [9.751913450126905, 53.89236735773485]]], [[[9.75531722840951, 53.61233195349245], [9.7563118, 53.6120203], [9.75626965511481, 53.61197748614838], [9.75531722840951, 53.61233195349245]]], [[[9.753946877644882, 53.613468763192444], [9.753604627127165, 53.61296933716157], [9.75353527, 53.61299515], [9.753946877644882, 53.613468763192444]]], [[[9.751209770418182, 53.60336778358801], [9.749693, 53.6036262], [9.748392564909826, 53.60384538947049], [9.74843311, 53.60389709], [9.751209770418182, 53.60336778358801]]], [[[9.74823463026633, 53.60364400122197], [9.7473999, 53.6018318], [9.744443271033473, 53.59884593768364], [9.74692535, 53.60197449], [9.74823463026633, 53.60364400122197]]], [[[9.7447536, 53.5945958], [9.746441873404823, 53.59254222730621], [9.744618515365634, 53.59460867514547], [9.7447536, 53.5945958]]], [[[9.743818309180858, 53.598058200517336], [9.7436113, 53.5968582], [9.744011747568166, 53.59557182801778], [9.74340439, 53.59680176], [9.743818309180858, 53.598058200517336]]], [[[9.74013424, 53.57807541], [9.7425212, 53.5779765], [9.737967804052806, 53.577606707125824], [9.74013424, 53.57807541]]], [[[9.739128019518597, 53.580102744987784], [9.7403539, 53.581273], [9.741570366270233, 53.579344758248986], [9.74077415, 53.58033371], [9.739128019518597, 53.580102744987784]]], [[[9.73696041, 53.57738876], [9.7369424, 53.577145], [9.73683212647307, 53.577150619387595], [9.73696041, 53.57738876]]], [[[9.735851740300216, 53.892135709383346], [9.736574, 53.8921636], [9.736639180784, 53.89214062925102], [9.735851740300216, 53.892135709383346]]], [[[9.729248469191997, 53.891626449351556], [9.7293331, 53.8916406], [9.729340312042599, 53.8916296045908], [9.729248469191997, 53.891626449351556]]], [[[9.697210447988349, 53.890231138350146], [9.7134147, 53.8908708], [9.716384830604778, 53.89106160280295], [9.697210447988349, 53.890231138350146]]], [[[9.69321493937136, 53.890076602146614], [9.69279194, 53.88941193], [9.691541453413842, 53.89000443557108], [9.69321493937136, 53.890076602146614]]], [[[9.67687798, 53.84486389], [9.67456422838615, 53.842038470246614], [9.6743914, 53.8421529], [9.6748273, 53.8430878], [9.67687798, 53.84486389]]], [[[9.675931211780792, 53.85151389854434], [9.67356555518948, 53.853534671809314], [9.67668819, 53.85164642], [9.675931211780792, 53.85151389854434]]], [[[9.6699333, 53.8295453], [9.673369627282035, 53.83853168211773], [9.670104238895094, 53.82895134132339], [9.6699333, 53.8295453]]], [[[9.670034623432748, 53.855409396432336], [9.6722916, 53.8540246], [9.669924, 53.8553174], [9.670034623432748, 53.855409396432336]]], [[[9.66781521, 53.82224655000001], [9.66715527, 53.82024764999999], [9.667153657327882, 53.82024289011552], [9.6669058, 53.8203903], [9.66781521, 53.82224655000001]]], [[[9.666385001132353, 53.81797416192922], [9.666203, 53.8182726], [9.666792674941188, 53.81917743208602], [9.666385001132353, 53.81797416192922]]], [[[9.6655491, 53.8163998], [9.6660759389346, 53.81706194900043], [9.665282646599497, 53.81460299020942], [9.6655491, 53.8163998]]], [[[9.6617609, 53.8863999], [9.66419754273683, 53.886846279680846], [9.66141487457593, 53.88631670263028], [9.6617609, 53.8863999]]], [[[9.6637405, 53.8097125], [9.664156051607026, 53.81097373923771], [9.66377822252229, 53.80970185209703], [9.6637405, 53.8097125]]], [[[9.662366252593666, 53.8047581400701], [9.6620818, 53.8048681], [9.66314647202352, 53.80748991225647], [9.662366252593666, 53.8047581400701]]], [[[9.660451104754415, 53.80007196349884], [9.661181, 53.8023083], [9.661698276718274, 53.80250803970448], [9.660451104754415, 53.80007196349884]]], [[[9.66020966, 53.85602951], [9.6601955, 53.8558513], [9.659457780265718, 53.85562274719569], [9.66020966, 53.85602951]]], [[[9.6575485, 53.8867578], [9.659714005799682, 53.88657008861927], [9.656632269081346, 53.88657683108571], [9.6575485, 53.8867578]]], [[[9.6580975, 53.7970559], [9.659322465415688, 53.79786741471367], [9.658540944728264, 53.796488767323204], [9.6580975, 53.7970559]]], [[[9.6585867, 53.8553214], [9.656542850448433, 53.856864555029304], [9.658959142868184, 53.85548760909558], [9.6585867, 53.8553214]]], [[[9.6565158, 53.7945192], [9.657265924924692, 53.79468295513909], [9.655336, 53.7925044], [9.6565158, 53.7945192]]], [[[9.654890749439929, 53.86048384481335], [9.6522826, 53.8652812], [9.6521866, 53.86585173989729], [9.654890749439929, 53.86048384481335]]], [[[9.65054078629962, 53.783965452348625], [9.6539662, 53.7902497], [9.654122385819718, 53.790230756670375], [9.65054078629962, 53.783965452348625]]], [[[9.651533983353268, 53.869482397915505], [9.6469882737018, 53.87588274381403], [9.6518898, 53.86963654], [9.651533983353268, 53.869482397915505]]], [[[9.649014668625107, 53.88067825709109], [9.6511426, 53.8825583], [9.651614848361733, 53.88290416588694], [9.649014668625107, 53.88067825709109]]], [[[9.642285863793893, 53.773586873551245], [9.648516152634471, 53.781286448164494], [9.64582062, 53.77626801], [9.642285863793893, 53.773586873551245]]], [[[9.646141576109974, 53.87906640081066], [9.6478061, 53.8798006], [9.648037834549209, 53.87987320038093], [9.6475172, 53.87944412], [9.646141576109974, 53.87906640081066]]], [[[9.63418102, 53.77123642], [9.6341616, 53.7712757], [9.63534087840588, 53.77157278592862], [9.63418102, 53.77123642]]], [[[9.589020864534072, 53.75877014907781], [9.628604303071386, 53.76958062707696], [9.62930584, 53.76929855], [9.60580349, 53.76244736], [9.589020864534072, 53.75877014907781]]], [[[9.58340516888981, 53.722230165862854], [9.5828652, 53.72257], [9.58319438443504, 53.722796429445296], [9.58340516888981, 53.722230165862854]]], [[[9.58288765, 53.72156906], [9.5826333, 53.7215361], [9.583014922096476, 53.721717773313145], [9.58288765, 53.72156906]]], [[[9.58085728, 53.72734833000001], [9.5820973, 53.7236379], [9.579787645141346, 53.72755474878957], [9.58085728, 53.72734833000001]]], [[[9.575744272946258, 53.755263088888], [9.5772417, 53.7556663], [9.581610454202263, 53.75683665163549], [9.57769585, 53.75572586], [9.575744272946258, 53.755263088888]]], [[[9.57572365, 53.72007751], [9.5755024, 53.7200563], [9.576691444138396, 53.72054259910945], [9.57572365, 53.72007751]]], [[[9.57149124, 53.74167252], [9.574117104426124, 53.73696695094842], [9.570581117752571, 53.742793253393984], [9.57149124, 53.74167252]]], [[[9.57187995587069, 53.71754718005604], [9.572155064585614, 53.71759434864305], [9.57199001, 53.71754455999999], [9.57187995587069, 53.71754718005604]]], [[[9.5669695, 53.7487411], [9.565655203601619, 53.750060444160766], [9.569263155009866, 53.74496376000988], [9.5669695, 53.7487411]]], [[[9.567776872460621, 53.71788849957629], [9.5678806, 53.7178935], [9.567919085275518, 53.717889713873426], [9.567776872460621, 53.71788849957629]]], [[[9.56627730387184, 53.751963100936436], [9.56629464373117, 53.75199669525932], [9.56629944, 53.75196838], [9.56627730387184, 53.751963100936436]]], [[[9.5652091, 53.7169966], [9.56538105, 53.71703339], [9.564569622475194, 53.71654251419666], [9.5652091, 53.7169966]]], [[[9.564824884722846, 53.75012476164524], [9.5647828, 53.7501417], [9.564653958318182, 53.750484410364905], [9.564824884722846, 53.75012476164524]]], [[[9.5645558, 53.7515579], [9.564270694441499, 53.751484561118794], [9.5642693, 53.7514882], [9.5645558, 53.7515579]]], [[[9.559507, 53.7152797], [9.560252585880892, 53.71550947725608], [9.559079150702063, 53.715131356357304], [9.559507, 53.7152797]]], [[[9.557087298863628, 53.71462797030894], [9.557572705615568, 53.714703334938804], [9.55729866, 53.71463013], [9.557087298863628, 53.71462797030894]]], [[[9.5540247, 53.71472931], [9.5538819, 53.7147878], [9.554385142627329, 53.714732609513206], [9.5540247, 53.71472931]]], [[[9.53362465, 53.71735001], [9.533456, 53.7174314], [9.53466392775435, 53.71728522426599], [9.53362465, 53.71735001]]], [[[7.8458605, 53.7870024], [7.8653083, 53.7940248], [7.9040635, 53.7935447], [7.934124, 53.7877543], [7.9696671, 53.7764965], [7.9331703, 53.7858423], [7.9291449, 53.7810454], [7.9146679, 53.7816588], [7.8975647, 53.7849756], [7.8930705, 53.7874535], [7.8764156, 53.7893151], [7.867351, 53.7835285], [7.8667719, 53.7816533], [7.8684603, 53.7786696], [7.8683593, 53.7764987], [7.8704984, 53.7761218], [7.8667148, 53.7738114], [7.8570422, 53.7827417], [7.8458605, 53.7870024]], [[7.8667112, 53.7805478], [7.8667401, 53.7833132], [7.8746888, 53.7894587], [7.8693704, 53.7909192], [7.8591266, 53.7853448], [7.8592578, 53.7830703], [7.8679256, 53.7768087], [7.8667112, 53.7805478]]], [[[7.91861105, 54.18958282], [7.9193916, 54.1917116], [7.9214341, 54.1898669], [7.91861105, 54.18958282]]], [[[7.91805506, 54.18736267], [7.91932659967274, 54.18541718000001], [7.91805506, 54.18541718000001], [7.91805506, 54.18736267]]], [[[7.91694498, 54.18096457030753], [7.916907787674361, 54.18097305000001], [7.91694498, 54.18097305000001], [7.91694498, 54.18096457030753]]], [[[7.9124842, 54.1796928], [7.908345219656002, 54.18069458], [7.916388989999999, 54.18180466], [7.9108441, 54.1803554], [7.9124842, 54.1796928]]], [[[7.9069438, 54.18206392332573], [7.9069233354025465, 54.18208313], [7.9069438, 54.18208313], [7.9069438, 54.18206392332573]]], [[[7.9044217, 54.1823262], [7.9061173, 54.1823681], [7.90638781, 54.18264007999999], [7.90638781, 54.18221480042724], [7.9044217, 54.1823262]]], [[[7.90566716699382, 54.18680573000001], [7.905834199999999, 54.1868240409818], [7.905834199999999, 54.18680573000001], [7.90566716699382, 54.18680573000001]]], [[[7.9039422, 54.1866336], [7.90250015, 54.186337930558494], [7.8993155, 54.1893372], [7.9022619, 54.1867263], [7.9039422, 54.1866336]]], [[[7.9026866, 54.1826792], [7.901264287548137, 54.18430709999999], [7.9027884, 54.1826935], [7.9026866, 54.1826792]]], [[[7.8995836, 54.1719977], [7.89583302, 54.17013931], [7.89138889, 54.17013931], [7.89138889, 54.17263794], [7.897499080000001, 54.17592354305895], [7.899367, 54.175211], [7.8995836, 54.1719977]]], [[[7.897372103349559, 54.17597198], [7.896945950000001, 54.17597198], [7.896945950000001, 54.176151874728696], [7.897372103349559, 54.17597198]]], [[[7.893610950000001, 54.17569351], [7.89472103, 54.176971149363645], [7.896686769508526, 54.17625046], [7.893610950000001, 54.17569351]]], [[[7.89416695, 54.17718252413428], [7.894430298210179, 54.17708206], [7.89416695, 54.17708206], [7.89416695, 54.17718252413428]]], [[[7.8929237, 54.1794586], [7.89249897, 54.179958316200555], [7.8931421, 54.1795732], [7.8929237, 54.1794586]]], [[[7.89138889, 54.18402863000001], [7.8914549, 54.1840769], [7.891528619912111, 54.18402863000001], [7.89138889, 54.18402863000001]]], [[[7.8910131, 54.1843703], [7.890832899999999, 54.18430709999999], [7.890832899999999, 54.18449133215049], [7.8910131, 54.1843703]]], [[[7.890369827394921, 54.18458176], [7.890276910000001, 54.18487086642049], [7.890699936070381, 54.18458176], [7.890369827394921, 54.18458176]]], [[[7.88972282, 54.18524066178334], [7.8898755964006915, 54.1851387], [7.88972282, 54.1851387], [7.88972282, 54.18524066178334]]], [[[7.889458330532308, 54.18541718000001], [7.88916683, 54.18541718000001], [7.88916683, 54.18561172519143], [7.889458330532308, 54.18541718000001]]], [[[7.88916683, 54.17250122036866], [7.8891162, 54.1728585], [7.888958492378579, 54.17319489], [7.88916683, 54.17319489], [7.88916683, 54.17250122036866]]], [[[7.88805485, 54.18624878], [7.8874991888803345, 54.18672781305564], [7.88904107964765, 54.18569564999999], [7.88805485, 54.18624878]]], [[[7.8873845022443545, 54.18680573000001], [7.886944769999999, 54.18680573000001], [7.886944769999999, 54.187104479654046], [7.8873845022443545, 54.18680573000001]]], [[[7.88638878, 54.18748221365532], [7.886572145087394, 54.18735763726338], [7.88638878, 54.18736267], [7.88638878, 54.18748221365532]]], [[[7.88589716, 54.18763733], [7.885833622303064, 54.187859382198276], [7.886160462887456, 54.18763733], [7.88589716, 54.18763733]]], [[[7.885276103176484, 54.18823815507273], [7.885340698001173, 54.18819427], [7.88527584, 54.18819427], [7.885276103176484, 54.18823815507273]]], [[[7.8831215, 54.189527], [7.8840206, 54.1890552], [7.884060565322326, 54.18902588], [7.8831215, 54.189527]]], [[[7.8789935164235665, 54.18264007999999], [7.87916613, 54.18264007999999], [7.87916613, 54.18249967165908], [7.8789935164235665, 54.18264007999999]]], [[[7.871387, 54.18819427], [7.8760524, 54.1877103], [7.87805605, 54.18763733], [7.873055929999999, 54.18763733], [7.871387, 54.18819427]]], [[[7.67964, 53.7744847], [7.6933618, 53.7800391], [7.7206975, 53.7823239], [7.7394746, 53.781633], [7.7434119, 53.7811341], [7.7441318, 53.7794323], [7.7830947, 53.7802753], [7.8103944, 53.7766017], [7.8172377, 53.7718387], [7.7994092, 53.7705094], [7.8029186, 53.7689876], [7.7897447, 53.7703534], [7.7808581, 53.7690945], [7.755973, 53.7629912], [7.7582927, 53.7608734], [7.756224, 53.7599815], [7.7389277, 53.7595425], [7.7078566, 53.7631591], [7.6979112, 53.7620642], [7.6967492, 53.7632002], [7.6983297, 53.7656021], [7.6959585, 53.7656602], [7.692564, 53.7584706], [7.6875268, 53.7572457], [7.6820137, 53.7496925], [7.6812558, 53.7520693], [7.6696837, 53.7536071], [7.6659842, 53.7594354], [7.6701595, 53.7666306], [7.67964, 53.7744847]]], [[[7.464151, 53.7421281], [7.4730917, 53.7509318], [7.4801505, 53.7544877], [7.5189474, 53.7576884], [7.5934606, 53.7589974], [7.6272673, 53.754168], [7.6311577, 53.7487086], [7.629634, 53.7456649], [7.5719771, 53.7481476], [7.5511603, 53.7462677], [7.5444634, 53.743925], [7.5116676, 53.743189], [7.5017281, 53.7355409], [7.5057496, 53.725786], [7.5055236, 53.7242142], [7.502514, 53.7306614], [7.4946393, 53.7263429], [7.4961021, 53.7234672], [7.5005394, 53.7229903], [7.4916348, 53.7226693], [7.4851888, 53.725668], [7.4813284, 53.7237152], [7.4804425, 53.7211205], [7.4751784, 53.7201826], [7.4651149, 53.7237991], [7.4654249, 53.734316], [7.4632112, 53.7302454], [7.4620334, 53.7356208], [7.464151, 53.7421281]]], [[[7.3603019, 53.7288385], [7.3926368, 53.7374356], [7.4358285, 53.7332604], [7.4379983, 53.7310656], [7.4378872, 53.7250894], [7.4319432, 53.7265568], [7.4312818, 53.7243146], [7.4406231, 53.7152279], [7.4300444, 53.7199234], [7.3870972, 53.7197285], [7.3657181, 53.722485], [7.3642818, 53.720343], [7.3608617, 53.720834], [7.3632854, 53.723018], [7.3590884, 53.7257518], [7.3603019, 53.7288385]]], [[[7.1377409, 53.7085566], [7.1891353, 53.7230436], [7.2390454, 53.7228699], [7.3262047, 53.7278829], [7.3411275, 53.7274657], [7.3469787, 53.725336], [7.348706, 53.7188949], [7.3470104, 53.7164156], [7.3294291, 53.712918], [7.2681572, 53.7035236], [7.215063, 53.7031971], [7.2150855, 53.7049707], [7.2064523, 53.7053714], [7.2017298, 53.7048547], [7.2005316, 53.7014668], [7.1943356, 53.6991102], [7.17802, 53.7012378], [7.1759665, 53.7050649], [7.1688106, 53.7071702], [7.1668507, 53.705783], [7.1696664, 53.7011372], [7.1652198, 53.6996802], [7.1645915, 53.6977711], [7.1570114, 53.69677], [7.1434677, 53.6999471], [7.1372301, 53.7061798], [7.1377409, 53.7085566]]], [[[6.8875743, 53.6753328], [7.0759253, 53.6887509], [7.1009386, 53.6859744], [7.1050957, 53.6830533], [7.0997698, 53.6783466], [7.0883337, 53.6811722], [7.0755713, 53.6799049], [7.0712105, 53.6818081], [7.0584169, 53.6785066], [6.9999882, 53.6752817], [6.9991006, 53.6718296], [6.997465, 53.6717234], [6.9975623, 53.673974], [6.9947243, 53.6737661], [6.9959461, 53.6703918], [6.9886719, 53.6759585], [6.985306, 53.6756137], [6.9770344, 53.6740665], [6.9752352, 53.669046], [6.9765763, 53.6739812], [6.9689144, 53.6730242], [6.9587673, 53.6660494], [6.9069671, 53.6669421], [6.8954016, 53.6644682], [6.8774025, 53.6649178], [6.8688704, 53.6627299], [6.8650037, 53.6644414], [6.866796, 53.671609], [6.8720209, 53.6775928], [6.8875743, 53.6753328]]], [[[6.8941411, 53.6437696], [6.8945895, 53.63065], [6.9005362, 53.6286808], [6.8970593, 53.6252722], [6.8915927, 53.6241681], [6.8798932, 53.6266702], [6.8720273, 53.631502], [6.8643621, 53.6388881], [6.8637677, 53.6424831], [6.8659285, 53.6465318], [6.8872767, 53.6502038], [6.8935858, 53.6530063], [6.9002774, 53.6542674], [6.9081315, 53.6519606], [6.9082173, 53.6481802], [6.8941411, 53.6437696]]], [[[6.657319, 53.5995315], [6.663986, 53.6017923], [6.6951161, 53.604341], [6.7405979, 53.6180264], [6.7547077, 53.6201112], [6.771984, 53.6164936], [6.7890473, 53.6088565], [6.81349, 53.6014953], [6.8114323, 53.5982891], [6.8025365, 53.6002829], [6.7855179, 53.595938], [6.7538889, 53.595075], [6.7398887, 53.5881404], [6.7235996, 53.58617], [6.7249854, 53.5842732], [6.716536, 53.5822637], [6.7264804, 53.5814532], [6.7332339, 53.5775545], [6.732929, 53.5762461], [6.7418035, 53.5727029], [6.7380731, 53.5717195], [6.7579683, 53.5670732], [6.7587541, 53.5631186], [6.7559176, 53.5603999], [6.7407995, 53.556954], [6.7426905, 53.5660701], [6.7331927, 53.5701281], [6.711417, 53.5663067], [6.7093827, 53.5633596], [6.7137458, 53.5617691], [6.7085027, 53.5606332], [6.6790266, 53.5740104], [6.6642039, 53.5783969], [6.6565821, 53.5854111], [6.6543055, 53.5926863], [6.657319, 53.5995315]]]]}}, {"type": "Feature", "properties": {"name": "Sachsen-Anhalt", "verband": "Sachsen-Anhalt"}, "geometry": {"type": "MultiPolygon", "coordinates": [[[[11.4087524, 51.3401475], [11.3996772, 51.3445121], [11.4014324, 51.3454137], [11.401453, 51.3493564], [11.3978341, 51.349395], [11.3934133, 51.3541464], [11.3927758, 51.365291], [11.3903495, 51.3666261], [11.3900617, 51.3706056], [11.3912748, 51.3725439], [11.3963536, 51.3730573], [11.3978774, 51.3771572], [11.3969876, 51.3810299], [11.3940376, 51.3811721], [11.3934532, 51.3839137], [11.3799696, 51.3868103], [11.3781346, 51.3852472], [11.3700635, 51.3851091], [11.3687604, 51.3877232], [11.3650695, 51.3853545], [11.3654205, 51.3829326], [11.3618507, 51.3820029], [11.3576334, 51.3898176], [11.3497192, 51.3880469], [11.3470794, 51.3845202], [11.3423169, 51.3875722], [11.3399112, 51.3921913], [11.3346473, 51.389792], [11.3313163, 51.3905618], [11.3290339, 51.4004277], [11.3211965, 51.410331], [11.3075056, 51.405674], [11.2841207, 51.4020513], [11.2752605, 51.4048199], [11.2742083, 51.4007721], [11.25261, 51.4005982], [11.248688, 51.3951553], [11.244382, 51.3970029], [11.2462739, 51.3978943], [11.2482002, 51.4053299], [11.2303191, 51.4053593], [11.2313518, 51.4083663], [11.2238262, 51.4132644], [11.2096968, 51.4118006], [11.2102375, 51.4077721], [11.2079124, 51.4066689], [11.2020217, 51.4057614], [11.1970863, 51.4078222], [11.1915402, 51.4027531], [11.1835602, 51.4028808], [11.1835895, 51.4058275], [11.175037, 51.4062822], [11.1529873, 51.401732], [11.1521068, 51.4036964], [11.1485252, 51.4041525], [11.141362, 51.4027095], [11.1408736, 51.4045989], [11.1360564, 51.406224], [11.131868, 51.4045989], [11.1308574, 51.4087385], [11.12613, 51.407898], [11.1278256, 51.4096141], [11.126961, 51.4134031], [11.1161559, 51.411112], [11.1181687, 51.4149858], [11.102548, 51.4169349], [11.1035231, 51.4191391], [11.096204, 51.4186433], [11.0885699, 51.423166], [11.0612268, 51.4295922], [11.0574937, 51.4273412], [11.051318, 51.4289959], [11.0496484, 51.4266133], [11.0455217, 51.4257658], [11.0503682, 51.4204214], [11.0406141, 51.4242061], [11.0353164, 51.4219377], [11.0246713, 51.4210974], [11.0238628, 51.4181284], [11.0182484, 51.4167838], [10.9906701, 51.4181284], [10.9983956, 51.4240663], [11.0011804, 51.423002], [11.0120751, 51.4247681], [11.0079178, 51.4291634], [10.9978987, 51.4288048], [10.9913038, 51.4255695], [10.9780759, 51.4268041], [10.9801066, 51.4319294], [10.9668278, 51.4323471], [10.9712235, 51.4422282], [10.9690532, 51.4421686], [10.9694441, 51.4447963], [10.9666426, 51.4454647], [10.9723564, 51.4537107], [10.9685175, 51.4543231], [10.9696782, 51.4583656], [10.9627048, 51.4604949], [10.9639986, 51.4632076], [10.9609958, 51.4632544], [10.9632102, 51.4689161], [10.9607926, 51.4707754], [10.96909, 51.4803306], [10.9728725, 51.4818996], [10.9661949, 51.4851818], [10.9594197, 51.492021], [10.9527937, 51.4946783], [10.9518386, 51.4961649], [10.9537661, 51.4981777], [10.9501124, 51.4980474], [10.9489386, 51.5011632], [10.9445239, 51.4985732], [10.9390789, 51.5004737], [10.9409985, 51.5030611], [10.9452226, 51.5036938], [10.9451274, 51.506244], [10.9359486, 51.5116998], [10.9343924, 51.5177676], [10.9310258, 51.517649], [10.933916, 51.5187557], [10.926773, 51.5207481], [10.9328742, 51.5206097], [10.9339243, 51.5326929], [10.9397477, 51.5356297], [10.9477583, 51.5336328], [10.9474776, 51.5379219], [10.9398869, 51.5419517], [10.9285485, 51.5433146], [10.9156195, 51.5480696], [10.9107237, 51.5533902], [10.9116445, 51.557286], [10.9046152, 51.5497594], [10.900191, 51.5507649], [10.8960138, 51.5549541], [10.8957892, 51.5580539], [10.9003482, 51.5615723], [10.9005727, 51.5644483], [10.8950256, 51.5677569], [10.8927349, 51.5720841], [10.8936782, 51.5771646], [10.8915971, 51.5791243], [10.8895684, 51.5778904], [10.8827728, 51.5791397], [10.8852844, 51.585869], [10.8881535, 51.5879658], [10.8888048, 51.5966579], [10.8936782, 51.5983459], [10.8943519, 51.601373], [10.8970918, 51.5961696], [10.9021223, 51.5940491], [10.9066813, 51.5951512], [10.9098478, 51.5930166], [10.9303744, 51.5911889], [10.9294985, 51.5931283], [10.9359888, 51.598039], [10.9375833, 51.6021542], [10.9361236, 51.6047626], [10.9133064, 51.6106065], [10.9177598, 51.6150904], [10.9211049, 51.6134182], [10.9191584, 51.6157562], [10.9216609, 51.6174304], [10.9010339, 51.6116077], [10.894205, 51.6106352], [10.886712, 51.612087], [10.8813488, 51.616868], [10.8831679, 51.6174676], [10.876947, 51.619615], [10.877167, 51.6220046], [10.8592205, 51.6328412], [10.8331088, 51.6309424], [10.8309262, 51.6270103], [10.8233244, 51.6238361], [10.8186548, 51.6245662], [10.817501, 51.6283847], [10.818826, 51.6317582], [10.8144018, 51.6368042], [10.8150531, 51.6393409], [10.7869808, 51.6415987], [10.7709234, 51.645041], [10.7632477, 51.6489423], [10.7557836, 51.6445486], [10.7562225, 51.6412659], [10.7535276, 51.6408548], [10.7414003, 51.6426805], [10.7378183, 51.6451402], [10.7269262, 51.6449451], [10.7102021, 51.6405545], [10.6946618, 51.6420735], [10.6839914, 51.6541], [10.6816497, 51.6604802], [10.6678561, 51.6701507], [10.6641378, 51.6833606], [10.6671553, 51.6848325], [10.6631768, 51.6912647], [10.667695, 51.6964642], [10.6724713, 51.697955], [10.6677419, 51.7062521], [10.6686467, 51.7098117], [10.6583581, 51.7173718], [10.6494695, 51.7187796], [10.6416661, 51.7253243], [10.643608, 51.7299582], [10.635668, 51.7344876], [10.6312145, 51.7402563], [10.6312101, 51.7506338], [10.6286481, 51.7569148], [10.591334, 51.7674304], [10.5835856, 51.7782124], [10.5786954, 51.7817692], [10.5859827, 51.7874676], [10.5846517, 51.7986103], [10.5738529, 51.8112655], [10.577952, 51.8157439], [10.5768292, 51.8184878], [10.5787326, 51.8209751], [10.5786454, 51.8283943], [10.5884673, 51.8358294], [10.5847495, 51.8403774], [10.5763105, 51.843009], [10.5789783, 51.845347], [10.5785577, 51.8475126], [10.5836613, 51.8523165], [10.6017408, 51.8540863], [10.605829, 51.8616553], [10.6158458, 51.8673029], [10.615531, 51.8698802], [10.6327681, 51.8726912], [10.6503909, 51.8910552], [10.6497753, 51.9046251], [10.6479686, 51.9082581], [10.6446061, 51.9093439], [10.6453576, 51.9104223], [10.6379931, 51.9150097], [10.6128797, 51.9203513], [10.616918, 51.9289706], [10.6161323, 51.9307398], [10.6180982, 51.9314922], [10.6129279, 51.9385375], [10.6164335, 51.9397195], [10.6180202, 51.943105], [10.6211046, 51.9435321], [10.6249595, 51.9490792], [10.6325825, 51.9493149], [10.6473324, 51.9535222], [10.6511856, 51.9573759], [10.6415759, 51.962629], [10.6352269, 51.9592417], [10.6199932, 51.9576328], [10.6198155, 51.9668811], [10.6061173, 51.9686867], [10.6060186, 51.9773638], [10.5870025, 51.9741571], [10.5851893, 51.9753675], [10.5868324, 51.9805173], [10.584152, 51.9835593], [10.5608128, 52.003856], [10.5730159, 52.0063858], [10.5713541, 52.0099174], [10.5898963, 52.0112651], [10.5906335, 52.014086], [10.5936626, 52.0142947], [10.596665, 52.0143113], [10.5961492, 52.0097036], [10.6003692, 52.0097873], [10.600334, 52.0071904], [10.6136829, 52.0105093], [10.6147902, 52.0090155], [10.6272482, 52.0081979], [10.622776, 52.0111029], [10.6390599, 52.0152804], [10.6385599, 52.0176389], [10.6418551, 52.0228733], [10.6552639, 52.0245732], [10.6567596, 52.0287959], [10.654425, 52.0330347], [10.6518548, 52.0327457], [10.6479749, 52.0417067], [10.6852246, 52.0477932], [10.7219697, 52.0496873], [10.7374251, 52.047798], [10.7576323, 52.0483245], [10.7620138, 52.0464136], [10.7823407, 52.050121], [10.8020613, 52.0472737], [10.8284658, 52.0473586], [10.8524041, 52.0499875], [10.8718631, 52.0575787], [10.8810867, 52.0587306], [10.93717, 52.0590246], [10.9647216, 52.0562012], [10.9675969, 52.0651648], [10.9732525, 52.0734095], [10.9702912, 52.0861119], [10.967313, 52.0882857], [10.9588255, 52.0878478], [10.939925, 52.0953471], [10.9442295, 52.0994414], [10.9417558, 52.103157], [10.9649238, 52.1071526], [10.977402, 52.1057664], [11.0118945, 52.1211103], [11.0172406, 52.1281605], [11.0265005, 52.1287178], [11.0277109, 52.1307418], [11.0357471, 52.13346], [11.0447556, 52.1341586], [11.0464455, 52.1387201], [11.0445921, 52.1436301], [11.060755, 52.1534325], [11.0549502, 52.160519], [11.0609023, 52.1647223], [11.0604346, 52.1724048], [11.0359497, 52.1717158], [11.0194011, 52.1780639], [11.0142242, 52.1817599], [11.0120258, 52.1871028], [11.0134675, 52.1994969], [11.0175439, 52.1982337], [11.0246021, 52.2010649], [11.0212055, 52.2050004], [11.0284374, 52.2085025], [11.0267222, 52.2103975], [11.0316707, 52.212243], [11.0373269, 52.2113867], [11.0446072, 52.2145251], [11.0451818, 52.2164183], [11.0752018, 52.2198552], [11.0771788, 52.2235047], [11.0862102, 52.2286461], [11.0795857, 52.2348878], [11.0786767, 52.239418], [11.0733853, 52.2432557], [11.0587141, 52.2405272], [11.0597055, 52.242584], [11.0522163, 52.2535551], [11.0562413, 52.2587271], [11.0508185, 52.2643714], [11.053617, 52.2665968], [11.0423691, 52.2722052], [11.028778, 52.2702418], [11.0228048, 52.2795096], [11.0118205, 52.28799], [11.011798, 52.290672], [11.0219978, 52.2966659], [11.0377011, 52.3019659], [11.0354085, 52.3039983], [11.037471, 52.3061508], [11.0360345, 52.3102616], [11.0331018, 52.3097078], [11.0326145, 52.312108], [11.0201445, 52.319226], [11.0122925, 52.3260311], [11.0125581, 52.3279652], [11.0091616, 52.3281987], [11.0087285, 52.3267593], [11.0056832, 52.3289689], [11.00106, 52.3274494], [10.9998802, 52.3298232], [11.0047468, 52.3307306], [11.0018047, 52.3362848], [10.9879197, 52.3349328], [10.9834743, 52.3417423], [10.9921444, 52.3443437], [10.9961151, 52.3420844], [11.0027794, 52.3451382], [11.0046938, 52.3438201], [11.0070003, 52.3457608], [11.0230312, 52.3473706], [11.0236534, 52.3443388], [11.0302744, 52.3457446], [11.03689, 52.3440494], [11.04034, 52.3472491], [11.0441219, 52.3471048], [11.0440017, 52.349344], [11.0543804, 52.3490569], [11.0581876, 52.3504653], [11.0615871, 52.3575593], [11.0636479, 52.3542422], [11.0687003, 52.3553814], [11.0695626, 52.3586152], [11.0669712, 52.3698118], [11.0737408, 52.3716033], [11.0739299, 52.3744706], [11.0690148, 52.3744353], [11.0689335, 52.3765333], [11.0657725, 52.3734852], [11.0635362, 52.3749628], [11.0651314, 52.376906], [11.0596809, 52.381147], [11.0545204, 52.3813911], [11.0469407, 52.3878603], [11.0390206, 52.3889014], [11.041861, 52.3862917], [11.0361566, 52.3852355], [11.0341944, 52.3886537], [11.0257613, 52.390628], [11.0219302, 52.3934944], [11.0183929, 52.388403], [11.0150642, 52.3878597], [11.0190415, 52.3921445], [11.0165431, 52.3948444], [11.0185896, 52.3971693], [11.0082105, 52.4046141], [11.0054508, 52.408881], [10.99172, 52.4136053], [10.9946466, 52.4151], [10.986728, 52.4224102], [10.9615618, 52.4352404], [10.9562229, 52.444995], [10.9488349, 52.4490407], [10.9477565, 52.4537276], [10.9336952, 52.4603439], [10.9339753, 52.476234], [10.9416151, 52.476372], [10.9431038, 52.4792137], [10.941455, 52.4838102], [10.9441285, 52.4868543], [10.9434305, 52.49229], [10.9497036, 52.4958949], [10.9751996, 52.5012814], [10.9818826, 52.4971389], [11.0090697, 52.4967016], [10.9579072, 52.5353125], [10.9415142, 52.5540069], [10.9428786, 52.5607645], [10.9372801, 52.5675045], [10.9416257, 52.5711908], [10.9402458, 52.5750459], [10.9418544, 52.5794064], [10.947513, 52.5824483], [10.9398276, 52.5892633], [10.9547163, 52.5934679], [10.9550472, 52.5953937], [10.9580387, 52.5955047], [10.9580457, 52.5982054], [10.9605773, 52.5991093], [10.9594314, 52.5998652], [10.9714455, 52.6032909], [10.9753269, 52.6064186], [10.974407, 52.6097872], [10.9765496, 52.6128619], [10.9769395, 52.6240612], [10.968714, 52.6262158], [10.9604939, 52.6249844], [10.9451163, 52.6202158], [10.9433207, 52.6152344], [10.9271245, 52.6091762], [10.9204192, 52.6100005], [10.9252954, 52.6149173], [10.9169847, 52.6168361], [10.9130631, 52.6238742], [10.9044314, 52.6271168], [10.9019977, 52.6354639], [10.8983452, 52.6375156], [10.8968133, 52.643242], [10.8841022, 52.6504131], [10.8810956, 52.6529388], [10.8812015, 52.6551665], [10.8786229, 52.6557425], [10.8769771, 52.660107], [10.8778459, 52.6637266], [10.8662596, 52.6721265], [10.8584147, 52.6753271], [10.8583117, 52.6775209], [10.8527215, 52.6805075], [10.8461413, 52.6904524], [10.8371886, 52.6958087], [10.8330594, 52.703563], [10.8367165, 52.7073054], [10.8318162, 52.7117119], [10.8304784, 52.7155305], [10.8238063, 52.7178382], [10.8033638, 52.7135948], [10.7967536, 52.7139094], [10.7935538, 52.7293207], [10.7878776, 52.7332072], [10.7906761, 52.7374688], [10.7898981, 52.744049], [10.7918258, 52.7475276], [10.7885612, 52.7522241], [10.7762165, 52.7544728], [10.7750566, 52.7631983], [10.7695597, 52.7688766], [10.767951, 52.7685436], [10.755466, 52.7840554], [10.7619967, 52.8023635], [10.7571236, 52.8198188], [10.764958, 52.8237274], [10.7672707, 52.8274507], [10.7639264, 52.8301998], [10.7718178, 52.8339036], [10.7647343, 52.8420243], [10.7964066, 52.8436986], [10.8003549, 52.8503752], [10.8351664, 52.8474846], [10.8414707, 52.8522187], [10.8603217, 52.8515053], [10.8591718, 52.8533971], [10.8661057, 52.8556559], [10.8741605, 52.8528103], [10.8769082, 52.8476339], [10.884608, 52.8456341], [10.891087, 52.8456462], [10.8956682, 52.8531223], [10.8953742, 52.855789], [10.8976029, 52.856163], [10.9132275, 52.8529355], [10.9337222, 52.8538404], [10.9392165, 52.8523867], [10.9557388, 52.8648184], [10.9579234, 52.8695109], [10.9652012, 52.8729135], [10.9688316, 52.8767471], [10.9676367, 52.8792308], [10.9740495, 52.8772829], [10.9857399, 52.8818206], [10.9902651, 52.8890499], [10.9885103, 52.8922235], [10.9889881, 52.8994717], [10.9930254, 52.9034423], [10.9923533, 52.9064789], [11.0012182, 52.9115072], [11.0129471, 52.9096864], [11.040583, 52.9134904], [11.0675719, 52.9090581], [11.0787461, 52.9131047], [11.098648, 52.9127918], [11.0957665, 52.9095462], [11.0932751, 52.8995795], [11.1059819, 52.8963758], [11.137512, 52.8977722], [11.1546697, 52.9018997], [11.1559977, 52.9053615], [11.1547638, 52.9064202], [11.1863665, 52.9006175], [11.2205275, 52.8976443], [11.2192128, 52.8927102], [11.2306909, 52.8913894], [11.2352982, 52.8888647], [11.2397959, 52.8791315], [11.2672541, 52.8801088], [11.2763987, 52.8874745], [11.2907417, 52.8890303], [11.2942902, 52.8871608], [11.2951283, 52.8829735], [11.2932401, 52.8790602], [11.2956052, 52.8749041], [11.3142938, 52.8781341], [11.3368961, 52.8865299], [11.3371772, 52.8883498], [11.3543665, 52.8901739], [11.3628627, 52.8940736], [11.363427, 52.8960377], [11.3863494, 52.9022989], [11.3847861, 52.9037604], [11.3937462, 52.9017518], [11.407765, 52.9042183], [11.4241181, 52.9169269], [11.4258842, 52.9200788], [11.4328021, 52.9196785], [11.45407, 52.9331898], [11.4694965, 52.9384573], [11.4915568, 52.9416312], [11.505375, 52.9410743], [11.4925874, 52.9598569], [11.5017749, 52.9840011], [11.5031049, 52.992431], [11.51282, 53.0072538], [11.5264701, 53.0085491], [11.5329964, 53.0030557], [11.5434142, 52.9992818], [11.5566301, 52.998684], [11.560732, 53.0039757], [11.5518594, 53.0047257], [11.5592557, 53.0130424], [11.5635115, 53.012805], [11.568104, 53.0178315], [11.5957625, 53.0323348], [11.5977828, 53.0358094], [11.6229722, 53.0416917], [11.6377146, 53.0393676], [11.6420271, 53.0346959], [11.6257984, 53.0195836], [11.6250735, 53.0154347], [11.6278626, 53.0111858], [11.6353739, 53.0070041], [11.6444618, 53.0052481], [11.6670186, 53.0094355], [11.6762964, 53.0082209], [11.6841465, 53.0003447], [11.6836987, 52.989109], [11.6853829, 52.9840635], [11.6920565, 52.9791611], [11.7029117, 52.9774854], [11.728097, 52.9871128], [11.7430769, 52.987857], [11.7615174, 52.9824405], [11.7690313, 52.977028], [11.7788476, 52.9657705], [11.7881341, 52.9602078], [11.8288888, 52.9576449], [11.8462163, 52.9513204], [11.849149, 52.945952], [11.8467207, 52.9400069], [11.8293164, 52.9294587], [11.8232884, 52.9212496], [11.827191, 52.9139175], [11.8344899, 52.9101449], [11.8703649, 52.9093322], [11.8754084, 52.9077535], [11.8861521, 52.8981268], [11.8949539, 52.8941734], [11.9413109, 52.889503], [11.9481414, 52.8874388], [11.9597118, 52.8788721], [11.9608676, 52.881315], [11.9799081, 52.8761124], [11.9875751, 52.8768465], [11.9897057, 52.8809898], [11.9931856, 52.8820585], [12.004612, 52.8817871], [12.0069861, 52.8838373], [12.0059488, 52.8871819], [12.0185311, 52.8882526], [12.0225644, 52.8903795], [12.0287331, 52.8880694], [12.0442381, 52.8893008], [12.0486324, 52.8862353], [12.0558911, 52.889048], [12.0665046, 52.8867447], [12.0664421, 52.8838118], [12.0764022, 52.8864148], [12.0816524, 52.8820153], [12.0821779, 52.8770099], [12.0985654, 52.8777539], [12.1127995, 52.875821], [12.1187597, 52.8882904], [12.1254464, 52.8943311], [12.1287281, 52.8935722], [12.1229756, 52.889169], [12.1200586, 52.8754442], [12.1332833, 52.8657539], [12.1239495, 52.8538257], [12.1263869, 52.8531006], [12.1733097, 52.8645678], [12.1858558, 52.8708294], [12.1933685, 52.8773121], [12.1974211, 52.8777536], [12.1993732, 52.8716811], [12.2026777, 52.8680169], [12.2078254, 52.8670188], [12.2097845, 52.8621896], [12.2145609, 52.8615405], [12.2170811, 52.8659696], [12.2228496, 52.8651474], [12.2334276, 52.8599224], [12.2343106, 52.8576131], [12.2313767, 52.8526737], [12.2327039, 52.8492094], [12.2389298, 52.8446872], [12.2372561, 52.8392988], [12.2441655, 52.8198612], [12.2578968, 52.8049145], [12.2524681, 52.8036617], [12.2558398, 52.7985358], [12.2477609, 52.7962194], [12.2492747, 52.7919134], [12.2444065, 52.7866058], [12.2307379, 52.7897195], [12.2200413, 52.7897638], [12.2235137, 52.7869486], [12.2238108, 52.7762978], [12.2214762, 52.77404], [12.2126626, 52.7732271], [12.2135556, 52.7690155], [12.2119553, 52.7662677], [12.2154984, 52.7635362], [12.2092733, 52.7639151], [12.2058479, 52.7604904], [12.2093945, 52.7528873], [12.219596, 52.7502967], [12.2210759, 52.7448043], [12.2177764, 52.7435604], [12.2221618, 52.7398259], [12.2192423, 52.7380481], [12.2194343, 52.7362973], [12.2098858, 52.7349124], [12.2065454, 52.7306098], [12.2015163, 52.7289263], [12.2057922, 52.7264233], [12.202981, 52.7257723], [12.2035329, 52.7244755], [12.2056477, 52.7250784], [12.1973631, 52.7189021], [12.1991828, 52.7172123], [12.2037081, 52.719722], [12.2097562, 52.7175783], [12.2106141, 52.7157935], [12.2052539, 52.7141716], [12.204997, 52.7125088], [12.2103373, 52.7090143], [12.2162614, 52.7088883], [12.2240333, 52.7028571], [12.2173044, 52.6996534], [12.2216359, 52.6890216], [12.2325903, 52.6887657], [12.2268173, 52.6828793], [12.2347961, 52.6803087], [12.2350412, 52.6762761], [12.2392396, 52.6709818], [12.2377669, 52.6677811], [12.2390328, 52.6655804], [12.2347884, 52.6641005], [12.237862, 52.6623629], [12.2336872, 52.659657], [12.235139, 52.654504], [12.232689, 52.6536546], [12.2378096, 52.6449983], [12.2366442, 52.6413084], [12.2311654, 52.639931], [12.2310775, 52.6297833], [12.2367973, 52.628691], [12.2106639, 52.6245488], [12.2029972, 52.6185904], [12.1915869, 52.6200481], [12.1669392, 52.6274639], [12.1677329, 52.6160611], [12.1753207, 52.6175582], [12.1708307, 52.6124838], [12.1701734, 52.6090582], [12.1708244, 52.6071544], [12.1756554, 52.6067677], [12.1734131, 52.5986284], [12.1734833, 52.5817073], [12.1766618, 52.576541], [12.1815198, 52.575218], [12.1588506, 52.5603548], [12.1495782, 52.5405838], [12.1434739, 52.5370904], [12.1450163, 52.533299], [12.1421717, 52.5282849], [12.1544093, 52.5297029], [12.1585121, 52.5344939], [12.1736576, 52.538741], [12.1794745, 52.5338574], [12.1887401, 52.532226], [12.1851925, 52.5269001], [12.1783148, 52.5239468], [12.1671225, 52.5146963], [12.1699914, 52.507195], [12.1846731, 52.4957216], [12.1897168, 52.4989302], [12.2032562, 52.497574], [12.2122381, 52.5035823], [12.221768, 52.5002308], [12.227857, 52.5062332], [12.2237024, 52.5115534], [12.2315359, 52.5160361], [12.2327908, 52.5191799], [12.2311628, 52.522019], [12.2353138, 52.5239094], [12.2452498, 52.5214451], [12.2470875, 52.5187139], [12.2579581, 52.5181973], [12.2592981, 52.5046516], [12.2700667, 52.5009127], [12.2620771, 52.4952718], [12.2699485, 52.4936629], [12.2718449, 52.4875012], [12.2798057, 52.487623], [12.2860912, 52.4926311], [12.2941387, 52.4923466], [12.2972513, 52.4959669], [12.3103394, 52.4908216], [12.3222045, 52.4959901], [12.3302153, 52.4962871], [12.3277678, 52.4912636], [12.3139569, 52.4905616], [12.3092067, 52.4859921], [12.3102576, 52.4836264], [12.30861, 52.4788349], [12.3164888, 52.4750894], [12.3238707, 52.4763293], [12.3273561, 52.479438], [12.3307686, 52.4787251], [12.3252996, 52.4719918], [12.3252397, 52.4642097], [12.3154283, 52.4610969], [12.3146044, 52.4596483], [12.3173822, 52.4560466], [12.3164408, 52.4524891], [12.3042824, 52.4508321], [12.3048069, 52.447586], [12.3027252, 52.4457641], [12.3076879, 52.4446545], [12.3023293, 52.4388482], [12.3025129, 52.4343574], [12.2891822, 52.4306741], [12.2972821, 52.4239009], [12.2745991, 52.4160343], [12.2757938, 52.4120598], [12.291981, 52.4076699], [12.2993157, 52.4091212], [12.3022689, 52.4053087], [12.3015916, 52.4009196], [12.3035034, 52.397533], [12.2959726, 52.3926495], [12.2917108, 52.386111], [12.2944996, 52.381179], [12.3065554, 52.3777139], [12.3007048, 52.3711112], [12.2869478, 52.3695688], [12.2842308, 52.3678662], [12.2841224, 52.3641988], [12.2984005, 52.3531474], [12.29788, 52.3509151], [12.3080899, 52.3446322], [12.2893, 52.3224393], [12.2843238, 52.3213561], [12.2811522, 52.3182151], [12.2731719, 52.3043852], [12.262923, 52.2950454], [12.2507017, 52.272325], [12.250839, 52.2642086], [12.2545811, 52.2616708], [12.2474627, 52.2554803], [12.24541, 52.2498632], [12.2621914, 52.2467776], [12.2579588, 52.243246], [12.2708399, 52.24191], [12.2678579, 52.2407448], [12.2756932, 52.236797], [12.262803, 52.2369355], [12.2628639, 52.2343232], [12.2831335, 52.234475], [12.2890596, 52.2291355], [12.2971344, 52.2289034], [12.2821868, 52.2183414], [12.283139, 52.2182473], [12.2821931, 52.216681], [12.281778, 52.2181442], [12.2677035, 52.2145524], [12.2601467, 52.2164712], [12.2487867, 52.2117823], [12.2452231, 52.2074472], [12.2534414, 52.2058659], [12.2531301, 52.2046776], [12.2477105, 52.1979297], [12.241742, 52.1955216], [12.2445662, 52.1861306], [12.2475664, 52.1837044], [12.2418545, 52.1819554], [12.2282561, 52.1862376], [12.219263, 52.1734793], [12.2174553, 52.1732062], [12.2178659, 52.1711304], [12.2158557, 52.1711183], [12.2213511, 52.1658176], [12.2336795, 52.1627983], [12.2316977, 52.1548829], [12.2397211, 52.1471991], [12.243153, 52.1409383], [12.2474354, 52.1374594], [12.2628551, 52.132729], [12.2650322, 52.1305836], [12.2684965, 52.1239222], [12.2697453, 52.114813], [12.2764918, 52.1039277], [12.2848331, 52.1037659], [12.3013842, 52.0959584], [12.3157201, 52.092546], [12.331956, 52.0671859], [12.3482209, 52.0593063], [12.3597523, 52.0465778], [12.3895152, 52.0435958], [12.3980974, 52.0355064], [12.4103507, 52.0283763], [12.4204222, 52.0262326], [12.429478, 52.0183326], [12.4491521, 52.0165009], [12.4516655, 52.024779], [12.4607652, 52.0345856], [12.4807278, 52.0331749], [12.4846889, 52.0175951], [12.4940434, 52.0116148], [12.5054386, 52.0071795], [12.5358185, 52.0029283], [12.5349644, 52.0013828], [12.5399759, 51.9912665], [12.539432, 51.9849224], [12.5972635, 51.98152], [12.6153008, 51.9821731], [12.6142555, 51.9917397], [12.644636, 51.9943092], [12.6477494, 52.0075065], [12.6556101, 52.012843], [12.6682922, 52.01306], [12.6725436, 52.0116102], [12.6758183, 52.0067145], [12.6823189, 52.0034004], [12.6969521, 52.0029434], [12.711667, 51.9997429], [12.711326, 51.9971397], [12.7303955, 51.988589], [12.7429935, 51.9892143], [12.7562435, 51.9864987], [12.7630203, 51.9802439], [12.7735453, 51.9785508], [12.7765127, 51.9761681], [12.7761176, 51.9649351], [12.7910188, 51.9625219], [12.812714, 51.9625014], [12.844325, 51.9675816], [12.845327, 51.9628504], [12.8501915, 51.9591089], [12.8525581, 51.9351164], [12.8888155, 51.9348281], [12.8902597, 51.9283039], [12.896212, 51.9274525], [12.9149381, 51.9312473], [12.9169648, 51.9393281], [12.9358177, 51.9361281], [12.9606384, 51.9349328], [12.9562839, 51.9227233], [12.9765306, 51.919889], [12.9730658, 51.9009989], [12.9893944, 51.9041718], [13.0094433, 51.9028118], [13.0149257, 51.9015442], [13.0219174, 51.8966365], [13.0226753, 51.9032702], [13.0455042, 51.9006867], [13.0482244, 51.8917312], [13.0374309, 51.8908342], [13.0388876, 51.8819367], [13.0375713, 51.8802329], [13.0269088, 51.8810495], [13.0271733, 51.8785404], [13.0394518, 51.8708904], [13.0803977, 51.8673644], [13.0848831, 51.8737745], [13.0980307, 51.8730992], [13.1188615, 51.8765788], [13.1187891, 51.8831338], [13.1323568, 51.8824742], [13.1321519, 51.8796], [13.1387661, 51.8795856], [13.140016, 51.8762081], [13.1430672, 51.8759528], [13.1433637, 51.8727182], [13.1494992, 51.8723767], [13.1501193, 51.8706186], [13.1508301, 51.8596982], [13.1232708, 51.8579029], [13.1235123, 51.8551714], [13.135783, 51.832678], [13.139029, 51.8308617], [13.1393539, 51.8286287], [13.1425511, 51.8279664], [13.1400667, 51.8245712], [13.1451095, 51.8196886], [13.1487787, 51.8202253], [13.1496876, 51.8192309], [13.1474027, 51.8178022], [13.1535536, 51.8150037], [13.1621274, 51.8043278], [13.1629583, 51.8022352], [13.1599382, 51.7994245], [13.1611351, 51.7975536], [13.1582884, 51.79754], [13.1635105, 51.7924093], [13.1599963, 51.7879853], [13.1705286, 51.7871108], [13.1694162, 51.7827974], [13.1603868, 51.7841254], [13.1602685, 51.7754677], [13.1473163, 51.7665373], [13.155597, 51.764308], [13.1494448, 51.759313], [13.1637328, 51.75484], [13.1629137, 51.7507686], [13.1579935, 51.7506696], [13.1556279, 51.7475529], [13.1576477, 51.7451462], [13.1520961, 51.7442373], [13.1614632, 51.7405988], [13.1649866, 51.7414417], [13.1677483, 51.7383671], [13.1673314, 51.7350374], [13.1785798, 51.7312829], [13.1830694, 51.7230629], [13.18584, 51.722239], [13.1841673, 51.7197973], [13.1868819, 51.7156928], [13.1669299, 51.7179663], [13.1709884, 51.712301], [13.1697337, 51.7078915], [13.1620067, 51.7128849], [13.1541889, 51.7104741], [13.1605323, 51.6990114], [13.1610473, 51.6950669], [13.15643, 51.6947539], [13.1623651, 51.6917172], [13.1548573, 51.6888635], [13.1543119, 51.6864032], [13.0232621, 51.6370072], [13.0209553, 51.6415307], [13.0161878, 51.6449196], [13.0203272, 51.6533563], [13.0180944, 51.6589797], [13.0116742, 51.66477], [13.0052402, 51.6619932], [13.0024506, 51.6657928], [12.9959165, 51.6691424], [12.9771873, 51.6679933], [12.9771263, 51.6660176], [12.9818977, 51.6648887], [12.97966, 51.6632219], [12.9666849, 51.6653086], [12.9718954, 51.6512362], [12.9653024, 51.6523], [12.9629268, 51.6496413], [12.9571246, 51.6512051], [12.9493189, 51.6492562], [12.9521287, 51.643591], [12.9424486, 51.6382278], [12.9362245, 51.6457338], [12.928178, 51.649523], [12.9150155, 51.6487621], [12.9155247, 51.6457698], [12.9135054, 51.6441239], [12.9083513, 51.6465581], [12.8983352, 51.6474963], [12.8913572, 51.6539966], [12.8952084, 51.6587148], [12.8951794, 51.663716], [12.8886791, 51.6671803], [12.8802957, 51.6590809], [12.8726227, 51.6583026], [12.8660923, 51.6550417], [12.8650205, 51.6556121], [12.8677287, 51.6564828], [12.8638059, 51.6610084], [12.8665165, 51.6639641], [12.860508, 51.6647805], [12.8622607, 51.6736933], [12.8603781, 51.6746838], [12.858926, 51.6721172], [12.8569934, 51.6725174], [12.8593132, 51.6759715], [12.8442199, 51.6848692], [12.841076, 51.6820419], [12.8282991, 51.6822347], [12.8320283, 51.6762341], [12.8257917, 51.6751383], [12.818036, 51.670577], [12.807167, 51.6670753], [12.792503, 51.6654303], [12.7820502, 51.6536595], [12.7726995, 51.647405], [12.7643964, 51.6465602], [12.7649271, 51.6481971], [12.7605889, 51.6496226], [12.7492896, 51.6503226], [12.7403951, 51.6556656], [12.7290388, 51.6571123], [12.7162334, 51.6617569], [12.705449, 51.6627217], [12.6995769, 51.6605209], [12.6925209, 51.6629546], [12.6858929, 51.6611697], [12.679074, 51.6554973], [12.6770374, 51.6488317], [12.6729273, 51.6459124], [12.6715542, 51.647606], [12.6692739, 51.6465239], [12.6720725, 51.6452603], [12.6668871, 51.6418627], [12.667706, 51.6374492], [12.6658638, 51.631475], [12.6571394, 51.6302951], [12.6533116, 51.626205], [12.6490764, 51.6250056], [12.6492247, 51.6208742], [12.6394407, 51.6197593], [12.6369138, 51.6170668], [12.6225691, 51.6155266], [12.6087966, 51.6111016], [12.612164, 51.6143657], [12.6225249, 51.616475], [12.6233736, 51.6209234], [12.6292163, 51.6253193], [12.6242334, 51.6279561], [12.6067984, 51.6269064], [12.6009231, 51.624621], [12.5956249, 51.6182163], [12.5892079, 51.6181247], [12.5903168, 51.620085], [12.5871584, 51.6240858], [12.5884376, 51.6255213], [12.5804932, 51.6259873], [12.5743635, 51.615313], [12.5698161, 51.6166938], [12.5627445, 51.6138824], [12.5599678, 51.6090456], [12.5615362, 51.60818], [12.5506116, 51.6092411], [12.5415306, 51.6074521], [12.5445496, 51.6039679], [12.5384371, 51.6019962], [12.5335787, 51.6063867], [12.5278156, 51.6049408], [12.5239822, 51.6069515], [12.5159784, 51.6057686], [12.5067977, 51.6084842], [12.5035013, 51.6047076], [12.4957224, 51.6047916], [12.4976812, 51.6029188], [12.4974753, 51.5967275], [12.4903443, 51.5982502], [12.4828726, 51.5926498], [12.4775163, 51.5961894], [12.4874087, 51.6008209], [12.485183, 51.6045135], [12.4707031, 51.6051623], [12.4601627, 51.6033534], [12.45141, 51.606333], [12.4487433, 51.6098466], [12.444229, 51.6103045], [12.4389143, 51.6051423], [12.4325388, 51.6064318], [12.433334, 51.6039376], [12.4382304, 51.6024264], [12.4367812, 51.5995782], [12.434041, 51.5993804], [12.4334908, 51.5975629], [12.4274097, 51.5991807], [12.4239904, 51.5880149], [12.4256172, 51.5877289], [12.4254513, 51.5820946], [12.4116914, 51.5819495], [12.3971425, 51.585043], [12.3919474, 51.5880789], [12.393617, 51.5866228], [12.3900875, 51.5854169], [12.3667542, 51.5873616], [12.3749251, 51.5845787], [12.3702421, 51.5849944], [12.3698346, 51.5824705], [12.3482758, 51.5869204], [12.3478249, 51.5842387], [12.3370373, 51.5869598], [12.3365825, 51.5848866], [12.3437525, 51.5820069], [12.3392872, 51.5796112], [12.319798, 51.5779618], [12.3206713, 51.5746206], [12.3131682, 51.5683999], [12.3010355, 51.5654433], [12.297427, 51.5667542], [12.2970414, 51.5648899], [12.2935533, 51.5648471], [12.2928404, 51.5604576], [12.2546812, 51.5606407], [12.2505512, 51.5587489], [12.2496041, 51.5631774], [12.2441766, 51.5665078], [12.2329594, 51.5609455], [12.2357582, 51.5530264], [12.2308529, 51.5519055], [12.2313518, 51.5473596], [12.2187797, 51.5467159], [12.2228597, 51.5445417], [12.2099335, 51.5419048], [12.2102665, 51.5397974], [12.2067681, 51.5395926], [12.2071478, 51.5351892], [12.2016157, 51.5345144], [12.2019386, 51.5312988], [12.1936119, 51.5312405], [12.1946791, 51.5252657], [12.1911899, 51.5248122], [12.1910956, 51.5198753], [12.1955712, 51.5174982], [12.1940304, 51.5084785], [12.1910053, 51.5079255], [12.1914202, 51.5057234], [12.1980064, 51.5057499], [12.1982878, 51.5017011], [12.2078606, 51.5024475], [12.2075, 51.4974887], [12.2045236, 51.4975644], [12.2052118, 51.4908549], [12.2010476, 51.490224], [12.2031946, 51.4852075], [12.1758104, 51.4823099], [12.1765145, 51.472311], [12.173547, 51.4681305], [12.1633219, 51.467346], [12.1630499, 51.4655659], [12.1487147, 51.4630107], [12.1485372, 51.4592933], [12.1529803, 51.4575025], [12.1532644, 51.4523031], [12.1580836, 51.4520972], [12.1583894, 51.4453625], [12.1543027, 51.4454799], [12.1542649, 51.4435943], [12.1581097, 51.4429911], [12.1572979, 51.4346353], [12.1846024, 51.4303795], [12.1858628, 51.4207604], [12.1942421, 51.4212406], [12.1897266, 51.4135962], [12.1829285, 51.4141807], [12.1832369, 51.4106251], [12.1736807, 51.4101552], [12.177802, 51.4044571], [12.1779148, 51.4007316], [12.1745344, 51.4012105], [12.1774475, 51.3904853], [12.1826592, 51.3891124], [12.1810345, 51.3866827], [12.1796406, 51.3887844], [12.1800296, 51.3865877], [12.1724328, 51.3840849], [12.178394, 51.3808993], [12.1749435, 51.3792935], [12.1777091, 51.3768368], [12.1749156, 51.3759248], [12.1793869, 51.375143], [12.1833793, 51.3778937], [12.1904292, 51.3779237], [12.1893124, 51.375269], [12.1865886, 51.3758559], [12.1872835, 51.37329], [12.1834642, 51.374008], [12.1819313, 51.3687614], [12.1847917, 51.3671576], [12.1895202, 51.3698259], [12.1930531, 51.3703283], [12.185568, 51.3673237], [12.1877136, 51.3645916], [12.1855025, 51.3647118], [12.1857493, 51.3623793], [12.189803, 51.3623343], [12.1915984, 51.3642496], [12.1902866, 51.3610976], [12.1963089, 51.3605144], [12.195675, 51.3543889], [12.1905192, 51.3542551], [12.1888952, 51.3472018], [12.1913411, 51.3471337], [12.1933256, 51.3430962], [12.1944372, 51.3303213], [12.1671001, 51.3267576], [12.164962, 51.3254684], [12.1665861, 51.3208136], [12.1477875, 51.3199287], [12.1576307, 51.3021821], [12.1553669, 51.3012681], [12.1576947, 51.2921201], [12.168747, 51.2935201], [12.1695241, 51.2856389], [12.1718907, 51.285589], [12.1716069, 51.2756791], [12.1685045, 51.2696207], [12.165352, 51.2679999], [12.165869, 51.2659931], [12.1729549, 51.2661572], [12.173481, 51.257982], [12.1890777, 51.2577912], [12.1936633, 51.2406332], [12.1952626, 51.2384427], [12.1994802, 51.2385586], [12.1970737, 51.2379239], [12.1979556, 51.2363083], [12.1921189, 51.2357892], [12.1971091, 51.2182825], [12.2001752, 51.2161923], [12.2035158, 51.2167505], [12.2048344, 51.21419], [12.2011739, 51.2133808], [12.1895347, 51.2039343], [12.1917287, 51.1957136], [12.1852685, 51.1943672], [12.1871069, 51.1916102], [12.1736829, 51.189869], [12.1748015, 51.1811671], [12.1900559, 51.1850034], [12.2131202, 51.1835499], [12.2124195, 51.1792913], [12.208604, 51.1761884], [12.2118591, 51.1753904], [12.211471, 51.1720809], [12.2063527, 51.1709478], [12.2024424, 51.1661891], [12.2022424, 51.1618825], [12.1975393, 51.1601924], [12.1980042, 51.1485578], [12.1955928, 51.1414605], [12.227905, 51.1369939], [12.241337, 51.1306087], [12.2371047, 51.1277602], [12.2387167, 51.1263864], [12.2365529, 51.1239348], [12.2311428, 51.1239394], [12.2287304, 51.1204239], [12.2249199, 51.1205586], [12.2260617, 51.1223384], [12.2226396, 51.1232534], [12.2201674, 51.1223165], [12.2200325, 51.1208553], [12.2229128, 51.1208437], [12.2216495, 51.1189171], [12.2243541, 51.119341], [12.2248029, 51.1144562], [12.2222506, 51.1117366], [12.2237607, 51.1109217], [12.2213752, 51.1097247], [12.2331336, 51.1039005], [12.2320243, 51.1028295], [12.2410645, 51.1027648], [12.2437061, 51.1000711], [12.2523203, 51.0993025], [12.2529416, 51.0971713], [12.2619025, 51.097986], [12.2621638, 51.1000535], [12.2783343, 51.0993957], [12.278488, 51.0949775], [12.2803134, 51.0959124], [12.2828025, 51.0902616], [12.2882565, 51.0882536], [12.2780758, 51.0817477], [12.2732149, 51.0749288], [12.266124, 51.0779949], [12.2694882, 51.0716724], [12.258383, 51.0662482], [12.2606915, 51.0620636], [12.259461, 51.0573822], [12.2630396, 51.0539037], [12.2605465, 51.0535789], [12.2623821, 51.0496155], [12.2563216, 51.0492801], [12.2568155, 51.0453614], [12.2508572, 51.0446476], [12.250807, 51.0383983], [12.2616477, 51.0374696], [12.2733544, 51.0406056], [12.2812799, 51.0405861], [12.2825783, 51.0376018], [12.2866424, 51.0382154], [12.2895402, 51.0305828], [12.2942392, 51.0314888], [12.294649, 51.0289941], [12.2947341, 51.0252571], [12.2918501, 51.0240953], [12.2934021, 51.0220701], [12.2918309, 51.0187313], [12.2821279, 51.0108417], [12.2851353, 51.0073799], [12.2808281, 51.007819], [12.2757361, 51.0044537], [12.2651792, 50.9916281], [12.2395023, 50.9747889], [12.2364474, 50.9650237], [12.2324488, 50.96137], [12.2394531, 50.9626856], [12.241739, 50.9614234], [12.2421385, 50.9563005], [12.2399988, 50.9530348], [12.2292055, 50.9466495], [12.226754, 50.9430298], [12.2144629, 50.9378508], [12.2148217, 50.9432127], [12.210811, 50.9439133], [12.212064, 50.9478392], [12.2104792, 50.949537], [12.2156954, 50.9544315], [12.2131737, 50.9567092], [12.2135266, 50.9602108], [12.1987168, 50.9567661], [12.1828067, 50.9759861], [12.1625497, 50.9659311], [12.1660711, 50.9590565], [12.1635465, 50.9585932], [12.1583422, 50.963141], [12.1516478, 50.9642988], [12.1319396, 50.9607402], [12.1327154, 50.965718], [12.1179933, 50.9680951], [12.104833, 50.9739216], [12.0943901, 50.9744589], [12.0910308, 50.9765857], [12.0718648, 50.9739216], [12.0557401, 50.9682223], [12.036853, 50.9726489], [12.0142873, 50.9681117], [12.0140837, 50.9695924], [12.0108722, 50.9699089], [12.0106068, 50.9741015], [12.0174102, 50.9766586], [12.0173579, 50.9791518], [12.0152478, 50.9837454], [12.0084543, 50.9839119], [12.0065354, 50.9910363], [11.9989558, 50.9886155], [11.9977921, 50.9930331], [11.9956387, 50.9934037], [11.9746061, 50.9902301], [11.9727924, 50.9941963], [11.9702668, 50.9941732], [11.9687699, 50.9988307], [11.9762968, 50.9998187], [11.9786084, 51.0031723], [11.9752098, 51.0064599], [11.9748098, 51.0097375], [11.9767575, 51.0121063], [11.9806829, 51.0121363], [11.9770878, 51.0162035], [11.9720677, 51.01839], [11.970132, 51.0171176], [11.9682328, 51.0183979], [11.9693299, 51.0204465], [11.9674243, 51.0197473], [11.9646612, 51.0219249], [11.9630096, 51.0222445], [11.9626285, 51.0203866], [11.9581821, 51.020946], [11.9538944, 51.0258204], [11.9431506, 51.0326558], [11.9236501, 51.0262703], [11.9119918, 51.0278761], [11.9109009, 51.0292379], [11.9144824, 51.0311987], [11.9129535, 51.0363181], [11.9152451, 51.037344], [11.9100971, 51.0408801], [11.90997, 51.044754], [11.9053581, 51.0444016], [11.9035378, 51.0463902], [11.9049318, 51.0446593], [11.9036166, 51.0441462], [11.8965376, 51.0453907], [11.8943757, 51.0485878], [11.8962814, 51.0503448], [11.8896752, 51.055296], [11.8773205, 51.0572723], [11.8636953, 51.0513231], [11.8605511, 51.054178], [11.8526745, 51.0516026], [11.8471165, 51.0530401], [11.8320939, 51.0521416], [11.8040284, 51.0457796], [11.8032688, 51.048608], [11.7985105, 51.0483192], [11.7975341, 51.0503384], [11.786772, 51.0501052], [11.7869944, 51.0524411], [11.7747667, 51.05308], [11.7706696, 51.0479089], [11.7722259, 51.0450536], [11.759571, 51.0426583], [11.7598389, 51.0477658], [11.751727, 51.0483796], [11.7511221, 51.0516573], [11.7459948, 51.0518552], [11.7455609, 51.054167], [11.7488414, 51.054373], [11.7521818, 51.0576576], [11.7374451, 51.062324], [11.7323883, 51.0681365], [11.7238745, 51.0680227], [11.7204609, 51.070965], [11.7134316, 51.0702524], [11.7101976, 51.0681003], [11.701192, 51.0690882], [11.7019444, 51.073625], [11.6995414, 51.0764753], [11.7015626, 51.0784718], [11.6974079, 51.0844396], [11.701484, 51.0859773], [11.6966668, 51.0876278], [11.6955776, 51.0897367], [11.6971159, 51.0914223], [11.6935339, 51.0922968], [11.6947242, 51.0943209], [11.69158, 51.0973321], [11.6935002, 51.0973885], [11.6927928, 51.0997437], [11.6890535, 51.100336], [11.6899519, 51.0981501], [11.6756066, 51.1040107], [11.6709855, 51.1029138], [11.6662214, 51.1078894], [11.6689687, 51.1093251], [11.6681677, 51.1104123], [11.6635604, 51.1090008], [11.6616003, 51.1094846], [11.662789, 51.1109706], [11.6535093, 51.1098828], [11.6475464, 51.1069222], [11.6480511, 51.1090693], [11.6382353, 51.1107172], [11.6358432, 51.1068293], [11.62365, 51.1037966], [11.6203935, 51.0968876], [11.6153778, 51.0976786], [11.6200795, 51.1050284], [11.6139944, 51.108446], [11.5981238, 51.1155401], [11.5718473, 51.1205694], [11.5581853, 51.1088246], [11.5543512, 51.1093992], [11.5556215, 51.1114969], [11.5477224, 51.111725], [11.547376, 51.1090668], [11.5490458, 51.1087368], [11.5472253, 51.108019], [11.5456424, 51.1024462], [11.5122, 51.107997], [11.5105381, 51.1030476], [11.4854077, 51.1025117], [11.4838806, 51.1078137], [11.4765818, 51.1078137], [11.4632867, 51.1127486], [11.4655549, 51.1182327], [11.4639333, 51.1182589], [11.4657571, 51.1273949], [11.4627926, 51.1267325], [11.4634664, 51.1300446], [11.4600303, 51.1301151], [11.4594689, 51.1363017], [11.4514289, 51.1465311], [11.4720004, 51.1479118], [11.4792093, 51.1577161], [11.477893, 51.1599898], [11.4725843, 51.1610259], [11.4752118, 51.1656735], [11.4847679, 51.1651805], [11.485437, 51.1669682], [11.4852796, 51.1682796], [11.4708945, 51.1698115], [11.4717084, 51.1745869], [11.4699118, 51.1803594], [11.46688, 51.1810351], [11.4694626, 51.1834001], [11.4684866, 51.1926718], [11.455221, 51.1951794], [11.4530235, 51.1919398], [11.4490093, 51.1933882], [11.4492612, 51.1992412], [11.4475973, 51.1992278], [11.4449232, 51.2046143], [11.4461825, 51.2087766], [11.4313257, 51.2124391], [11.4141383, 51.2079685], [11.4045587, 51.2077475], [11.4074663, 51.2039439], [11.4058336, 51.203085], [11.4012473, 51.2037869], [11.4021491, 51.2059426], [11.4003533, 51.2065186], [11.3915227, 51.2036998], [11.3883061, 51.2088952], [11.3912886, 51.2106581], [11.3900308, 51.2137517], [11.3922224, 51.2159605], [11.3886923, 51.2159014], [11.3909331, 51.2174678], [11.3651983, 51.2213836], [11.3692984, 51.2305618], [11.3766554, 51.2337847], [11.3789526, 51.2367524], [11.3763646, 51.239192], [11.3838669, 51.2456727], [11.4018959, 51.2428329], [11.3998209, 51.2365672], [11.4125969, 51.2411217], [11.4200411, 51.2463644], [11.4180928, 51.2477842], [11.4219312, 51.2532627], [11.4262058, 51.2557742], [11.4295499, 51.254664], [11.4396403, 51.2635627], [11.441734, 51.2668742], [11.4370814, 51.2688027], [11.441385, 51.2729325], [11.4456887, 51.2708222], [11.4563898, 51.2773348], [11.4529129, 51.2795096], [11.4517157, 51.280825], [11.4541941, 51.2793424], [11.4526938, 51.2812628], [11.4545829, 51.2864522], [11.460067, 51.2940706], [11.462549, 51.2905505], [11.4681123, 51.2883159], [11.4740107, 51.2949567], [11.471996, 51.2980779], [11.4757498, 51.2955154], [11.4752313, 51.2985405], [11.4662368, 51.3050434], [11.4504178, 51.314334], [11.4463371, 51.3122774], [11.4473586, 51.3161006], [11.4341735, 51.3197533], [11.4347551, 51.3220613], [11.426045, 51.326607], [11.4286769, 51.3271338], [11.4183904, 51.3318325], [11.4200123, 51.3359484], [11.4267441, 51.3358828], [11.4292527, 51.3423311], [11.4120027, 51.3424519], [11.4087524, 51.3401475]], [[12.2864317, 52.2260731], [12.28971, 52.2245562], [12.2904128, 52.2247673], [12.2892288, 52.2257157], [12.2864317, 52.2260731]], [[12.2856445, 52.2270261], [12.2831959, 52.2281814], [12.2826831, 52.2272918], [12.2856445, 52.2270261]], [[12.2818781, 52.2276653], [12.2789552, 52.2294248], [12.2797254, 52.2294522], [12.281941, 52.2304813], [12.2770515, 52.2290068], [12.2764389, 52.228071], [12.2818781, 52.2276653]], [[12.2653175, 52.2295973], [12.2707193, 52.2290812], [12.2666866, 52.2249011], [12.2707788, 52.2290702], [12.2707332, 52.229358], [12.2749605, 52.2305556], [12.2647488, 52.2319179], [12.2653175, 52.2295973]], [[12.2608185, 52.2307711], [12.2609697, 52.2296954], [12.2617397, 52.2305688], [12.2608185, 52.2307711]], [[12.218108, 52.8612681], [12.2198919, 52.8615221], [12.2221761, 52.8628142], [12.218108, 52.8612681]]], [[[11.439615, 51.1993923], [11.4473154, 51.1988623], [11.4478215, 51.1962274], [11.4455993, 51.1942559], [11.4438274, 51.1983813], [11.439615, 51.1993923]]]]}}, {"type": "Feature", "properties": {"name": "Bremen", "verband": "Bremen"}, "geometry": {"type": "MultiPolygon", "coordinates": [[[[8.9050271, 52.9625207], [8.8748395, 52.9567296], [8.8731387, 52.9529478], [8.869569838914003, 52.95271567418559], [8.8463139, 52.9543647], [8.8407663, 52.9586965], [8.843646055511318, 52.95990228029348], [8.838385148964107, 52.96338733117742], [8.8321305, 52.9602018], [8.817491266339056, 52.961984547799176], [8.8157369, 52.9586135], [8.8056241, 52.9570594], [8.802479440237576, 52.959327097458505], [8.7929322, 52.9561652], [8.771721109353138, 52.96720354458299], [8.7675426, 52.9711512], [8.77365593391182, 52.97810882998476], [8.772063823165805, 52.97940153217532], [8.776012182392654, 52.98342271210229], [8.782621476295297, 52.9857866577507], [8.781361939668248, 52.98751814258869], [8.783698043762897, 52.98980918136152], [8.778175656456872, 52.99204424178204], [8.77936299600967, 52.99429857394584], [8.77555331680137, 52.99470286845314], [8.77749355533269, 52.99871913381422], [8.772637483145864, 52.999823531684], [8.770295906169508, 52.99741908524412], [8.763125317458005, 53.00404838951544], [8.760088561575287, 53.00271547782942], [8.752394870993765, 53.00385585672575], [8.750302456666361, 53.01001263387356], [8.773318540643682, 53.01779931047929], [8.78332034505091, 53.02800775927887], [8.789404194936626, 53.03141189886058], [8.791575011099582, 53.036430765662395], [8.7776905, 53.039517], [8.7764586, 53.0430496], [8.7726492, 53.0450454], [8.7705645, 53.0531493], [8.76222515, 53.05083084], [8.764001, 53.0469976], [8.754966, 53.0428596], [8.7572626, 53.0409598], [8.75627041, 53.03878021], [8.739632098236752, 53.04011550049136], [8.7388792, 53.03784561], [8.73286915, 53.03630066], [8.7349277, 53.0350521], [8.7339588, 53.0336058], [8.7300804, 53.0340087], [8.7115987, 53.0441943], [8.7068223, 53.0524344], [8.7103973, 53.0684701], [8.7088548, 53.0759137], [8.7061572, 53.0761467], [8.7015129, 53.0815781], [8.7039155, 53.0815131], [8.700825, 53.0829359], [8.6870091, 53.0859195], [8.674607, 53.0862245], [8.6665183, 53.0916568], [8.6648715, 53.0956124], [8.6704666, 53.1024566], [8.654229, 53.1088996], [8.6535511, 53.1118255], [8.6569775, 53.1180778], [8.653708, 53.1161011], [8.6510674, 53.116838], [8.6513734, 53.1220404], [8.6306134, 53.1384595], [8.626563, 53.1455167], [8.6233774, 53.1630717], [8.6199286, 53.1669347], [8.6114612, 53.1703888], [8.5826206, 53.1733754], [8.5339491, 53.1868528], [8.5154398, 53.1980034], [8.5124373, 53.1969196], [8.5062953, 53.2000212], [8.4815929, 53.2264612], [8.4887657, 53.2283292], [8.4897386, 53.2266402], [8.5047287, 53.2288943], [8.5069056, 53.2276275], [8.517496, 53.2285462], [8.5187754, 53.2261047], [8.5210234, 53.2263756], [8.5205684, 53.2229493], [8.5259918, 53.2219105], [8.5302221, 53.2159088], [8.5407369, 53.2153874], [8.5539674, 53.2077773], [8.5662079, 53.2136548], [8.5721579, 53.2108202], [8.5785689, 53.2174424], [8.5990987, 53.2127682], [8.5939576, 53.2054148], [8.5816916, 53.2000934], [8.5815366, 53.1981746], [8.5850581, 53.1961258], [8.5801618, 53.1931162], [8.5803898, 53.1900415], [8.5888293, 53.1898723], [8.5927382, 53.1876264], [8.5907021, 53.1867494], [8.5933778, 53.1842081], [8.6089924, 53.1886458], [8.6085547, 53.1931691], [8.6222122, 53.1952428], [8.6217284, 53.1971408], [8.627948, 53.198289], [8.6321342, 53.1954511], [8.6376641, 53.1950162], [8.6377279, 53.1917855], [8.6420783, 53.1896579], [8.6550903, 53.1869751], [8.6524947, 53.1846403], [8.6580618, 53.1817147], [8.6593758, 53.1772202], [8.6626372, 53.1782044], [8.666191, 53.1764947], [8.674855, 53.1787582], [8.6761749, 53.1752611], [8.6799475, 53.1762594], [8.6785099, 53.1774416], [8.6797549, 53.1780832], [8.6968318, 53.1826797], [8.6994273, 53.1854383], [8.7027529, 53.1812659], [8.7010039, 53.1781494], [8.7055529, 53.1758173], [8.7142751, 53.1832662], [8.7289844, 53.1806075], [8.7304562, 53.1753886], [8.7351704, 53.1724284], [8.7368829, 53.1733195], [8.7393206, 53.1708689], [8.7432867, 53.171781], [8.7408401, 53.1666076], [8.741568, 53.1640409], [8.748045, 53.1659407], [8.7551209, 53.163472], [8.7616949, 53.1651848], [8.7761597, 53.1581967], [8.7776105, 53.1590736], [8.7755158, 53.1615153], [8.7821617, 53.1634421], [8.7863921, 53.1631102], [8.7886798, 53.1602145], [8.7909784, 53.1632931], [8.7944399, 53.1612594], [8.7971804, 53.1636061], [8.7978003, 53.1608824], [8.8040517, 53.1621904], [8.8070776, 53.1602146], [8.8089609, 53.1630517], [8.8126364, 53.1611472], [8.8147302, 53.1640134], [8.818548, 53.161806], [8.82926, 53.1642765], [8.8300498, 53.1632825], [8.8269434, 53.1612865], [8.8348431, 53.1568], [8.8398613, 53.1578506], [8.841142, 53.1477588], [8.8530178, 53.1436965], [8.854862, 53.1403093], [8.8576112, 53.1402199], [8.8560985, 53.1384209], [8.8615312, 53.1379768], [8.8605777, 53.134932], [8.863219, 53.131423], [8.8977931, 53.1340308], [8.9031632, 53.1385313], [8.9067167, 53.1373724], [8.9089514, 53.1329809], [8.9125218, 53.132554], [8.9179001, 53.1382251], [8.9167315, 53.1392913], [8.9222782, 53.142007], [8.9208464, 53.1444297], [8.9400594, 53.1522299], [8.9447842, 53.1521099], [8.9566118, 53.1471645], [8.9640428, 53.1390164], [8.9728285, 53.1326002], [8.9788805, 53.1309364], [8.9832949, 53.125737], [8.9472416, 53.1161889], [8.957763, 53.1110396], [8.9632442, 53.1004308], [8.9703476, 53.1016846], [8.9790021, 53.0995641], [8.9817595, 53.0963936], [8.9889256, 53.0983736], [8.9907318, 53.0965647], [8.9836902, 53.0933907], [8.965795, 53.0899715], [8.9609864, 53.0851691], [8.965871, 53.0828138], [8.9634875, 53.0723619], [8.965854, 53.0626183], [8.9637339, 53.0599887], [8.9655523, 53.0572826], [8.9704385, 53.0561458], [8.9734821, 53.0511943], [8.9765506, 53.0515073], [8.9803461, 53.0467959], [8.9665753, 53.036691], [8.963531, 53.0371111], [8.9457816, 53.0306066], [8.9457592, 53.0248747], [8.938248, 53.0247879], [8.935912, 53.0135338], [8.9285832, 53.0129248], [8.9217905, 53.0149411], [8.9214119, 53.0122177], [8.9176498, 53.0133525], [8.9158254, 53.0110367], [8.9274666, 53.0094714], [8.919078, 53.0029936], [8.9318763, 52.9985417], [8.9325702, 52.9907713], [8.9166369, 52.9804821], [8.9099931, 52.9836763], [8.9087593, 52.9825745], [8.9079859, 52.9778414], [8.9048947, 52.9744272], [8.9037126, 52.9674727], [8.9050271, 52.9625207]]], [[[8.6425558, 53.6091395], [8.6517925, 53.609946], [8.6534321, 53.6082316], [8.6591773, 53.6081067], [8.6571794, 53.6030494], [8.6539072, 53.6024459], [8.651588, 53.6041471], [8.6441896, 53.605062], [8.6450645, 53.6075337], [8.6425558, 53.6091395]]], [[[8.4926726, 53.4724428], [8.494316, 53.4783868], [8.5046643, 53.4938711], [8.5206707, 53.504091], [8.5527176, 53.5161607], [8.5464684, 53.5212729], [8.5552852, 53.5248803], [8.5590381, 53.5316159], [8.539397, 53.5488601], [8.5034327, 53.5724193], [8.4919551, 53.5914938], [8.48301, 53.6005176], [8.523049, 53.6067268], [8.5254788, 53.6036186], [8.5274118, 53.6057122], [8.5340731, 53.6043311], [8.535293, 53.6070326], [8.5812686, 53.5979711], [8.5929023, 53.5931016], [8.6016006, 53.5956694], [8.6126318, 53.602883], [8.6228151, 53.6052595], [8.6397086, 53.6044856], [8.6457119, 53.6015943], [8.6467465, 53.6041538], [8.6530745, 53.6027176], [8.6389012, 53.5948228], [8.6409052, 53.5934463], [8.6267475, 53.5847182], [8.6200536, 53.577337], [8.6194177, 53.5739494], [8.6252586, 53.5674646], [8.6311099, 53.555571], [8.6373825, 53.5535936], [8.6467758, 53.5555986], [8.6444844, 53.5494993], [8.6453577, 53.5404376], [8.6421861, 53.5418004], [8.6416957, 53.5366892], [8.6383548, 53.534887], [8.6384132, 53.5330581], [8.6395623, 53.5249229], [8.643598, 53.5226849], [8.6456823, 53.5185879], [8.6494838, 53.5194277], [8.652295, 53.5159685], [8.6482049, 53.5141684], [8.6510416, 53.5108398], [8.6365204, 53.5057131], [8.6376942, 53.5036806], [8.6345294, 53.5020789], [8.6287427, 53.5016531], [8.6280264, 53.4989481], [8.62987, 53.4970441], [8.6259272, 53.4935209], [8.610492, 53.4875059], [8.6033547, 53.4871439], [8.6032635, 53.484298], [8.5844523, 53.4870223], [8.5768568, 53.4858137], [8.5739749, 53.4887958], [8.5394629, 53.4802627], [8.5286416, 53.4800467], [8.5169281, 53.4732948], [8.5146251, 53.4753069], [8.5097963, 53.4754984], [8.5056633, 53.4711654], [8.4926726, 53.4724428]]], [[[8.6133572, 53.1973603], [8.6166977, 53.1957746], [8.6154949, 53.1945666], [8.612068, 53.1962265], [8.6133572, 53.1973603]]]]}}, {"type": "Feature", "properties": {"name": "Schleswig-Holstein", "verband": "Schleswig-Holstein"}, "geometry": {"type": "MultiPolygon", "coordinates": [[[[11.0050515, 54.4532043], [11.011023, 54.4795257], [11.0102505, 54.4823991], [11.0181469, 54.4955548], [11.0397868, 54.5193256], [11.0650936, 54.5354151], [11.0688058, 54.5362119], [11.0736552, 54.532452], [11.0798565, 54.5311322], [11.0973445, 54.5304972], [11.1345536, 54.524211], [11.1632641, 54.5227372], [11.1881035, 54.5153396], [11.192993, 54.5117688], [11.1881714, 54.5145887], [11.190167, 54.5118234], [11.1971149, 54.5089578], [11.2179503, 54.5042297], [11.226115, 54.5052389], [11.2260693, 54.5024346], [11.229044, 54.5032579], [11.2294259, 54.5015617], [11.2332698, 54.5014733], [11.2348292, 54.4982768], [11.2419906, 54.4936999], [11.2519469, 54.4725145], [11.2657657, 54.4652694], [11.2707224, 54.4594824], [11.2748852, 54.4575366], [11.2792411, 54.4459845], [11.297523, 54.4313838], [11.3016, 54.4197245], [11.304546, 54.4180581], [11.3072056, 54.4119835], [11.3120499, 54.40873], [11.3128618, 54.4029625], [11.285514, 54.4044582], [11.2572053, 54.4110149], [11.2419811, 54.4121294], [11.2133526, 54.4113255], [11.1970749, 54.4067148], [11.193716, 54.4109439], [11.194658, 54.4138051], [11.2004754, 54.4121786], [11.2106139, 54.4135507], [11.2112791, 54.4175587], [11.2046272, 54.4173278], [11.1956042, 54.420137], [11.192103, 54.4190023], [11.1908781, 54.4221934], [11.1885142, 54.4203642], [11.1736869, 54.4199778], [11.1696099, 54.4141594], [11.1658376, 54.4127102], [11.167463, 54.4103937], [11.1807346, 54.4050861], [11.1847686, 54.4081677], [11.1845759, 54.410392], [11.1870096, 54.4087469], [11.1775589, 54.4021416], [11.1287923, 54.4033087], [11.1211848, 54.4020212], [11.118793, 54.4041517], [11.0948999, 54.4099778], [11.0975015, 54.4179937], [11.094974, 54.4225], [11.1020783, 54.4319711], [11.1008553, 54.436539], [11.0969821, 54.4362832], [11.0977868, 54.4377745], [11.0957376, 54.4389476], [11.0971323, 54.4432901], [11.0945038, 54.4461302], [11.0865377, 54.4448076], [11.0878091, 54.4477366], [11.0761389, 54.4497235], [11.075002, 54.4488194], [11.0770351, 54.4478689], [11.0749108, 54.4451675], [11.074272, 54.4493804], [11.0635218, 54.4528423], [11.0533508, 54.449948], [11.0513964, 54.4430202], [11.0495322, 54.4480424], [11.0509939, 54.4429762], [11.0480762, 54.4479084], [11.0379217, 54.4469041], [11.0305832, 54.4429737], [11.0249828, 54.4450325], [11.0218714, 54.4436101], [11.0215174, 54.4373957], [11.0284911, 54.4358295], [11.032965, 54.4372147], [11.0373746, 54.4313926], [11.0439976, 54.4306538], [11.0521799, 54.4266405], [11.0385547, 54.4296389], [11.009107, 54.4416635], [11.0052231, 54.4461429], [11.0050515, 54.4532043]]], [[[10.30225002232799, 53.53230554997437], [10.2913928725488, 53.53722168764724], [10.30153563985325, 53.54763920886296], [10.31047078692298, 53.55091924569232], [10.31267270863599, 53.55542059542913], [10.31096237718442, 53.56914771732185], [10.31648546387969, 53.57233445649335], [10.30331485477496, 53.57974162287324], [10.30385928744237, 53.57180423085471], [10.29193460793314, 53.57645136391248], [10.27833906883697, 53.57078627754275], [10.26926948705798, 53.57738323759404], [10.26455376710657, 53.58764423344428], [10.24820556647949, 53.59212392738302], [10.23363880236604, 53.60512823370811], [10.23327411435017, 53.61120687286236], [10.22713078288579, 53.61494421568265], [10.22950191124497, 53.63341643566578], [10.232399357300398, 53.63381296513227], [10.2225255, 53.6335065], [10.2100829, 53.6366661], [10.1995585, 53.6361581], [10.1896394, 53.6383737], [10.1988518, 53.6467302], [10.1950501, 53.6523027], [10.1958919, 53.6547514], [10.1871973, 53.6565371], [10.1877947, 53.6586576], [10.1837575, 53.6634299], [10.1768974, 53.6627455], [10.1732097, 53.6649493], [10.1743302, 53.6667543], [10.1715323, 53.6686937], [10.1718666, 53.676193], [10.1699771, 53.6789989], [10.1721897, 53.6809941], [10.1756511, 53.6788152], [10.1896025, 53.6807396], [10.1973847, 53.6797563], [10.1977467, 53.6764936], [10.2162014, 53.6782907], [10.2145424, 53.6851792], [10.2271303, 53.6859358], [10.2250736, 53.689], [10.2330334, 53.6901766], [10.2230695, 53.6934732], [10.2263603, 53.6957985], [10.22852, 53.6951561], [10.2247304, 53.6968928], [10.2262017, 53.7002473], [10.2382125, 53.7006979], [10.2421686, 53.6959665], [10.242793192587056, 53.69139575773859], [10.24665308580401, 53.70426823346885], [10.2377786930992, 53.70541019754926], [10.24411626355882, 53.70879812863989], [10.2331989808082, 53.70976980382661], [10.22942248025069, 53.71466688534268], [10.21630000724785, 53.71020021835349], [10.20905921378923, 53.71285967701906], [10.18985700520133, 53.70323902006881], [10.18401153436849, 53.70322044511268], [10.1764553967629, 53.7076576513054], [10.179391302629272, 53.709624362186354], [10.1815564, 53.7089], [10.1917444, 53.7226967], [10.1936896, 53.7310028], [10.1865136, 53.7310968], [10.1725643, 53.738212], [10.1647879, 53.7394378], [10.1617491, 53.7369726], [10.1616007, 53.7332969], [10.1282396, 53.7205976], [10.1211309, 53.7131603], [10.1157539, 53.7160823], [10.1120397, 53.7142491], [10.1020453, 53.7151344], [10.094176, 53.7193196], [10.0819849, 53.7204444], [10.076875, 53.7137095], [10.0705346, 53.7123631], [10.069091, 53.708923], [10.0583057, 53.7104995], [10.0594102, 53.71523070000001], [10.049457, 53.7168167], [10.0468344, 53.7191634], [10.0331936, 53.7187584], [10.0316828, 53.7215361], [10.0352092, 53.72021629999999], [10.0341212, 53.7236377], [10.0305609, 53.72343190000001], [10.0305309, 53.7266285], [10.0259996, 53.7264484], [10.0226488, 53.749704], [10.0099646, 53.7451383], [9.9960172, 53.748263], [9.9874676, 53.75479379999999], [9.98061085, 53.76406097], [9.97349262, 53.76715469], [9.97163773, 53.77005767999999], [9.9537774, 53.765605], [9.948731, 53.7698008], [9.9422989, 53.7700269], [9.9411215, 53.7720716], [9.9273759, 53.7685513], [9.9114545, 53.7687129], [9.9078773, 53.7709054], [9.9074798, 53.7676165], [9.9008767, 53.7663664], [9.9015776, 53.7695861], [9.89718342, 53.77495956000001], [9.8756565, 53.778161], [9.8741547, 53.7807747], [9.86722088, 53.78173447], [9.883549, 53.8019304], [9.8802598, 53.8124112], [9.8737269, 53.8148417], [9.8509198, 53.830289], [9.8420802, 53.8254865], [9.8482633, 53.821424], [9.84480713504362, 53.81711438680207], [9.83251572, 53.82510757], [9.82137299, 53.82593918], [9.8300972, 53.83821106000001], [9.821322111498015, 53.84093167277651], [9.82448101, 53.84577179], [9.7635994, 53.87314987], [9.75144482, 53.8930397], [9.67015076, 53.88929749], [9.66419754273683, 53.886846279680846], [9.6556673, 53.88644409], [9.64546108, 53.87887955], [9.651533983353268, 53.869482397915505], [9.64960766, 53.86896515], [9.656688, 53.8563012], [9.66818047, 53.85634995], [9.67270756, 53.8540535], [9.675931211780792, 53.85151389854434], [9.676821934496305, 53.84504557888594], [9.6727427, 53.8375754], [9.66175556, 53.80261992999999], [9.6455499, 53.7763941], [9.642285863793893, 53.773586873551245], [9.564188, 53.75146484], [9.574117104426124, 53.73696695094842], [9.57773304, 53.72820663], [9.582979126946952, 53.72337470964382], [9.5826333, 53.7215361], [9.557087298863628, 53.71462797030894], [9.53226185, 53.71733855999999], [9.4859097, 53.7076489], [9.4333691, 53.7320036], [9.4226503, 53.7406616], [9.3587956, 53.8178497], [9.3398517, 53.8317558], [9.3195032, 53.8509127], [9.2897907, 53.8633868], [9.2572428, 53.8715762], [9.230887, 53.8750233], [9.2309307, 53.8778474], [9.1997502, 53.8800602], [9.1423361, 53.8775428], [9.0531857, 53.8812976], [9.0224593, 53.8794795], [9.0184755, 53.9002087], [9.0055559, 53.8952715], [8.9885707, 53.8918253], [8.9745804, 53.8921478], [8.9707085, 53.8960649], [8.9509597, 53.9042813], [8.9531517, 53.9059432], [8.9507119, 53.9083427], [8.9275074, 53.9206677], [8.9178084, 53.9291587], [8.8985794, 53.9522321], [8.8906859, 53.9777963], [8.8550663, 54.0066843], [8.837303, 54.0266144], [8.8370026, 54.0299211], [8.8442284, 54.0372667], [8.8597077, 54.0411434], [8.89104, 54.0376331], [8.9124794, 54.0275864], [8.9632273, 54.0347234], [8.9729525, 54.0381451], [8.980475, 54.044153], [8.985259, 54.055168], [8.985692, 54.060803], [8.984821, 54.063109], [8.969797, 54.06477], [8.9584991, 54.0637665], [8.9589288, 54.0661711], [8.9631238, 54.0651949], [8.9798467, 54.0691497], [8.9502728, 54.0911922], [8.9490474, 54.0913201], [8.9440548, 54.0906269], [8.941811, 54.0906531], [8.9503807, 54.092256], [8.9437996, 54.0925664], [8.9488945, 54.0938961], [8.9289392, 54.1293977], [8.9252438, 54.1323425], [8.9121897, 54.1345476], [8.8948343, 54.1333167], [8.8779728, 54.1257869], [8.8717238, 54.1250769], [8.8613915, 54.1191773], [8.8600873, 54.119291], [8.8618252, 54.1210237], [8.8588171, 54.1217433], [8.8583787, 54.1191468], [8.8564426, 54.1222254], [8.8570843, 54.1257432], [8.8548509, 54.1281368], [8.8381939, 54.1326925], [8.8268457, 54.1439212], [8.8175552, 54.1661629], [8.8095743, 54.1706851], [8.8074897, 54.1761719], [8.8113194, 54.1821284], [8.8124596, 54.1879544], [8.8111485, 54.1902784], [8.8124423, 54.1928368], [8.8150569, 54.19287], [8.8132966, 54.1933315], [8.8167591, 54.1984612], [8.8167666, 54.202328], [8.8189289, 54.2023267], [8.8198141, 54.20592], [8.822412, 54.2059222], [8.8228417, 54.2082252], [8.8285095, 54.2105391], [8.8289615, 54.2123273], [8.8355139, 54.2143983], [8.8401387, 54.2206082], [8.8409375, 54.2346424], [8.8361791, 54.2389266], [8.8358617, 54.2424923], [8.8409064, 54.2555167], [8.8445235, 54.2563728], [8.8445759, 54.2628651], [8.8429083, 54.2632818], [8.8452816, 54.2649478], [8.8410096, 54.2664929], [8.8444718, 54.2673822], [8.8444412, 54.2709081], [8.8396755, 54.281788], [8.8299156, 54.289852], [8.8216088, 54.2915869], [8.791707, 54.2819773], [8.7811215, 54.2805815], [8.7704667, 54.2823552], [8.7687061, 54.2891033], [8.7485194, 54.2891194], [8.7399244, 54.2937844], [8.7232032, 54.2888531], [8.7062814, 54.2930317], [8.7052285, 54.2869365], [8.6893395, 54.2783598], [8.6689459, 54.2796452], [8.6503501, 54.2875158], [8.6303836, 54.3020784], [8.6103969, 54.3078231], [8.6020621, 54.3134343], [8.6031518, 54.3143134], [8.5999781, 54.3203366], [8.5994626, 54.3262409], [8.6010925, 54.3288789], [8.6034178, 54.3288267], [8.6059519, 54.3256281], [8.6066926, 54.3287075], [8.6009089, 54.3387687], [8.6034489, 54.3409872], [8.6217137, 54.3436245], [8.6347022, 54.337798], [8.6448159, 54.3384473], [8.6528166, 54.3429046], [8.6473232, 54.3435671], [8.6463704, 54.3452167], [8.6525609, 54.3486656], [8.6578453, 54.3488418], [8.6591124, 54.3470015], [8.6914018, 54.3558063], [8.692683, 54.3667343], [8.6898836, 54.367633], [8.692218, 54.3685027], [8.6903155, 54.3729683], [8.6590015, 54.373697], [8.6444139, 54.3775279], [8.6423967, 54.3729581], [8.6392751, 54.372409], [8.6372108, 54.374203], [8.6416959, 54.3839174], [8.6483433, 54.3829611], [8.6510374, 54.38979], [8.6604321, 54.396164], [8.6726088, 54.4007486], [8.698977, 54.3977409], [8.7085393, 54.3995839], [8.7405324, 54.3991638], [8.8206092, 54.4130003], [8.8550236, 54.405123], [8.8717062, 54.4070162], [8.9064917, 54.4178977], [8.9634053, 54.4582431], [8.9967094, 54.4642244], [9.0071932, 54.4777852], [9.0036317, 54.4789364], [9.0038647, 54.4804723], [9.010023, 54.4811993], [9.0162808, 54.4848565], [9.01582, 54.4888567], [9.0116234, 54.4969179], [9.000117, 54.5049776], [8.9944499, 54.5116375], [8.9908985, 54.5233444], [8.9840909, 54.5247124], [8.9467322, 54.5133164], [8.9498677, 54.5020614], [8.9485592, 54.4996592], [8.9318027, 54.4916507], [8.9249863, 54.477935], [8.9162831, 54.474984], [8.9150909, 54.4701138], [8.8933331, 54.4600735], [8.8420243, 54.4608209], [8.8347035, 54.4632835], [8.8280626, 54.4626707], [8.8071484, 54.4706094], [8.8070814, 54.4737501], [8.8193533, 54.486492], [8.8093417, 54.4903208], [8.8063704, 54.4987565], [8.8082462, 54.498151], [8.8135129, 54.5033549], [8.8280629, 54.5075848], [8.8346777, 54.5071063], [8.8487331, 54.513562], [8.8698422, 54.5266334], [8.8686152, 54.5281445], [8.8716674, 54.5291724], [8.8693417, 54.5295666], [8.8726085, 54.5299129], [8.878181, 54.5430419], [8.8704136, 54.5635431], [8.8938892, 54.597671], [8.8852833, 54.6104701], [8.8654429, 54.6161103], [8.8481781, 54.625189], [8.831705, 54.6485534], [8.8071584, 54.6568615], [8.8025118, 54.6606378], [8.7793806, 54.6665795], [8.753829, 54.6814101], [8.7503345, 54.6909898], [8.752251, 54.6991272], [8.7476551, 54.7032451], [8.7407684, 54.7160608], [8.7199249, 54.7255014], [8.712388, 54.7237077], [8.6929542, 54.7255059], [8.6924524, 54.7297337], [8.702462, 54.7344968], [8.7149708, 54.7373511], [8.708083, 54.7439429], [8.7077549, 54.751023], [8.696952, 54.7607356], [8.6964063, 54.7635269], [8.7011159, 54.7739774], [8.6847992, 54.7924806], [8.6594514, 54.7955727], [8.6459194, 54.8188005], [8.6089788, 54.8409325], [8.6136287, 54.8788121], [8.6055146, 54.885963], [8.5095852, 54.8815181], [8.4844316, 54.8725173], [8.4618427, 54.8601421], [8.438662, 54.8538963], [8.4302775, 54.8534989], [8.4240631, 54.8481607], [8.4175527, 54.8465137], [8.4023619, 54.8480471], [8.3796744, 54.8567355], [8.3739532, 54.8605963], [8.3645207, 54.8746911], [8.3463391, 54.875127], [8.3421977, 54.8788753], [8.3392685, 54.8790206], [8.3348241, 54.8724535], [8.3339403, 54.8634511], [8.3112638, 54.8591781], [8.3034482, 54.8534655], [8.2966428, 54.8392822], [8.2975771, 54.8317051], [8.2947867, 54.8256322], [8.2995468, 54.8190128], [8.3024381, 54.8187727], [8.2986251, 54.8111409], [8.3008851, 54.8033474], [8.2953296, 54.7981364], [8.2924365, 54.7858394], [8.2960912, 54.7789644], [8.2988363, 54.7817233], [8.3035133, 54.7820345], [8.3037232, 54.7799424], [8.3022231, 54.7649266], [8.297262, 54.7605293], [8.2984248, 54.7588956], [8.2949062, 54.7544109], [8.2989131, 54.7409237], [8.2931373, 54.7406371], [8.2787494, 54.7506144], [8.2770727, 54.7541394], [8.2872065, 54.878114], [8.2902052, 54.8935017], [8.2958229, 54.9092692], [8.3279457, 54.9606097], [8.3522095, 54.9920578], [8.38459, 55.0402272], [8.3968658, 55.0537783], [8.4138106, 55.0584146], [8.4210082, 55.058087], [8.4432388, 55.050635], [8.4649989, 55.0462784], [8.4473337, 55.0420756], [8.43401, 55.047179], [8.3968084, 55.0455923], [8.3993534, 55.036371], [8.4013744, 55.0352557], [8.4181351, 55.0353307], [8.4245644, 55.0336619], [8.4277325, 55.0368786], [8.4365617, 55.0393926], [8.4271784, 55.0304147], [8.4398106, 55.0236037], [8.4418585, 55.0166764], [8.4177834, 55.0075322], [8.3985014, 55.0043384], [8.3790398, 54.9958547], [8.3706813, 54.9887344], [8.3643528, 54.9775392], [8.3547147, 54.9676708], [8.3629016, 54.9576026], [8.35977, 54.9516169], [8.3634822, 54.9428387], [8.3607612, 54.9350013], [8.3639087, 54.9243803], [8.367953, 54.9243803], [8.3632183, 54.9195617], [8.3656843, 54.9149694], [8.3647734, 54.9123657], [8.3742137, 54.8980769], [8.3805714, 54.89431], [8.4198585, 54.8805158], [8.4309556, 54.8785296], [8.489021, 54.8782674], [8.5108903, 54.8842691], [8.6018733, 54.8878516], [8.6287043, 54.8927186], [8.6348595, 54.8957907], [8.6367848, 54.8986076], [8.6365346, 54.9115263], [8.6600351, 54.9086758], [8.6685235, 54.9113186], [8.6810471, 54.9104127], [8.7279111, 54.8927495], [8.7382378, 54.8932154], [8.7499061, 54.895581], [8.7504952, 54.8971767], [8.7769914, 54.8926454], [8.7764385, 54.8954871], [8.7988558, 54.9025063], [8.7987608, 54.9046581], [8.8110008, 54.905909], [8.8185316, 54.9039712], [8.8239937, 54.9068169], [8.8366286, 54.9055891], [8.8487889, 54.8973579], [8.8598336, 54.8967604], [8.865601, 54.8998548], [8.8723059, 54.8992529], [8.8772891, 54.9021056], [8.8870365, 54.9025866], [8.8918397, 54.9049474], [8.9105017, 54.9038725], [8.9130593, 54.9020367], [8.9234116, 54.9034716], [8.9478777, 54.9025488], [8.9775512, 54.8957917], [8.9839905, 54.8922035], [9.0145097, 54.886525], [9.0296851, 54.8803843], [9.0291273, 54.8782348], [9.0476789, 54.8720473], [9.0572698, 54.8729555], [9.0635221, 54.8711342], [9.0906024, 54.8701755], [9.11041, 54.8740194], [9.1430294, 54.87301], [9.1858204, 54.8632732], [9.1946175, 54.8592048], [9.205189, 54.8590032], [9.2400995, 54.8500272], [9.244899, 54.8437853], [9.2354047, 54.8353856], [9.2358553, 54.83106], [9.2501078, 54.8096796], [9.2704946, 54.8121447], [9.2842463, 54.8096592], [9.2863848, 54.8042936], [9.2949392, 54.8016748], [9.2955591, 54.8031591], [9.2920661, 54.8061619], [9.2935208, 54.8088975], [9.3294648, 54.805612], [9.343714, 54.8002468], [9.3454301, 54.8021437], [9.3420529, 54.8036262], [9.3432271, 54.8071315], [9.3464293, 54.8067134], [9.3565678, 54.8153479], [9.363439, 54.8153049], [9.3627775, 54.8165541], [9.3657368, 54.8183879], [9.3738654, 54.821126], [9.3727342, 54.8218623], [9.3762185, 54.8291949], [9.3747521, 54.8333208], [9.3788839, 54.8330791], [9.3828349, 54.8391876], [9.3906975, 54.8383585], [9.4026672, 54.8404583], [9.4036494, 54.8388497], [9.407455, 54.8423987], [9.4111899, 54.8421599], [9.4180817, 54.8380435], [9.4166102, 54.8332678], [9.428693, 54.827129], [9.4351372, 54.8270495], [9.4493798, 54.8326867], [9.4601121, 54.8333102], [9.4629539, 54.8316638], [9.4977592, 54.841226], [9.5843424, 54.8860909], [9.5918192, 54.8869937], [9.6280128, 54.879789], [9.6046324, 54.8545174], [9.7399482, 54.8233106], [9.7467121, 54.8241397], [9.792316, 54.7977375], [9.797407, 54.7892], [9.8066243, 54.7799192], [9.8328608, 54.7604875], [9.8413752, 54.757111], [9.8531505, 54.7542369], [9.863566, 54.7548787], [9.8591386, 54.753807], [9.8630664, 54.7526406], [9.8635739, 54.7544708], [9.8643621, 54.7546625], [9.8636094, 54.7535134], [9.8657377, 54.7522744], [9.8746761, 54.7522822], [9.8776904, 54.754244], [9.8821749, 54.7636461], [9.8947302, 54.7710384], [9.8948275, 54.7681149], [9.8931334, 54.7677059], [9.9024019, 54.7668465], [9.9030685, 54.7631167], [9.9055113, 54.7632973], [9.906693, 54.7693441], [9.9036194, 54.7734573], [9.9006212, 54.7731362], [9.9011429, 54.7713964], [9.8997727, 54.7731127], [9.904443, 54.7821802], [9.9017286, 54.7877544], [9.9068999, 54.7992099], [9.9073049, 54.7998376], [9.9090755, 54.8004005], [9.9076214, 54.7985203], [9.9132675, 54.7953598], [9.9571651, 54.7797878], [9.961871, 54.771616], [9.9768662, 54.7572513], [9.980507, 54.73612], [9.9893704, 54.717638], [9.9986621, 54.7103607], [10.033158, 54.691626], [10.0364012, 54.6875393], [10.0340604, 54.6725871], [10.0364818, 54.671405], [10.0337245, 54.6635226], [10.0433968, 54.6595786], [10.0341794, 54.6574747], [10.0317565, 54.6507763], [10.0306928, 54.6390785], [10.0335631, 54.6201053], [10.0287165, 54.6093829], [10.025935, 54.5951465], [10.025875, 54.586926], [10.0288696, 54.5815065], [10.027183, 54.5835598], [10.0227226, 54.5825328], [10.0227047, 54.5814747], [10.0263103, 54.5821849], [10.0279523, 54.5813631], [10.0288929, 54.58049], [10.0254064, 54.5794593], [10.0273061, 54.551315], [10.021119, 54.546623], [10.01513, 54.545009], [10.0059625, 54.5300879], [9.9955128, 54.5194518], [9.9889422, 54.5168819], [9.9842863, 54.5121428], [9.9758445, 54.5107003], [9.9623175, 54.5014169], [9.949528, 54.4987006], [9.9382244, 54.493105], [9.9124504, 54.4875174], [9.8795127, 54.4758579], [9.872223, 54.4749775], [9.8689756, 54.4733463], [9.8702174, 54.4718397], [9.8630235, 54.4699546], [9.8698876, 54.471825], [9.8683647, 54.4735143], [9.8617188, 54.4726985], [9.8611327, 54.4707267], [9.8614595, 54.4727117], [9.8576652, 54.4743478], [9.8567466, 54.4726005], [9.8597033, 54.4712329], [9.859507, 54.4711586], [9.8565407, 54.4725626], [9.8575382, 54.4744397], [9.8547084, 54.4766726], [9.8524414, 54.4766213], [9.854456, 54.4743523], [9.8521078, 54.4764989], [9.8428805, 54.4768325], [9.8356351, 54.4751194], [9.8326592, 54.4733616], [9.8424526, 54.4743967], [9.8410382, 54.4665234], [9.8477249, 54.4563312], [9.859799, 54.4494747], [9.8668421, 54.4475998], [9.9132608, 54.4522263], [9.9185888, 54.4543128], [9.9232977, 54.4597733], [9.922743, 54.4575446], [9.9243959, 54.4572485], [9.9323622, 54.4609625], [9.9228494, 54.4601084], [9.924189, 54.4623751], [9.950911, 54.4641206], [9.9725145, 54.467842], [9.9940237, 54.4681961], [10.0117651, 54.4738347], [10.0682187, 54.4809074], [10.1180428, 54.4854477], [10.1334296, 54.4852586], [10.2047133, 54.4549147], [10.175532, 54.436168], [10.1692507, 54.4345256], [10.1691168, 54.4328256], [10.1736718, 54.430577], [10.174465, 54.4254186], [10.1883319, 54.4124427], [10.1925178, 54.4027068], [10.1890187, 54.3950536], [10.1915332, 54.3900864], [10.1538614, 54.3689844], [10.1518107, 54.3633131], [10.1742321, 54.3457037], [10.1739304, 54.3483538], [10.1780317, 54.3521226], [10.1759296, 54.3539983], [10.1797779, 54.3571317], [10.1782495, 54.3612164], [10.1959827, 54.3660768], [10.196577, 54.369244], [10.1938229, 54.3735032], [10.1957621, 54.3767734], [10.1941519, 54.3795412], [10.2001147, 54.3805103], [10.2074111, 54.3865885], [10.2105575, 54.3935582], [10.209473, 54.3964207], [10.212947, 54.3972694], [10.2106384, 54.4003791], [10.2277862, 54.4117101], [10.2261021, 54.4139181], [10.2309815, 54.4146581], [10.2307675, 54.4158984], [10.2314768, 54.4164577], [10.2333563, 54.4158593], [10.2315359, 54.4151195], [10.2764154, 54.4192201], [10.27595, 54.4214536], [10.3027597, 54.4334164], [10.3312679, 54.4374772], [10.3949669, 54.4265891], [10.4842693, 54.3912161], [10.5401971, 54.3813405], [10.5959722, 54.3668225], [10.6403988, 54.3522207], [10.6537267, 54.3361993], [10.6805732, 54.3236635], [10.6828872, 54.3171591], [10.6872903, 54.3127352], [10.7015055, 54.3072077], [10.7136618, 54.3067458], [10.7139958, 54.3050677], [10.7246408, 54.3084921], [10.7398734, 54.3100081], [10.7536338, 54.3065632], [10.7621057, 54.3068628], [10.7857758, 54.3116556], [10.7989258, 54.3162776], [10.8354444, 54.3343191], [10.8467672, 54.3443994], [10.8735351, 54.3605919], [10.9047754, 54.3689792], [10.9312013, 54.3819405], [10.9494515, 54.3847846], [10.9549974, 54.3827395], [10.9948755, 54.3800502], [11.020106, 54.38081], [11.0227966, 54.3798869], [11.0233832, 54.3767667], [11.0188174, 54.3764191], [11.0221562, 54.3677876], [11.0238269, 54.3676477], [11.0595982, 54.3754177], [11.072247, 54.3760775], [11.0780898, 54.3792914], [11.0902074, 54.3914239], [11.1085751, 54.3968052], [11.1099699, 54.3965366], [11.1091813, 54.3936571], [11.1135797, 54.3910535], [11.1080946, 54.393071], [11.1069767, 54.3907773], [11.1094814, 54.3890905], [11.1162841, 54.3908], [11.1186515, 54.3950573], [11.1302931, 54.3883337], [11.1303717, 54.3841613], [11.1255215, 54.3734916], [11.0900482, 54.3581761], [11.0827831, 54.3533845], [11.077533, 54.3453627], [11.0816427, 54.3530783], [11.070361, 54.3581241], [11.0618741, 54.3577734], [11.0632759, 54.3561668], [11.0611302, 54.3567493], [11.0579988, 54.3526872], [11.0633969, 54.3438671], [11.0759982, 54.346864], [11.0720641, 54.3429578], [11.0737918, 54.3204785], [11.0768084, 54.3018677], [11.0836194, 54.2799269], [11.0822751, 54.2484963], [11.0908297, 54.2186289], [11.0901237, 54.2129192], [11.0929266, 54.1982931], [11.069848, 54.1925666], [11.0448228, 54.1752248], [10.9578588, 54.1421654], [10.9510497, 54.1378939], [10.9508428, 54.1366077], [10.9493097, 54.1347228], [10.9506937, 54.1368614], [10.9489342, 54.1378443], [10.9440127, 54.1338926], [10.9470644, 54.1335766], [10.9482694, 54.1341991], [10.9476994, 54.1344303], [10.9475971, 54.134698], [10.9487404, 54.1354869], [10.94871, 54.1343075], [10.946795, 54.1333886], [10.9425852, 54.1329574], [10.9245621, 54.1172407], [10.9024043, 54.1044261], [10.8907655, 54.0942701], [10.8767383, 54.0877686], [10.8664052, 54.0848374], [10.8533232, 54.0891694], [10.822736, 54.089298], [10.8138326, 54.0937265], [10.8131392, 54.0949635], [10.8134536, 54.0955054], [10.8154299, 54.0947857], [10.81414, 54.0957603], [10.8149318, 54.101784], [10.8101182, 54.1064922], [10.812667, 54.102481], [10.8113606, 54.100394], [10.8124334, 54.0971684], [10.8034071, 54.0965688], [10.7999786, 54.0989586], [10.8013952, 54.0951938], [10.8077937, 54.092897], [10.8023041, 54.0905882], [10.7988783, 54.0830355], [10.7836138, 54.0697505], [10.757167, 54.057447], [10.7504095, 54.0445565], [10.752943, 54.034707], [10.7628158, 54.0205014], [10.7768985, 54.0051407], [10.7903526, 53.9957703], [10.8039445, 53.9919287], [10.8100703, 53.9938941], [10.8108391, 53.9928072], [10.8153454, 53.9926784], [10.8092505, 53.9957199], [10.837526, 53.9915477], [10.8606193, 53.9934445], [10.8694835, 53.9908906], [10.8790963, 53.9851232], [10.8844931, 53.9776969], [10.8824259, 53.9657129], [10.8853657, 53.96250229999999], [10.8892995, 53.9619315], [10.8824961, 53.9601695], [10.8828983, 53.9588319], [10.9036676, 53.9570044], [10.894718, 53.955971], [10.899, 53.953411], [10.899098, 53.949692], [10.88685, 53.94250899999999], [10.88776, 53.92387000000001], [10.895087249112768, 53.92745075283003], [10.8952759, 53.9246608], [10.8983714, 53.922318], [10.9142839, 53.9239659], [10.9251222, 53.9216513], [10.9301255, 53.9181227], [10.938119, 53.919041], [10.93824, 53.915321], [10.944727637410805, 53.91516375495024], [10.9499095, 53.9126784], [10.957280697490432, 53.91422044754563], [10.95738, 53.911152], [10.96371, 53.910999], [10.955167585262322, 53.90882316897121], [10.95104, 53.911301], [10.944699, 53.911449], [10.94482, 53.907742], [10.938609, 53.90416], [10.938479, 53.907871], [10.932269, 53.904312], [10.919679, 53.904602], [10.91358, 53.901009], [10.903959392649698, 53.90121762292062], [10.9017522, 53.9031382], [10.902438, 53.9083376], [10.9114845, 53.914674], [10.904885015101344, 53.91552375715631], [10.906711, 53.916039], [10.900309, 53.919899], [10.890375096882911, 53.92010124136254], [10.8861903, 53.9242217], [10.881599, 53.924], [10.881419, 53.92771900000001], [10.875279, 53.927841], [10.869319, 53.92422899999999], [10.86964, 53.91677899999999], [10.863519, 53.916901], [10.85146, 53.913391], [10.851599, 53.909672], [10.845509, 53.909779], [10.83956, 53.90616200000001], [10.845769, 53.902351], [10.839679, 53.902439], [10.833719, 53.89881900000001], [10.821601, 53.898991], [10.803748, 53.888111], [10.79787, 53.88076], [10.779899, 53.87726199999999], [10.773878, 53.88102000000001], [10.767909, 53.881069], [10.767929, 53.87736899999999], [10.756019, 53.86636], [10.756048, 53.862671], [10.750059, 53.859009], [10.750118934546782, 53.85267563082071], [10.7481143, 53.8516931], [10.749231084392642, 53.849936123395224], [10.744208, 53.840561], [10.749490479080514, 53.837303427799384], [10.7477806, 53.8338481], [10.7497573, 53.8316814], [10.7555584, 53.8302086], [10.7622805, 53.8222205], [10.7640544, 53.8097769], [10.767327, 53.8062563], [10.7656713, 53.8031397], [10.7723513, 53.7976543], [10.7735662, 53.792279], [10.7720475, 53.7892543], [10.7692919, 53.7885633], [10.769294, 53.7837229], [10.7673244, 53.7820021], [10.7707849, 53.7757198], [10.7606246, 53.7671327], [10.7565778, 53.7588936], [10.7583417, 53.7476467], [10.7722316, 53.7494869], [10.8077912, 53.7381933], [10.8100985, 53.7307917], [10.806914, 53.7300881], [10.8064147, 53.7282234], [10.8116844, 53.7196853], [10.8251754, 53.7109724], [10.8318394, 53.7104695], [10.8397146, 53.7070825], [10.8430357, 53.7077949], [10.8465269, 53.7044763], [10.8525062, 53.7057771], [10.8498067, 53.7017636], [10.8507376, 53.7002568], [10.8635715, 53.7039574], [10.873265, 53.7013898], [10.879543, 53.7023137], [10.8846482, 53.7056433], [10.9030613, 53.7035377], [10.9148426, 53.6990483], [10.9225354, 53.6994143], [10.9260809, 53.6920251], [10.9187501, 53.6909762], [10.91948, 53.6888474], [10.9264059, 53.6898274], [10.9288406, 53.6864558], [10.9357465, 53.6875697], [10.9420765, 53.6844681], [10.9442494, 53.6740582], [10.9398741, 53.6731383], [10.9419718, 53.6685489], [10.9388204, 53.6658061], [10.9427138, 53.6636974], [10.9417589, 53.6626825], [10.9451945, 53.6591809], [10.9486999, 53.6614617], [10.9493538, 53.6582721], [10.954731, 53.658688], [10.95489, 53.6568422], [10.9519645, 53.6510359], [10.9523116, 53.6468933], [10.9506818, 53.6453145], [10.9456476, 53.6466753], [10.9477773, 53.6430178], [10.9465366, 53.6415109], [10.9297414, 53.6289332], [10.922552, 53.6023642], [10.9177818, 53.5993355], [10.9190156, 53.5942391], [10.9245109, 53.5880168], [10.9235491, 53.5837483], [10.9105287, 53.5716839], [10.8962368, 53.5728081], [10.8833358, 53.5690609], [10.8719112, 53.5684354], [10.8637624, 53.5645949], [10.8505955, 53.5650759], [10.8457562, 53.568578], [10.8461731, 53.571119], [10.8391337, 53.5757157], [10.8235706, 53.5751268], [10.8224501, 53.5731089], [10.8272194, 53.5669336], [10.8269386, 53.5591815], [10.824794, 53.5558709], [10.8275716, 53.5540891], [10.8322101, 53.5423174], [10.8186393, 53.5335963], [10.8185044, 53.5266271], [10.821556, 53.5236595], [10.8134133, 53.5209587], [10.8244617, 53.5176632], [10.8240187, 53.5138404], [10.8107688, 53.5161822], [10.7863257, 53.5102848], [10.7774504, 53.4950374], [10.7655113, 53.4911968], [10.7558889, 53.4833346], [10.7522835, 53.4842535], [10.7314686, 53.4794313], [10.7270179, 53.4811534], [10.7210415, 53.4759753], [10.7019504, 53.4783179], [10.6930282, 53.4548915], [10.6518107, 53.4613492], [10.6421431, 53.455756], [10.6322142, 53.4549504], [10.6316936, 53.4527619], [10.6334876, 53.452266], [10.6301182, 53.4512633], [10.6298994, 53.4482127], [10.6251601, 53.4434153], [10.6257736, 53.4414558], [10.6294239, 53.4410897], [10.6239974, 53.4387483], [10.6256147, 53.4375851], [10.6234757, 53.4346158], [10.6254078, 53.4336635], [10.6229293, 53.4329904], [10.6205476, 53.4279261], [10.6224824, 53.4256144], [10.6179561, 53.4251034], [10.6200008, 53.4206439], [10.617281, 53.4162131], [10.6194783, 53.4137], [10.6173872, 53.4122725], [10.6183517, 53.405494], [10.6164578, 53.4052315], [10.6211928, 53.4042957], [10.618978, 53.4000536], [10.6206936, 53.3997717], [10.6183735, 53.3993851], [10.621176, 53.3984558], [10.6185284, 53.3974925], [10.6199711, 53.3953403], [10.6177638, 53.3939951], [10.6190093, 53.3926467], [10.617137, 53.3926016], [10.6191075, 53.3922574], [10.6150465, 53.385392], [10.6168026, 53.3843925], [10.6065658, 53.3791752], [10.5991362, 53.377682], [10.5970357, 53.370327], [10.5938589, 53.3678666], [10.5951256, 53.3638918], [10.589188509808604, 53.36161524962468], [10.58546523889391, 53.36779217115835], [10.59113918539537, 53.37397213460848], [10.58675812482171, 53.375693129492], [10.59044543139456, 53.38262460653095], [10.57245445762539, 53.37615813575574], [10.55790802085664, 53.38252191402777], [10.55345153741871, 53.3893124082105], [10.52025691887813, 53.39265556821436], [10.5227919179287, 53.38823887121207], [10.48614406128271, 53.3987134553159], [10.48866626916388, 53.4008954765456], [10.4993753484784, 53.40249771782689], [10.49761981698748, 53.41038207213236], [10.49368553639043, 53.41284968940798], [10.49871036575595, 53.43249904380848], [10.50846717491329, 53.43601551170579], [10.52860574864865, 53.43316910421691], [10.51887596054706, 53.43842834138597], [10.51712282195456, 53.44160686386021], [10.50832702032076, 53.44376944320619], [10.50970260868963, 53.44909235980343], [10.51566545559719, 53.45290869662434], [10.51990029656375, 53.46005048442423], [10.51513361901461, 53.47215303243159], [10.5083391153419, 53.4779033972533], [10.5085903285927, 53.48004314404869], [10.51507269976579, 53.48072084000166], [10.51430736422479, 53.48678614155188], [10.51226628242153, 53.48974727819341], [10.50641150348911, 53.49128546092243], [10.5140413945328, 53.50109317811042], [10.50273117806249, 53.51628733351211], [10.48272459589391, 53.51714959569441], [10.48028738788586, 53.51920454317885], [10.47164121480892, 53.51766843331733], [10.46385116636883, 53.51202822262609], [10.44012863203803, 53.50930923105663], [10.41149706821125, 53.52457328748493], [10.41007147482011, 53.51011763177285], [10.41490146066088, 53.50573682568115], [10.38589471982833, 53.5004972702749], [10.37058516964265, 53.50575386905816], [10.36235625771555, 53.50609925440773], [10.35393218624901, 53.50368211096248], [10.34583122013725, 53.49797888379145], [10.34377738061851, 53.49053400358336], [10.3343343365815, 53.49092887814476], [10.32331300199638, 53.49601329637928], [10.31573004475792, 53.49632939407952], [10.31171859803438, 53.49273660813843], [10.30557486755412, 53.4929921897164], [10.29872118824362, 53.48839229956885], [10.28310557564499, 53.50000932679175], [10.29749063936077, 53.50232973889901], [10.3353681781644, 53.52472409688255], [10.35076915408292, 53.52555068413675], [10.33109605420301, 53.53199381123804], [10.32579631334792, 53.53191814502252], [10.31983474852064, 53.52890872205027], [10.30909442853818, 53.53439832752618], [10.30225002232799, 53.53230554997437]], [[10.6397226, 53.7897325], [10.6454672, 53.7906941], [10.6458406, 53.7880716], [10.6404696, 53.7875715], [10.6407272, 53.7861589], [10.6490961, 53.7869985], [10.6523326, 53.7923062], [10.6391931, 53.7911571], [10.6397226, 53.7897325]], [[10.31510630656744, 53.6911753388471], [10.31580084608931, 53.6972594573936], [10.315504742787727, 53.69737324555385], [10.312592891282039, 53.69015963491669], [10.31510630656744, 53.6911753388471]], [[10.311282111162337, 53.69918583989406], [10.30669823927195, 53.69955863163595], [10.30560913182878, 53.69960366656655], [10.311282111162337, 53.69918583989406]], [[10.3042116113844, 53.69971495314593], [10.29666417887259, 53.70461148734179], [10.29319212104794, 53.70514293899355], [10.28149189982502, 53.70562575045838], [10.279292383753148, 53.703518478440195], [10.2955931, 53.7044393], [10.2982939, 53.7002167], [10.3042116113844, 53.69971495314593]], [[10.28565524117047, 53.67403448594094], [10.281148904724395, 53.677762729311], [10.283374603698947, 53.6739451014447], [10.28565524117047, 53.67403448594094]], [[10.2786474713488, 53.63986736932044], [10.28271568629798, 53.64179724739542], [10.28336659839538, 53.64282184664857], [10.278766441746162, 53.64301123026626], [10.2782205, 53.6405016], [10.275777159353103, 53.64016708871208], [10.2786474713488, 53.63986736932044]], [[10.283130233494454, 53.693011236568026], [10.27925235678136, 53.69303652840207], [10.274433845467, 53.693235040779335], [10.283130233494454, 53.693011236568026]], [[10.280572685560559, 53.697771172884536], [10.2816998567212, 53.69445926440854], [10.282823308509673, 53.693629476093065], [10.280572685560559, 53.697771172884536]], [[10.278629398884743, 53.679847201044275], [10.2785324, 53.6793687], [10.281042341677157, 53.677850892496124], [10.278629398884743, 53.679847201044275]], [[10.277316477798118, 53.64307091057358], [10.2777664, 53.6428954], [10.278147890518444, 53.64303668974573], [10.277316477798118, 53.64307091057358]], [[10.277219314561703, 53.64310881307157], [10.27145982373687, 53.6471826829578], [10.2616095, 53.6482984], [10.2683527, 53.6473267], [10.277219314561703, 53.64310881307157]], [[10.274410428846842, 53.673593770615746], [10.2720511, 53.6737474], [10.270231274632998, 53.6734299779925], [10.274410428846842, 53.673593770615746]], [[10.266303535788648, 53.6732760390336], [10.2615977, 53.6736064], [10.25842553150061, 53.672967278236015], [10.266303535788648, 53.6732760390336]], [[10.25658303292708, 53.64217134884272], [10.26599994570291, 53.64118803017474], [10.2626937, 53.6431987], [10.25658303292708, 53.64217134884272]], [[10.262239740715968, 53.694303859300874], [10.2584568064819, 53.6946537942348], [10.25556814165459, 53.69321996736771], [10.262239740715968, 53.694303859300874]], [[10.257949860066665, 53.670268191707606], [10.25813141071474, 53.67292061672372], [10.2560966, 53.672747], [10.257949860066665, 53.670268191707606]], [[10.257772188301452, 53.65129183451653], [10.256225684135977, 53.65525030994344], [10.2548192, 53.6559491], [10.2544544, 53.6509087], [10.257772188301452, 53.65129183451653]], [[10.25587168086842, 53.65635514661212], [10.25432936774137, 53.65857027237056], [10.25294924904887, 53.662449406279336], [10.2520067, 53.6614089], [10.25587168086842, 53.65635514661212]], [[10.25299125572454, 53.66403812074677], [10.2523121, 53.6641855], [10.252942512230062, 53.66328425226202], [10.25299125572454, 53.66403812074677]], [[10.2461483657271, 53.6367736300925], [10.250123153763822, 53.63802411456622], [10.2465782, 53.6391266], [10.2459407, 53.6368461], [10.2424679, 53.6370415], [10.2461483657271, 53.6367736300925]], [[10.24596077091999, 53.68947910098574], [10.243120591167024, 53.68959561255169], [10.2432377, 53.6888327], [10.24596077091999, 53.68947910098574]]], [[[10.961911333680652, 53.909966646501594], [10.960336070051317, 53.90906251609054], [10.959452, 53.9095168], [10.9600029, 53.9099778], [10.961911333680652, 53.909966646501594]]], [[[10.5829938, 53.3601242], [10.577351400497442, 53.35982490186018], [10.58694107560796, 53.36099429725489], [10.5829938, 53.3601242]]], [[[10.570844267542192, 53.36071718984211], [10.5597352, 53.3673216], [10.557609667104222, 53.36833835705486], [10.55948124256083, 53.36827267871599], [10.570844267542192, 53.36071718984211]]], [[[10.4999994, 53.3740585], [10.430496309616071, 53.397871918051045], [10.43248719390298, 53.40107602745091], [10.43080006196684, 53.40261968889701], [10.45564830225161, 53.40317211688706], [10.46310056737087, 53.40542392099664], [10.46196644112258, 53.40888687051356], [10.46878395861642, 53.40941933610722], [10.46934534826213, 53.41160504448407], [10.47574937910113, 53.4086230930594], [10.47557918192686, 53.39918883697142], [10.52755121139621, 53.38657155123488], [10.52794146231784, 53.38344081108907], [10.51510442368026, 53.37730782437694], [10.520251584379034, 53.370724130242586], [10.4999994, 53.3740585]]], [[[10.428780352795092, 53.39850261482121], [10.414998754644085, 53.40416349482619], [10.42809526968505, 53.39919100976115], [10.428780352795092, 53.39850261482121]]], [[[10.398615455289937, 53.41140573313736], [10.379445, 53.4231776], [10.369577087611047, 53.4260688813427], [10.37837809524761, 53.42569813131809], [10.398615455289937, 53.41140573313736]]], [[[10.358206898451137, 53.42622076335382], [10.36124745742814, 53.42641977418621], [10.364317513500373, 53.42629044543076], [10.3609416, 53.4262557], [10.358206898451137, 53.42622076335382]]], [[[10.3364352, 53.424668], [10.334434978811927, 53.42466484236999], [10.342717173239269, 53.42520692901243], [10.3364352, 53.424668]]], [[[10.325663302863951, 53.42659037306718], [10.3213575, 53.4287425], [10.315742749620208, 53.431720122816465], [10.31983947298694, 53.43101931197847], [10.325663302863951, 53.42659037306718]]], [[[9.910062665066471, 53.74861424237649], [9.9100655, 53.7486125], [9.91006266506648, 53.74861424237648], [9.910062665066471, 53.74861424237649]]], [[[9.9082598, 53.7497223], [9.908458599735573, 53.749600115835115], [9.908458599735566, 53.749600115835115], [9.9082598, 53.7497223]]], [[[9.8971105, 53.7508672], [9.897775114969694, 53.75078347830259], [9.897775114969665, 53.75078347830259], [9.8971105, 53.7508672]]], [[[9.893561844427262, 53.75193853907279], [9.893614, 53.751947], [9.893561844427264, 53.75193853907279], [9.893561844427262, 53.75193853907279]]], [[[9.8930921, 53.752156], [9.893145341358274, 53.752063382220506], [9.893145341358272, 53.752063382220506], [9.8930921, 53.752156]]], [[[8.5906423, 54.5314899], [8.5981172, 54.5342651], [8.6264052, 54.5356141], [8.6350143, 54.5386534], [8.641083, 54.5453542], [8.6639424, 54.5475387], [8.6634733, 54.5492718], [8.6863504, 54.5573961], [8.7068242, 54.5554313], [8.7087629, 54.5516215], [8.703374, 54.541097], [8.7030044, 54.538626], [8.7058336, 54.5376871], [8.6962742, 54.523896], [8.6850301, 54.5210658], [8.694034, 54.5190847], [8.6878145, 54.5100472], [8.7007896, 54.5017005], [8.6875111, 54.5094922], [8.675746, 54.497351], [8.6649547, 54.4936795], [8.629397, 54.4891225], [8.6190579, 54.4908672], [8.610894, 54.4952002], [8.6071071, 54.5005467], [8.5969331, 54.5053491], [8.5906732, 54.5114204], [8.5875526, 54.5265471], [8.5906423, 54.5314899]]], [[[8.5288415, 54.6274211], [8.5311974, 54.631168], [8.5334055, 54.6322351], [8.5351745, 54.6338074], [8.5374605, 54.6349886], [8.5352514, 54.6337579], [8.5383584, 54.6328145], [8.5395788, 54.6348538], [8.5383453, 54.6354484], [8.5404299, 54.6363351], [8.5652184, 54.6368679], [8.5723205, 54.6391081], [8.6027264, 54.6418707], [8.6369288, 54.6491572], [8.6494264, 54.6556189], [8.657693, 54.6560189], [8.662593, 54.6619628], [8.6650676, 54.6612594], [8.6605113, 54.6465809], [8.6548705, 54.6421721], [8.6470179, 54.6392998], [8.6316323, 54.6383815], [8.6329794, 54.6373355], [8.6052575, 54.6328687], [8.596628, 54.6358823], [8.5847785, 54.6340531], [8.5691039, 54.6267399], [8.561662, 54.6269495], [8.5591494, 54.6237703], [8.5485079, 54.6202838], [8.5477478, 54.6176756], [8.5401544, 54.6227058], [8.5296693, 54.6256282], [8.5288415, 54.6274211]]], [[[8.4273473, 54.7467253], [8.4589456, 54.7497082], [8.5040981, 54.7462645], [8.5350578, 54.7542217], [8.5513423, 54.7540116], [8.56776, 54.7508818], [8.5837834, 54.7448775], [8.5874811, 54.7385024], [8.5821901, 54.7287274], [8.5976374, 54.7188298], [8.5830438, 54.7111688], [8.57574, 54.7014461], [8.5762731, 54.6966849], [8.5792296, 54.6944347], [8.578624, 54.6921494], [8.5735285, 54.6905286], [8.5678436, 54.6803187], [8.5581851, 54.6783715], [8.5279118, 54.6810414], [8.5228359, 54.6793798], [8.5131447, 54.6806584], [8.4845255, 54.6796368], [8.4616668, 54.6850945], [8.4506508, 54.69213], [8.425075, 54.6942225], [8.396649, 54.7027698], [8.3944131, 54.7067291], [8.3944526, 54.7140662], [8.4000533, 54.7246594], [8.4098744, 54.7369805], [8.4273473, 54.7467253]]], [[[8.3628457, 54.7120078], [8.3437896, 54.6993323], [8.3379447, 54.689661], [8.3385852, 54.6854956], [8.3414677, 54.6817927], [8.3516524, 54.6760526], [8.3631577, 54.6491579], [8.3726705, 54.6465613], [8.3837166, 54.6391294], [8.3794852, 54.6364959], [8.3796363, 54.6331721], [8.3844005, 54.6320519], [8.385062, 54.6285794], [8.3938222, 54.6276148], [8.3987504, 54.6292985], [8.401668, 54.6260683], [8.3634374, 54.6217741], [8.3544776, 54.6239737], [8.3437244, 54.6310417], [8.3373181, 54.6268031], [8.3012944, 54.6547127], [8.2923489, 54.6654455], [8.2918365, 54.672778], [8.3020211, 54.6772595], [8.306697, 54.6820367], [8.3213654, 54.6902196], [8.3428876, 54.7060624], [8.3574812, 54.7124704], [8.3628457, 54.7120078]]]]}}, {"type": "Feature", "properties": {"name": "Mecklenburg-Vorpommern", "verband": "Mecklenburg-Vorpommern"}, "geometry": {"type": "MultiPolygon", "coordinates": [[[[10.5938589, 53.3678666], [10.6004955, 53.378581], [10.6065658, 53.3791752], [10.6168026, 53.3843925], [10.6150465, 53.385392], [10.6191075, 53.3922574], [10.617137, 53.3926016], [10.6190093, 53.3926467], [10.6177638, 53.3939951], [10.6199711, 53.3953403], [10.6185284, 53.3974925], [10.621176, 53.3984558], [10.6183735, 53.3993851], [10.6206936, 53.3997717], [10.618978, 53.4000536], [10.6211928, 53.4042957], [10.6164578, 53.4052315], [10.6183517, 53.405494], [10.6173872, 53.4122725], [10.6194783, 53.4137], [10.617281, 53.4162131], [10.6200008, 53.4206439], [10.6179561, 53.4251034], [10.6224824, 53.4256144], [10.6205476, 53.4279261], [10.6229293, 53.4329904], [10.6254078, 53.4336635], [10.6234757, 53.4346158], [10.6256147, 53.4375851], [10.6239974, 53.4387483], [10.6294239, 53.4410897], [10.6257736, 53.4414558], [10.6251601, 53.4434153], [10.6298994, 53.4482127], [10.6301182, 53.4512633], [10.6334876, 53.452266], [10.6316936, 53.4527619], [10.6322142, 53.4549504], [10.6421431, 53.455756], [10.6518107, 53.4613492], [10.6930282, 53.4548915], [10.7019504, 53.4783179], [10.7210415, 53.4759753], [10.7270179, 53.4811534], [10.7314686, 53.4794313], [10.7522835, 53.4842535], [10.7558889, 53.4833346], [10.7655113, 53.4911968], [10.7774504, 53.4950374], [10.7863257, 53.5102848], [10.8107688, 53.5161822], [10.8240187, 53.5138404], [10.8244617, 53.5176632], [10.8134133, 53.5209587], [10.821556, 53.5236595], [10.8185044, 53.5266271], [10.8186393, 53.5335963], [10.8322101, 53.5423174], [10.8275716, 53.5540891], [10.824794, 53.5558709], [10.8269386, 53.5591815], [10.8272194, 53.5669336], [10.8224501, 53.5731089], [10.8235706, 53.5751268], [10.8391337, 53.5757157], [10.8461731, 53.571119], [10.8457562, 53.568578], [10.8505955, 53.5650759], [10.8637624, 53.5645949], [10.8719112, 53.5684354], [10.8833358, 53.5690609], [10.8962368, 53.5728081], [10.9105287, 53.5716839], [10.9238441, 53.5842292], [10.9245109, 53.5880168], [10.9190156, 53.5942391], [10.9177818, 53.5993355], [10.922552, 53.6023642], [10.9297414, 53.6289332], [10.9465366, 53.6415109], [10.9477773, 53.6430178], [10.9456476, 53.6466753], [10.9506818, 53.6453145], [10.9523116, 53.6468933], [10.9519645, 53.6510359], [10.95489, 53.6568422], [10.954731, 53.658688], [10.9493538, 53.6582721], [10.9486999, 53.6614617], [10.9451945, 53.6591809], [10.9417589, 53.6626825], [10.9427138, 53.6636974], [10.9388204, 53.6658061], [10.9419718, 53.6685489], [10.9398741, 53.6731383], [10.9442494, 53.6740582], [10.9420765, 53.6844681], [10.9357465, 53.6875697], [10.9288406, 53.6864558], [10.9264059, 53.6898274], [10.91948, 53.6888474], [10.9187501, 53.6909762], [10.9260809, 53.6920251], [10.9225354, 53.6994143], [10.9148426, 53.6990483], [10.9030613, 53.7035377], [10.8846482, 53.7056433], [10.879543, 53.7023137], [10.873265, 53.7013898], [10.8635715, 53.7039574], [10.8507376, 53.7002568], [10.8498067, 53.7017636], [10.8525062, 53.7057771], [10.8465269, 53.7044763], [10.8430357, 53.7077949], [10.8397146, 53.7070825], [10.8318394, 53.7104695], [10.8251754, 53.7109724], [10.8116844, 53.7196853], [10.8064147, 53.7282234], [10.806914, 53.7300881], [10.8100985, 53.7307917], [10.8077912, 53.7381933], [10.7722316, 53.7494869], [10.7583417, 53.7476467], [10.7565778, 53.7588936], [10.7606246, 53.7671327], [10.7707849, 53.7757198], [10.7673244, 53.7820021], [10.769294, 53.7837229], [10.7692919, 53.7885633], [10.7720475, 53.7892543], [10.7735662, 53.792279], [10.7723513, 53.7976543], [10.7656713, 53.8031397], [10.767327, 53.8062563], [10.7640544, 53.8097769], [10.7622805, 53.8222205], [10.7555584, 53.8302086], [10.7497573, 53.8316814], [10.7477806, 53.8338481], [10.749490479080514, 53.837303427799384], [10.744208, 53.840561], [10.74923108439264, 53.849936123395224], [10.7481143, 53.8516931], [10.750118934546782, 53.85267563082071], [10.750059, 53.859009], [10.756048, 53.862671], [10.756019, 53.86636], [10.767929, 53.87736899999999], [10.767909, 53.881069], [10.773878, 53.88102000000001], [10.779899, 53.87726199999999], [10.79787, 53.88076], [10.803748, 53.888111], [10.821601, 53.898991], [10.833719, 53.89881900000001], [10.839679, 53.902439], [10.845769, 53.902351], [10.83956, 53.90616200000001], [10.845509, 53.909779], [10.851599, 53.909672], [10.85146, 53.913391], [10.863519, 53.916901], [10.86964, 53.91677899999999], [10.869319, 53.92422899999999], [10.875279, 53.927841], [10.881419, 53.92771900000001], [10.881599, 53.924], [10.8861903, 53.9242217], [10.888528, 53.9212011], [10.8895309, 53.9204802], [10.8918185, 53.9194533], [10.890375096882911, 53.92010124136254], [10.900309, 53.919899], [10.906711, 53.916039], [10.9038677, 53.9156238], [10.9114845, 53.914674], [10.902438, 53.9083376], [10.9017522, 53.9031382], [10.9041349, 53.9009945], [10.91358, 53.901009], [10.919679, 53.904602], [10.932269, 53.904312], [10.938479, 53.907871], [10.938609, 53.90416], [10.94482, 53.907742], [10.944699, 53.911449], [10.95104, 53.911301], [10.9550787, 53.9087729], [10.96371, 53.910999], [10.95738, 53.911152], [10.957280697490432, 53.91422044754563], [10.9499095, 53.9126784], [10.944727637410804, 53.91516375495024], [10.93824, 53.915321], [10.938119, 53.919041], [10.9301255, 53.9181227], [10.9251222, 53.9216513], [10.9142839, 53.9239659], [10.8983714, 53.922318], [10.8952759, 53.9246608], [10.895087249112766, 53.92745075283003], [10.88776, 53.92387000000001], [10.88685, 53.94250899999999], [10.899098, 53.949692], [10.899, 53.953411], [10.894718, 53.955971], [10.903706, 53.9561743], [10.9341212, 53.9654406], [10.975413, 53.9854083], [11.0402086, 54.00679], [11.0704733, 54.0096996], [11.0888788, 54.0141343], [11.1435269, 54.00941], [11.1795318, 54.0149029], [11.1915004, 54.0085478], [11.1927974, 54.0002662], [11.1988223, 53.9932035], [11.213151, 53.9860769], [11.2270297, 53.9826492], [11.2377538, 53.9821695], [11.252903, 53.9876284], [11.2601174, 53.9834138], [11.254771, 53.9725266], [11.2508263, 53.9714155], [11.2462822, 53.9727392], [11.2414143, 53.9541649], [11.243771, 53.9466528], [11.2672616, 53.9321503], [11.2806294, 53.9304495], [11.2885378, 53.9317081], [11.3148483, 53.9426949], [11.3266514, 53.9580355], [11.3356143, 53.959175], [11.3443561, 53.949872], [11.3481828, 53.9487665], [11.3479277, 53.9459943], [11.3518248, 53.9417362], [11.3649073, 53.9350994], [11.3732992, 53.9352377], [11.3890889, 53.9390423], [11.4067187, 53.935135], [11.4008159, 53.9267794], [11.4041382, 53.9210938], [11.4141899, 53.9161685], [11.4347819, 53.9102583], [11.4371946, 53.904503], [11.4344579, 53.9023951], [11.4357672, 53.9003507], [11.4432324, 53.8989685], [11.450672, 53.9000596], [11.4532563, 53.8948747], [11.4548299, 53.8951406], [11.4532057, 53.8997497], [11.4586631, 53.8979451], [11.4601322, 53.8953455], [11.4605072, 53.8968724], [11.4568953, 53.8993884], [11.4637694, 53.899181], [11.4556086, 53.9020246], [11.4633997, 53.9023125], [11.4489298, 53.904117], [11.4454911, 53.9068799], [11.4470457, 53.9107585], [11.4444152, 53.910683], [11.4477958, 53.9137], [11.459471, 53.9174355], [11.4732054, 53.9285161], [11.4763867, 53.9287689], [11.47806, 53.9257084], [11.4819775, 53.9282602], [11.4826172, 53.9301088], [11.4772736, 53.9339907], [11.4796806, 53.9379532], [11.4813448, 53.9495268], [11.4792723, 53.9619264], [11.4810651, 53.966084], [11.4776764, 53.9694476], [11.4832248, 53.9720783], [11.4841678, 53.9749443], [11.490336, 53.9759639], [11.4915051, 53.9789749], [11.4983234, 53.9821487], [11.4992052, 53.9860868], [11.4910966, 53.9904869], [11.489711, 53.9940024], [11.4958486, 53.9957218], [11.5104084, 54.0120613], [11.5344385, 54.0205814], [11.5342325, 54.0247107], [11.5301151, 54.0271591], [11.5273458, 54.025825], [11.5324753, 54.0252525], [11.5174233, 54.0258942], [11.5180439, 54.0299829], [11.5237109, 54.0337073], [11.5296846, 54.0339944], [11.5321754, 54.0282768], [11.5431054, 54.0248227], [11.5649945, 54.0291973], [11.577582, 54.0363175], [11.587611, 54.0468435], [11.582169, 54.0635955], [11.595115, 54.0673885], [11.613897, 54.0698105], [11.610189, 54.070923], [11.625476, 54.077105], [11.623635, 54.08018], [11.62632, 54.090091], [11.6131111, 54.1031407], [11.606278, 54.103813], [11.6001092, 54.1000463], [11.6011823, 54.0947232], [11.59076, 54.094076], [11.5824383, 54.0902084], [11.5813197, 54.0878352], [11.5803187, 54.0874992], [11.5810687, 54.0896133], [11.5767337, 54.0804152], [11.5693624, 54.0789073], [11.5557607, 54.0680429], [11.5509897, 54.0660329], [11.5484337, 54.0668859], [11.5484918, 54.0638191], [11.5419242, 54.0578829], [11.5426738, 54.0554431], [11.5321712, 54.0490914], [11.5307302, 54.0507593], [11.5323534, 54.0541716], [11.5372013, 54.0562302], [11.5343177, 54.0669006], [11.534694, 54.0739895], [11.5324198, 54.0754161], [11.5301314, 54.0738735], [11.5175457, 54.0613038], [11.5151347, 54.0543918], [11.517154, 54.0486546], [11.5144774, 54.0407051], [11.5153376, 54.0377528], [11.5128272, 54.0386428], [11.511507, 54.0499219], [11.5140579, 54.0585235], [11.5257539, 54.0717146], [11.5573367, 54.0954314], [11.5648047, 54.0979824], [11.590796, 54.099693], [11.606351, 54.105033], [11.6694222, 54.1464391], [11.6835617, 54.153247], [11.761404, 54.154467], [11.763305, 54.156986], [11.76203, 54.154346], [11.76404, 54.153646], [11.766094, 54.153043], [11.768422, 54.155889], [11.775323, 54.153943], [11.773885, 54.150794], [11.7951713, 54.1471774], [11.8154833, 54.1452162], [11.8525076, 54.1452032], [11.8898546, 54.1515526], [11.9438239, 54.164443], [11.9642955, 54.1664797], [12.0114613, 54.1781913], [12.033176, 54.1761479], [12.0628973, 54.1781639], [12.073288, 54.17982], [12.0864006, 54.1845816], [12.0863443, 54.1868352], [12.0911572, 54.1872058], [12.0943564, 54.1847926], [12.100306, 54.184273], [12.104448, 54.178476], [12.119946, 54.181922], [12.133828, 54.189617], [12.1511004, 54.2035283], [12.175326, 54.228987], [12.189925, 54.239234], [12.2010467, 54.2445018], [12.19972, 54.244617], [12.2414259, 54.259646], [12.2393833, 54.261939], [12.2414729, 54.2596622], [12.2433364, 54.2601463], [12.3051938, 54.2814084], [12.336003, 54.297114], [12.3639763, 54.3236308], [12.405078, 54.375223], [12.434, 54.390497], [12.4589694, 54.4119498], [12.480194, 54.448111], [12.495753, 54.470447], [12.51224, 54.480917], [12.522495, 54.4792], [12.521329, 54.480953], [12.524888, 54.478902], [12.525803, 54.483654], [12.530394, 54.484453], [12.531605, 54.484018], [12.527798, 54.482102], [12.526059, 54.478057], [12.525745, 54.46638], [12.541431, 54.457648], [12.555602, 54.455159], [12.555248, 54.454001], [12.596219, 54.45131], [12.599654, 54.452738], [12.656467, 54.443963], [12.681282, 54.442091], [12.682476, 54.443876], [12.6824957, 54.4422522], [12.715905, 54.443179], [12.846744, 54.440902], [12.9183922, 54.4453264], [12.9217075, 54.4436482], [12.9159369, 54.4388214], [12.9170208, 54.4357033], [12.926652, 54.428445], [12.922306, 54.424063], [12.912685, 54.420581], [12.900619, 54.420671], [12.880578, 54.416283], [12.875281, 54.413314], [12.857414, 54.42063], [12.832276, 54.423029], [12.812748, 54.417534], [12.803059, 54.408847], [12.800449, 54.408561], [12.79306, 54.415158], [12.787212, 54.41722], [12.779287, 54.415719], [12.778432, 54.417701], [12.771244, 54.417367], [12.764669, 54.415226], [12.764635, 54.412606], [12.762678, 54.41225], [12.757154, 54.4143], [12.739369, 54.415358], [12.728262, 54.424939], [12.725149, 54.431323], [12.722861, 54.430933], [12.721169, 54.433044], [12.711255, 54.428222], [12.697248, 54.432321], [12.6870414, 54.4302263], [12.670474, 54.422538], [12.66723, 54.418169], [12.667308, 54.410325], [12.664471, 54.40856], [12.652275, 54.411359], [12.648288, 54.415765], [12.646487, 54.42491], [12.644908, 54.419675], [12.643762, 54.421124], [12.639356, 54.423021], [12.645689, 54.424347], [12.645558, 54.426835], [12.614305, 54.436122], [12.644619, 54.425686], [12.63778, 54.426486], [12.637683, 54.424335], [12.635508, 54.425887], [12.636081, 54.424202], [12.630438, 54.42049], [12.631245, 54.421437], [12.626125, 54.421281], [12.622692, 54.424783], [12.617708, 54.425244], [12.615578, 54.424541], [12.616434, 54.423188], [12.624186, 54.420573], [12.616489, 54.417379], [12.61773, 54.415225], [12.610429, 54.412033], [12.610311, 54.409813], [12.586187, 54.408135], [12.576287, 54.403265], [12.57545, 54.399482], [12.577426, 54.396066], [12.587942, 54.392495], [12.597637, 54.391875], [12.591117, 54.381801], [12.592245, 54.385851], [12.590466, 54.388645], [12.559335, 54.388653], [12.552883, 54.390125], [12.548298, 54.389081], [12.546065, 54.386483], [12.537782, 54.384877], [12.53487, 54.382013], [12.526158, 54.380857], [12.520944, 54.377246], [12.520871, 54.373538], [12.5184, 54.372959], [12.503851, 54.381348], [12.495012, 54.38292], [12.4364584, 54.3791949], [12.4332596, 54.3756901], [12.4191622, 54.3718366], [12.413398, 54.365204], [12.415701, 54.356997], [12.4201, 54.351484], [12.420725, 54.343776], [12.418667, 54.33886], [12.41424, 54.335229], [12.405931, 54.337444], [12.400066, 54.343541], [12.389999, 54.344008], [12.38686, 54.342322], [12.388722, 54.3408461], [12.384031, 54.340794], [12.38908, 54.335142], [12.397168, 54.332251], [12.393719, 54.326653], [12.396049, 54.323544], [12.390755, 54.321356], [12.391055, 54.31837], [12.386524, 54.315783], [12.387638, 54.315184], [12.383148, 54.314206], [12.385258, 54.312655], [12.382522, 54.310182], [12.375845, 54.308918], [12.366226, 54.311414], [12.359553, 54.306343], [12.361455, 54.304004], [12.357872, 54.302995], [12.359118, 54.30122], [12.357152, 54.299723], [12.362108, 54.296037], [12.3626217, 54.2916922], [12.37598, 54.281547], [12.382101, 54.279061], [12.3776252, 54.272086], [12.363968, 54.268356], [12.362498, 54.267168], [12.3636194, 54.2656722], [12.367595, 54.265632], [12.369452, 54.263219], [12.377225, 54.260885], [12.4170138, 54.2895398], [12.4334139, 54.2964577], [12.478875, 54.304137], [12.476388, 54.307736], [12.479402, 54.307794], [12.479457, 54.312453], [12.471553, 54.322441], [12.472649, 54.329543], [12.495813, 54.330334], [12.499783, 54.33118], [12.499584, 54.333487], [12.515514, 54.335565], [12.521889, 54.333255], [12.535587, 54.338501], [12.53858, 54.343327], [12.540869, 54.3435958], [12.535489, 54.344948], [12.539863, 54.350381], [12.538859, 54.352313], [12.553227, 54.356597], [12.551691, 54.357426], [12.552133, 54.360019], [12.536335, 54.362444], [12.534276, 54.364834], [12.555018, 54.372591], [12.553238, 54.374843], [12.553976, 54.379619], [12.5560083, 54.3754841], [12.567062, 54.371342], [12.574066, 54.371025], [12.582107, 54.373592], [12.575397, 54.366693], [12.574158, 54.358474], [12.585613, 54.355896], [12.595395, 54.358074], [12.600822, 54.363365], [12.600965, 54.368839], [12.597881, 54.370937], [12.620362, 54.371653], [12.641101, 54.380146], [12.653533, 54.382296], [12.663466, 54.388842], [12.6733068, 54.3906437], [12.6731965, 54.392358], [12.6712534, 54.3924249], [12.671733, 54.394468], [12.6670216, 54.3980578], [12.6600451, 54.3983765], [12.663017, 54.403133], [12.67433, 54.405915], [12.684856, 54.406089], [12.694527, 54.409771], [12.705534, 54.41129], [12.710619, 54.409958], [12.714023, 54.405272], [12.712725, 54.402063], [12.706461, 54.402953], [12.688199, 54.400076], [12.684637, 54.39653], [12.684816, 54.393957], [12.692881, 54.386066], [12.689632, 54.385246], [12.687604, 54.381801], [12.681411, 54.38069], [12.67592, 54.37049], [12.681174, 54.371202], [12.688039, 54.369115], [12.686134, 54.37323], [12.682596, 54.374924], [12.696781, 54.384929], [12.696835, 54.392698], [12.700272, 54.398419], [12.714649, 54.398602], [12.713416, 54.386484], [12.719026, 54.377464], [12.718635, 54.373567], [12.720364, 54.371513], [12.73964, 54.372778], [12.742953, 54.376388], [12.742781, 54.383032], [12.744198, 54.384197], [12.755787, 54.370153], [12.769058, 54.37184], [12.772873, 54.378838], [12.771599, 54.38179], [12.774645, 54.3888], [12.7771, 54.391396], [12.783324, 54.391743], [12.784707, 54.393625], [12.783449, 54.395147], [12.786136, 54.396485], [12.787745, 54.394086], [12.784035, 54.385546], [12.785093, 54.379558], [12.794202, 54.378246], [12.802094, 54.37334], [12.804451, 54.370417], [12.805001, 54.363244], [12.807879, 54.362055], [12.809138, 54.358564], [12.809453, 54.351626], [12.807858, 54.349547], [12.8057715, 54.3505899], [12.806917, 54.353375], [12.805089, 54.353604], [12.792462, 54.350492], [12.792798, 54.34632], [12.785271, 54.343946], [12.795839, 54.345159], [12.800294, 54.350115], [12.805348, 54.350779], [12.8101979, 54.3428308], [12.812589, 54.347791], [12.81793, 54.351182], [12.847038, 54.351018], [12.854485, 54.353869], [12.864094, 54.361829], [12.8806639, 54.3660654], [12.879629, 54.366777], [12.8832347, 54.3687405], [12.8847211, 54.374654], [12.8840323, 54.382647], [12.8866483, 54.3825199], [12.8843223, 54.3827572], [12.8856629, 54.3856586], [12.89075, 54.39048], [12.8950236, 54.3917776], [12.8973067, 54.3965515], [12.8964997, 54.4007627], [12.9152491, 54.4073172], [12.9173135, 54.4097743], [12.9193559, 54.4092192], [12.9178413, 54.4101373], [12.9208014, 54.4102526], [12.9193348, 54.4120935], [12.928808, 54.4147534], [12.953018, 54.416349], [12.955602, 54.417341], [12.9551876, 54.4205023], [12.958881, 54.4231342], [12.9868979, 54.4250568], [12.9956852, 54.4281627], [12.9997659, 54.4363962], [13.0160419, 54.4395541], [13.0292504, 54.4368705], [13.0347584, 54.4313676], [13.034391, 54.424249], [13.025042, 54.423077], [13.022643, 54.41298], [13.0202334, 54.4121865], [13.022673, 54.409634], [13.021026, 54.408119], [13.026069, 54.407425], [13.022184, 54.406875], [13.02432, 54.402929], [13.022777, 54.402348], [13.026076, 54.399195], [13.023349, 54.397528], [13.039069, 54.38857], [13.039088, 54.386615], [13.048103, 54.379745], [13.072425, 54.383139], [13.08197, 54.37961], [13.0941332, 54.3659243], [13.0875046, 54.3593974], [13.0847118, 54.3597944], [13.0859509, 54.3592283], [13.0797084, 54.3530625], [13.094424, 54.3462815], [13.1047401, 54.3475665], [13.1099398, 54.3299361], [13.1154307, 54.3227313], [13.1282531, 54.3207904], [13.1341806, 54.3171369], [13.1349971, 54.3122335], [13.1400563, 54.3074287], [13.1309821, 54.2879119], [13.130688, 54.2824173], [13.1328352, 54.2794637], [13.1404387, 54.2752934], [13.147828, 54.2678074], [13.1548508, 54.2696558], [13.1668055, 54.278964], [13.1671738, 54.2767964], [13.1776837, 54.2706384], [13.1767141, 54.266453], [13.1595526, 54.267342], [13.1519909, 54.2615814], [13.1418619, 54.2573856], [13.1428895, 54.253365], [13.161561, 54.259398], [13.1621626, 54.2637297], [13.1673952, 54.2662621], [13.173043, 54.2631371], [13.1854737, 54.2663495], [13.1909063, 54.261618], [13.1901931, 54.2590825], [13.2030752, 54.2575678], [13.2092913, 54.2519936], [13.2161474, 54.2498502], [13.2164263, 54.2479043], [13.2103601, 54.244752], [13.2159793, 54.2410696], [13.2581537, 54.241448], [13.2899234, 54.2352631], [13.2923547, 54.2331517], [13.2899973, 54.2323965], [13.2976019, 54.2250214], [13.30671, 54.204459], [13.3190347, 54.1949422], [13.3262752, 54.1835303], [13.3472272, 54.1805115], [13.3455632, 54.178177], [13.3419583, 54.1788548], [13.3364618, 54.1768153], [13.3420233, 54.175406], [13.3410053, 54.1732826], [13.3355222, 54.1734523], [13.3336052, 54.1688521], [13.3288746, 54.1664412], [13.3316294, 54.1647795], [13.3373031, 54.1678325], [13.3422842, 54.1676696], [13.3457625, 54.1653237], [13.3487678, 54.1673438], [13.3460193, 54.169769], [13.3560724, 54.1690808], [13.3784305, 54.1774809], [13.3871621, 54.1758231], [13.3998527, 54.1695375], [13.4001155, 54.1785765], [13.393721, 54.1811325], [13.4005519, 54.1805433], [13.4190998, 54.1728845], [13.4225954, 54.1699597], [13.4223918, 54.1676779], [13.4140589, 54.1633542], [13.4142289, 54.1575625], [13.4099599, 54.1542794], [13.4083511, 54.1516498], [13.4096916, 54.1499441], [13.406344, 54.1474465], [13.4143828, 54.1452908], [13.4207799, 54.1404464], [13.4273769, 54.1391756], [13.4407238, 54.1199814], [13.4385688, 54.1125045], [13.4475673, 54.1056737], [13.4459509, 54.104875], [13.448151, 54.10226], [13.4502753, 54.1024843], [13.4482336, 54.1017385], [13.4548361, 54.0975687], [13.458066, 54.0981948], [13.4557737, 54.092159], [13.4644768, 54.087833], [13.4794806, 54.0867582], [13.4930528, 54.0833188], [13.5015207, 54.0853072], [13.5001577, 54.0904847], [13.4869274, 54.1004068], [13.4833637, 54.1111072], [13.4790631, 54.1124423], [13.4763231, 54.1163022], [13.4771135, 54.1187396], [13.4922387, 54.1249892], [13.5295359, 54.1308811], [13.5609255, 54.13032], [13.5737885, 54.1316831], [13.5741071, 54.1329941], [13.5760885, 54.1317084], [13.6230762, 54.139746], [13.6454578, 54.1506015], [13.6465748, 54.1530543], [13.643683, 54.1551759], [13.6591759, 54.1451547], [13.6612372, 54.1463623], [13.6565622, 54.1480557], [13.6448027, 54.155777], [13.6498271, 54.1527405], [13.6529056, 54.1535949], [13.6769252, 54.1623346], [13.6964459, 54.1718721], [13.705221, 54.171471], [13.7121439, 54.1686766], [13.717592, 54.1634336], [13.7133956, 54.1625587], [13.7110801, 54.159759], [13.6954268, 54.1581215], [13.6972193, 54.1545177], [13.6967684, 54.1488114], [13.7190858, 54.1444796], [13.7292215, 54.1394981], [13.7311899, 54.1377725], [13.7277162, 54.1380839], [13.7328014, 54.1351459], [13.7342371, 54.1353377], [13.7314725, 54.1368445], [13.7389412, 54.1367117], [13.7495202, 54.1396143], [13.7467871, 54.1368172], [13.7472604, 54.1344435], [13.7640698, 54.1269185], [13.7688657, 54.1264516], [13.7697358, 54.1216134], [13.7736399, 54.1177023], [13.7873101, 54.1095087], [13.80375, 54.10506], [13.80892, 54.09974], [13.8054847, 54.0949748], [13.8037012, 54.0963522], [13.7950475, 54.08935], [13.7926588, 54.0843071], [13.7950414, 54.0824238], [13.7954497, 54.0772872], [13.7896244, 54.0713732], [13.7902273, 54.0643629], [13.7861189, 54.0628491], [13.7863095, 54.0649567], [13.7844991, 54.0653257], [13.7735992, 54.0596119], [13.7853418, 54.0507327], [13.78267, 54.0475039], [13.7709014, 54.0424009], [13.7628088, 54.0362231], [13.7440482, 54.0324043], [13.7439049, 54.02887], [13.7496308, 54.0259445], [13.7576349, 54.02826], [13.7586206, 54.0202603], [13.7609574, 54.0171463], [13.7595249, 54.01573], [13.7686149, 54.01044], [13.7754813, 54.0090034], [13.77701, 54.00643], [13.79536, 53.99611], [13.81036, 53.996], [13.821, 53.98881], [13.8350941, 53.9842], [13.8398741, 53.97632], [13.8547541, 53.96467], [13.8537041, 53.96312], [13.8556698, 53.9602722], [13.85186, 53.95721], [13.85173, 53.95414], [13.8572552, 53.9506169], [13.8576112, 53.9482904], [13.8583671, 53.9508995], [13.8680034, 53.9501678], [13.8671376, 53.9523157], [13.8687949, 53.9528854], [13.88114, 53.95057], [13.88448, 53.94753], [13.88517, 53.946], [13.8831231, 53.945839], [13.8843955, 53.94453], [13.8953518, 53.9432065], [13.89778, 53.93663], [13.9086902, 53.9298134], [13.9142062, 53.9216227], [13.9096833, 53.9152171], [13.9012569, 53.9104137], [13.8870655, 53.910275], [13.8640985, 53.900265], [13.8512679, 53.888796], [13.8496552, 53.8808213], [13.8472837, 53.8781564], [13.833861, 53.8792909], [13.8259268, 53.8778728], [13.8293898, 53.8743261], [13.8266576, 53.8656216], [13.8185879, 53.8592446], [13.8224809, 53.8477005], [13.8514018, 53.8450538], [13.8885197, 53.8273863], [13.9041909, 53.8241771], [13.9201785, 53.8256157], [13.9868766, 53.8121847], [14.0248189, 53.8101086], [14.0708383, 53.8116222], [14.1298394, 53.8074692], [14.178213, 53.8066583], [14.2705594, 53.7898022], [14.2836101, 53.7722922], [14.266969, 53.7534845], [14.2735381, 53.7443521], [14.271574, 53.740714], [14.2730168, 53.7378301], [14.2683525, 53.7084366], [14.2719416, 53.7058418], [14.2677462, 53.7046203], [14.2668233, 53.6986954], [14.2719658, 53.693603], [14.2721165, 53.6894996], [14.2836998, 53.6825852], [14.2822644, 53.6743454], [14.2708103, 53.6655735], [14.2727224, 53.6632234], [14.2795944, 53.6628755], [14.2847907, 53.6586981], [14.2838985, 53.6344457], [14.3111123, 53.6184586], [14.3169455, 53.6180635], [14.3118808, 53.5797268], [14.3138581, 53.5650795], [14.3026103, 53.5534048], [14.3072504, 53.5514015], [14.3057479, 53.543567], [14.3158585, 53.5369428], [14.3193659, 53.5298297], [14.3157825, 53.5251476], [14.3269366, 53.503824], [14.3506549, 53.4960036], [14.3541997, 53.4886251], [14.3535223, 53.4822756], [14.3580532, 53.4573277], [14.3712744, 53.4564396], [14.3718858, 53.4478199], [14.3686646, 53.4326036], [14.3697624, 53.4239789], [14.3730061, 53.4182353], [14.3733277, 53.4089502], [14.3892793, 53.3878255], [14.3948439, 53.3757201], [14.3953797, 53.3692443], [14.3902904, 53.3537477], [14.4055017, 53.3470804], [14.4083265, 53.3357274], [14.4122208, 53.3295304], [14.4022591, 53.3300645], [14.3934057, 53.3282496], [14.3810592, 53.3236622], [14.3804823, 53.3198142], [14.3755133, 53.3155101], [14.3617508, 53.317564], [14.3623393, 53.3150915], [14.3500011, 53.3135766], [14.3486176, 53.3099014], [14.3163464, 53.3122793], [14.3156692, 53.3064815], [14.3008149, 53.2884326], [14.3020606, 53.2862077], [14.2619808, 53.2765023], [14.2651107, 53.2688532], [14.2659666, 53.2596812], [14.2625226, 53.2586351], [14.2111712, 53.2547064], [14.2001879, 53.2618413], [14.187071, 53.2604841], [14.1765235, 53.26223], [14.1618566, 53.2677462], [14.142762, 53.2654582], [14.1246834, 53.2602919], [14.0990281, 53.2614698], [14.1046785, 53.2769056], [14.1119183, 53.2842005], [14.1352449, 53.300097], [14.169088, 53.3182437], [14.206302, 53.3426041], [14.2271353, 53.3627687], [14.2415462, 53.3871126], [14.2437564, 53.3946138], [14.2415398, 53.4067942], [14.2374489, 53.414219], [14.2423338, 53.4219245], [14.2377204, 53.4275345], [14.233107, 53.4280612], [14.2248157, 53.4342922], [14.2059029, 53.4230204], [14.1793759, 53.4225261], [14.1698855, 53.4251135], [14.1365399, 53.4409109], [14.1341731, 53.4389943], [14.1219294, 53.441704], [14.1090816, 53.4288066], [14.1055239, 53.4226764], [14.0938854, 53.4220522], [14.0817661, 53.4149484], [14.0836308, 53.4122959], [14.081912, 53.4108468], [14.0707369, 53.4150252], [14.0565855, 53.4124813], [14.0509722, 53.4136848], [14.0452866, 53.4293777], [14.0067483, 53.4305088], [14.0012626, 53.4349135], [13.9624189, 53.4302361], [13.9463155, 53.4308429], [13.924344, 53.4254802], [13.9181551, 53.4219135], [13.9076307, 53.4262226], [13.9029057, 53.4318102], [13.911816, 53.43719], [13.9053447, 53.4448429], [13.9174507, 53.4467653], [13.9184471, 53.4521878], [13.9164523, 53.4546428], [13.9181378, 53.4554101], [13.8755325, 53.4732915], [13.8847668, 53.4853027], [13.8764595, 53.4862628], [13.8733567, 53.4902729], [13.8740551, 53.4941595], [13.8769819, 53.4959651], [13.8763897, 53.499959], [13.8797403, 53.5040119], [13.8488627, 53.5149082], [13.8218497, 53.5180723], [13.823488, 53.5217006], [13.7984233, 53.5461098], [13.7998169, 53.554915], [13.8020449, 53.5554861], [13.7999768, 53.5590907], [13.7911487, 53.5583617], [13.7842376, 53.5517065], [13.7763884, 53.5310172], [13.7768808, 53.5270008], [13.7807475, 53.5216323], [13.7780052, 53.513742], [13.7925803, 53.5109374], [13.7918647, 53.5085454], [13.7953816, 53.5066153], [13.8020292, 53.4978326], [13.8077198, 53.5016616], [13.8260962, 53.4988664], [13.8197361, 53.4903176], [13.8121129, 53.4841348], [13.8021318, 53.4783886], [13.7803652, 53.4741667], [13.7534186, 53.478109], [13.7472109, 53.4812605], [13.7457926, 53.485252], [13.7413444, 53.4861176], [13.7384047, 53.4812937], [13.7262596, 53.4828822], [13.7117843, 53.4813703], [13.7013859, 53.4728704], [13.6794465, 53.46484], [13.6708291, 53.4589789], [13.66254, 53.4574036], [13.6542691, 53.4511581], [13.6551264, 53.4476132], [13.6517725, 53.4458592], [13.6513134, 53.4430361], [13.6485598, 53.4455056], [13.6405896, 53.4471123], [13.6339103, 53.4398062], [13.6390632, 53.4380251], [13.6364388, 53.4341699], [13.637221, 53.4324863], [13.6289212, 53.4320075], [13.6364827, 53.4240248], [13.6247668, 53.4089757], [13.6213229, 53.4089329], [13.617762, 53.413233], [13.6100973, 53.4136506], [13.6065235, 53.4109576], [13.5971283, 53.4105183], [13.5932058, 53.4077299], [13.5894377, 53.4097171], [13.5724394, 53.4078941], [13.5692821, 53.4052404], [13.5701184, 53.4033652], [13.5635561, 53.4003279], [13.5503344, 53.3993534], [13.5496252, 53.3954708], [13.5458728, 53.3943932], [13.5470669, 53.3925458], [13.5564472, 53.3918037], [13.5546785, 53.3896753], [13.5560255, 53.3865957], [13.5542809, 53.3830947], [13.5502196, 53.3809867], [13.5564418, 53.3797868], [13.5561682, 53.3760389], [13.5479467, 53.3723694], [13.5430232, 53.3639084], [13.5341988, 53.3643553], [13.5261371, 53.3672521], [13.5163553, 53.3521346], [13.5251656, 53.3509481], [13.5247035, 53.3434409], [13.5205152, 53.3410941], [13.5194879, 53.3380213], [13.523225, 53.3347077], [13.52112, 53.3323565], [13.523603, 53.3199168], [13.5103506, 53.3177798], [13.5083396, 53.3229756], [13.5025447, 53.3274279], [13.5020686, 53.3241192], [13.5073581, 53.3162963], [13.4961535, 53.3061619], [13.4972398, 53.3018824], [13.4835895, 53.2912283], [13.4604718, 53.2888422], [13.4566209, 53.2929595], [13.456659, 53.2977339], [13.4378102, 53.299583], [13.4353609, 53.2943957], [13.4387458, 53.2919133], [13.4341942, 53.2901716], [13.4425197, 53.2865195], [13.4349316, 53.2827159], [13.4316442, 53.2843702], [13.4276756, 53.2812726], [13.4289234, 53.2800638], [13.4209384, 53.269839], [13.4152758, 53.2664808], [13.4134637, 53.2632369], [13.4085325, 53.2627059], [13.4072568, 53.2594673], [13.4085432, 53.2582282], [13.403537, 53.2494315], [13.4057115, 53.2468237], [13.3891964, 53.2427328], [13.3860713, 53.2447841], [13.3858015, 53.2502775], [13.3822604, 53.2503689], [13.3704898, 53.261924], [13.3691094, 53.2700227], [13.360916, 53.2777589], [13.3479775, 53.2779837], [13.3404276, 53.2762304], [13.3410912, 53.2732578], [13.3378704, 53.2732806], [13.2984543, 53.2809696], [13.288536, 53.2748283], [13.2843346, 53.2751193], [13.2837607, 53.2725895], [13.2783008, 53.2699127], [13.2754716, 53.2651335], [13.2624607, 53.2637788], [13.2587142, 53.2612471], [13.2524432, 53.2621029], [13.2536275, 53.2595819], [13.2472486, 53.2556307], [13.2462288, 53.2498987], [13.2438266, 53.2483182], [13.2470377, 53.2469559], [13.2489732, 53.2484851], [13.25059, 53.2463107], [13.2461831, 53.2440336], [13.2478098, 53.2428547], [13.2437003, 53.2389499], [13.2402211, 53.2386701], [13.2400152, 53.2373883], [13.2422598, 53.2376283], [13.2412206, 53.2319034], [13.2373356, 53.2277648], [13.2388731, 53.225434], [13.2297847, 53.2166111], [13.2130847, 53.2209089], [13.2034882, 53.2212598], [13.1907648, 53.2350121], [13.1910677, 53.2396426], [13.1875151, 53.2463718], [13.180433, 53.2512282], [13.1776766, 53.2473106], [13.1740061, 53.2470206], [13.1711605, 53.2503732], [13.1643476, 53.2501562], [13.1524235, 53.2462725], [13.1521234, 53.251033], [13.1498078, 53.25066], [13.1378228, 53.2451125], [13.1327487, 53.2393681], [13.1328997, 53.2371758], [13.1180484, 53.2412236], [13.1081776, 53.2386208], [13.1040602, 53.2357403], [13.1079159, 53.2254294], [13.1050934, 53.21989], [13.1065303, 53.2149576], [13.0966079, 53.2130127], [13.0934593, 53.2171663], [13.0869773, 53.2153314], [13.0879842, 53.2134966], [13.0840309, 53.2127527], [13.0855777, 53.210067], [13.0811694, 53.209457], [13.0771451, 53.2043146], [13.078718, 53.200462], [13.0727309, 53.200286], [13.0693703, 53.2036356], [13.0635965, 53.2005891], [13.0529964, 53.1999921], [13.0429467, 53.1968692], [13.0391423, 53.1934844], [13.0314095, 53.1915886], [13.0287019, 53.1887101], [13.0288491, 53.1861064], [13.0187246, 53.1853212], [13.0195699, 53.1755977], [13.0131418, 53.1725036], [13.0093691, 53.1729753], [13.0054021, 53.1698216], [13.0070589, 53.1677963], [13.0049428, 53.1670073], [13.0017221, 53.1669736], [13.0021637, 53.1690641], [12.9999989, 53.1694218], [12.9916532, 53.1686858], [12.9840996, 53.1670523], [12.985622, 53.1644506], [12.9772355, 53.1628644], [12.9745389, 53.16555], [12.9682398, 53.1664809], [12.9650601, 53.1759028], [12.9610053, 53.1775912], [12.948503, 53.172605], [12.9438211, 53.1728189], [12.9422311, 53.1747552], [12.9463998, 53.1781626], [12.9618981, 53.1811271], [12.960351, 53.1836671], [12.9634527, 53.1857119], [12.9797949, 53.1908104], [12.9803584, 53.1920811], [12.9767409, 53.1941678], [12.9768528, 53.1974405], [12.9654435, 53.2002456], [12.9479612, 53.1991169], [12.9422148, 53.1953389], [12.9365193, 53.1942324], [12.9438976, 53.1904852], [12.9443215, 53.1870289], [12.9422454, 53.1856139], [12.9350465, 53.1882931], [12.9201048, 53.1862982], [12.9197335, 53.1883496], [12.9277191, 53.1899288], [12.930711, 53.1933815], [12.9246909, 53.1959072], [12.9132511, 53.1950946], [12.9031596, 53.1936445], [12.9016425, 53.1896321], [12.8895586, 53.1874065], [12.8868131, 53.1804196], [12.8797182, 53.1793587], [12.8675079, 53.1867977], [12.8587948, 53.1881285], [12.8551457, 53.1912801], [12.8548669, 53.1955272], [12.8461889, 53.2011856], [12.8413738, 53.2001043], [12.8379717, 53.1970247], [12.8245692, 53.1967702], [12.8205583, 53.1932518], [12.8162533, 53.1956191], [12.814639, 53.1918487], [12.8099596, 53.1949194], [12.8124672, 53.1970781], [12.8095516, 53.1972461], [12.7956959, 53.1895668], [12.7900738, 53.1907497], [12.7819111, 53.187355], [12.7642528, 53.1889716], [12.7588395, 53.1951249], [12.7392262, 53.1997659], [12.7495237, 53.2060546], [12.7564904, 53.2178453], [12.757725, 53.2240936], [12.7494653, 53.2256274], [12.7422304, 53.2231786], [12.7214894, 53.2218841], [12.716098, 53.2245407], [12.6966381, 53.2272004], [12.6831766, 53.22635], [12.6706604, 53.2296943], [12.6649082, 53.232219], [12.6638843, 53.2345087], [12.6698993, 53.2372055], [12.665362, 53.2389752], [12.6660638, 53.241234], [12.6751003, 53.2466084], [12.6749053, 53.2486382], [12.6677864, 53.2481842], [12.6659826, 53.2531696], [12.6601754, 53.2546494], [12.6279294, 53.2547221], [12.624699, 53.2517814], [12.6172741, 53.2517434], [12.6153095, 53.2486307], [12.6056451, 53.2443351], [12.6015107, 53.244983], [12.5980782, 53.2483826], [12.5718311, 53.2540628], [12.5485785, 53.2621267], [12.5297914, 53.2646212], [12.5010909, 53.2617413], [12.5014249, 53.2571259], [12.4987684, 53.255443], [12.4652096, 53.2561837], [12.4457584, 53.2497988], [12.4399285, 53.2556795], [12.4352492, 53.2574923], [12.4317337, 53.2627553], [12.4321167, 53.2709547], [12.4291953, 53.2741094], [12.4100432, 53.2795893], [12.3996192, 53.2792206], [12.3920423, 53.2848889], [12.3984732, 53.2944802], [12.3945068, 53.301704], [12.3815145, 53.3025088], [12.3746235, 53.3057974], [12.3615102, 53.3071894], [12.3523264, 53.3129702], [12.3319566, 53.3176838], [12.325393, 53.321278], [12.310646, 53.323211], [12.310277, 53.327242], [12.2916, 53.328976], [12.279356, 53.327427], [12.271411, 53.324067], [12.260042, 53.323897], [12.256958, 53.325342], [12.259128, 53.328041], [12.24534, 53.333017], [12.241749, 53.338434], [12.236312, 53.341718], [12.230373, 53.352925], [12.229785, 53.358135], [12.222506, 53.35764], [12.212093, 53.352971], [12.189266, 53.353346], [12.184621, 53.346978], [12.187568, 53.346376], [12.186751, 53.343462], [12.168702, 53.339156], [12.156826, 53.349601], [12.155851, 53.355873], [12.151788, 53.361457], [12.141279, 53.359144], [12.139637, 53.361395], [12.139216, 53.353801], [12.134907, 53.351464], [12.134724, 53.348606], [12.108434, 53.349974], [12.109063, 53.343974], [12.106835, 53.34353], [12.081924, 53.346194], [12.079191, 53.360076], [12.079668, 53.366857], [12.077534, 53.369266], [12.061792, 53.371256], [12.0450294, 53.3707565], [12.0510329, 53.3667077], [12.0478769, 53.3647687], [12.0469359, 53.3608207], [12.0510919, 53.3601897], [12.0545207, 53.3562467], [12.0565115, 53.3528113], [12.0525163, 53.3519274], [12.0557527, 53.3491535], [12.0400498, 53.3452612], [12.022755, 53.3378726], [12.0233253, 53.3365937], [12.0140259, 53.3342296], [12.022287, 53.321207], [12.018916, 53.315399], [12.023709, 53.304355], [12.018622, 53.299422], [12.002497, 53.299545], [11.997337, 53.293724], [11.982438, 53.298583], [11.973662, 53.297528], [11.971661, 53.292139], [11.965594, 53.285226], [11.955225, 53.278726], [11.956361, 53.275915], [11.954299, 53.273709], [11.948175, 53.271419], [11.94502, 53.274342], [11.918203, 53.273492], [11.892566, 53.278955], [11.892509, 53.272786], [11.88948, 53.268988], [11.884691, 53.264577], [11.872355, 53.26025], [11.866022, 53.255916], [11.861657, 53.248446], [11.849331, 53.249729], [11.845555, 53.251861], [11.832716, 53.251287], [11.7993198, 53.2546062], [11.7959488, 53.2533115], [11.8040287, 53.2467311], [11.8173489, 53.2450298], [11.8316112, 53.233868], [11.8317432, 53.2298469], [11.8235815, 53.2262113], [11.7665863, 53.2270468], [11.7484343, 53.2195515], [11.7284974, 53.2169497], [11.7281992, 53.2287444], [11.7261295, 53.231659], [11.7070834, 53.2339706], [11.7084438, 53.2374499], [11.7026261, 53.2399457], [11.6996074, 53.2440914], [11.6941362, 53.2439574], [11.6908857, 53.2415157], [11.6619372, 53.2439882], [11.6587888, 53.2402956], [11.6498852, 53.2388077], [11.6398577, 53.2384917], [11.6275126, 53.2417262], [11.618961, 53.2367977], [11.6165363, 53.2302648], [11.6047714, 53.2279396], [11.5866894, 53.2146], [11.576497, 53.2119062], [11.5632371, 53.21294], [11.5509481, 53.2082295], [11.5591849, 53.2022552], [11.5567854, 53.1943091], [11.5592541, 53.1881678], [11.5564636, 53.1851268], [11.567015, 53.1824187], [11.5622419, 53.1759342], [11.568598, 53.1703758], [11.5694346, 53.1655016], [11.5654391, 53.1646972], [11.5576712, 53.1564275], [11.5555694, 53.1531379], [11.5566724, 53.1504334], [11.5501748, 53.1512588], [11.5531689, 53.1417744], [11.5558495, 53.1387783], [11.5468299, 53.1347201], [11.5486346, 53.1307084], [11.5364255, 53.1292676], [11.5346403, 53.1252177], [11.5094481, 53.1254459], [11.5025587, 53.1210465], [11.5004543, 53.1264991], [11.4841315, 53.1291134], [11.4734805, 53.1267773], [11.4736404, 53.13454], [11.4598562, 53.1402458], [11.4377122, 53.1366894], [11.4216004, 53.1411006], [11.416183, 53.1370337], [11.4129188, 53.1367978], [11.4045833, 53.1371834], [11.3954171, 53.1401786], [11.392671, 53.1339826], [11.392723, 53.1279795], [11.4023177, 53.11459], [11.3937112, 53.1098405], [11.3917344, 53.1119463], [11.381294, 53.1118352], [11.3777656, 53.113426], [11.375085, 53.1121561], [11.3724044, 53.1145098], [11.3640776, 53.1154177], [11.3460175, 53.1121639], [11.3302567, 53.1152909], [11.3320639, 53.1168493], [11.3238881, 53.1193025], [11.3098911, 53.1158844], [11.2904028, 53.1169138], [11.2897737, 53.1188978], [11.2838045, 53.1199213], [11.283199, 53.1214611], [11.2662278, 53.1220488], [11.2413039, 53.1392383], [11.2212058, 53.1441673], [11.20878, 53.1433515], [11.1947832, 53.1353157], [11.1849482, 53.1357795], [11.1821839, 53.1378756], [11.1783189, 53.150214], [11.1718339, 53.1566567], [11.1802907, 53.1588618], [11.1900869, 53.1665882], [11.19102, 53.1711601], [11.1957671, 53.1765376], [11.1924207, 53.1822189], [11.1800145, 53.1868538], [11.1369453, 53.1920402], [11.1449365, 53.1977134], [11.1371809, 53.1992616], [11.1390358, 53.2023999], [11.1133942, 53.2052374], [11.100804, 53.2113292], [11.090634, 53.2138075], [11.087001, 53.2179142], [11.0735587, 53.2245606], [11.0723199, 53.2283562], [11.0611285, 53.2350433], [11.0571199, 53.2441373], [11.0454965, 53.2569508], [11.0381406, 53.2615822], [11.0297737, 53.2769928], [11.0216756, 53.2810444], [11.0094593, 53.2815253], [11.0080721, 53.2914012], [11.0029525, 53.2928049], [11.0029294, 53.2946422], [11.0093815, 53.3002607], [11.0023184, 53.3054776], [11.0045902, 53.3089808], [10.9987023, 53.3155669], [10.9990805, 53.3208466], [10.9955431, 53.3212696], [10.9915318, 53.3257232], [10.9884689, 53.3247588], [10.9827157, 53.3273556], [10.9880439, 53.3334839], [10.9593164, 53.3385169], [10.9549262, 53.3333789], [10.934344, 53.3389501], [10.9321991, 53.3405463], [10.9346922, 53.3427926], [10.9286397, 53.345223], [10.92855, 53.3481526], [10.9193472, 53.3482183], [10.9122407, 53.3393931], [10.9000069, 53.3341452], [10.8951796, 53.336422], [10.8906323, 53.3342822], [10.8800525, 53.3356639], [10.8815494, 53.3305377], [10.8881617, 53.3280899], [10.8882546, 53.3252218], [10.8816489, 53.3228344], [10.8669708, 53.3268936], [10.8665109, 53.3249544], [10.8715508, 53.3224682], [10.8702874, 53.3177587], [10.867562, 53.3161147], [10.8528584, 53.3157351], [10.8506676, 53.3141865], [10.8502631, 53.3095209], [10.8359717, 53.3068149], [10.8357265, 53.3051189], [10.8285522, 53.3072678], [10.8264625, 53.3099916], [10.8284373, 53.3118405], [10.825716, 53.3129148], [10.7960613, 53.3142359], [10.7713549, 53.3257881], [10.7707147, 53.3293388], [10.7579922, 53.3304782], [10.7574552, 53.3324735], [10.7637307, 53.3369447], [10.7633961, 53.3387973], [10.7393432, 53.341448], [10.7362541, 53.3489536], [10.72943, 53.3575136], [10.7029859, 53.370419], [10.6931194, 53.3714379], [10.6824531, 53.3686031], [10.670296, 53.3682101], [10.6292774, 53.3715755], [10.6058611, 53.3688667], [10.5951256, 53.3638918], [10.5938589, 53.3678666]], [[11.2679544, 53.1229293], [11.2690862, 53.1230105], [11.267355, 53.1245203], [11.2679544, 53.1229293]], [[10.9613417, 53.9100508], [10.960336070051321, 53.90906251609054], [10.96191133368065, 53.909966646501594], [10.9613417, 53.9100508]]], [[[13.75179, 54.1584442], [13.7588438, 54.1667629], [13.7574194, 54.1676744], [13.7749214, 54.1722753], [13.7968229, 54.1743539], [13.80486, 54.1727], [13.8092323, 54.169456], [13.8116475, 54.1696954], [13.8241965, 54.1435597], [13.8314813, 54.1344085], [13.8473815, 54.1189046], [13.871929, 54.1018396], [13.8889518, 54.0929849], [13.9309806, 54.076601], [13.9676303, 54.0697818], [14.0159234, 54.0535924], [14.0465464, 54.0310699], [14.1418129, 53.9769886], [14.1839936, 53.9473279], [14.2022418, 53.9380964], [14.2264269, 53.9290566], [14.2077979, 53.9159209], [14.1852711, 53.9141196], [14.1853157, 53.9119754], [14.205753, 53.9105534], [14.2039551, 53.906636], [14.2122972, 53.9002959], [14.2154008, 53.8808073], [14.2123079, 53.8679831], [14.213932, 53.8653704], [14.2086821, 53.8678694], [14.2054354, 53.8671235], [14.2067086, 53.8660519], [14.1987249, 53.8707935], [14.1904834, 53.8727353], [14.1785169, 53.8707151], [14.1719229, 53.8722772], [14.1373873, 53.8704453], [14.1255134, 53.8718043], [14.12257, 53.86945], [14.11349, 53.86849], [14.09828, 53.87029], [14.0932669, 53.8732496], [14.0861395, 53.8743052], [14.06147, 53.86873], [14.0408706, 53.8745695], [14.02766, 53.86897], [14.02008, 53.86878], [14.00991, 53.85897], [13.9961281, 53.8541248], [13.9935881, 53.8516748], [13.9957781, 53.8504048], [13.9923581, 53.8484548], [13.98786, 53.84788], [13.983643, 53.8501328], [13.9718105, 53.8492556], [13.96105, 53.84562], [13.9394044, 53.8434809], [13.9207231, 53.8468204], [13.92362, 53.85233], [13.9375548, 53.8474871], [13.9495582, 53.849783], [13.9538677, 53.8534412], [13.95483, 53.86056], [13.9532079, 53.8625724], [13.9485, 53.86254], [13.93581, 53.8673], [13.9293983, 53.8719202], [13.9301624, 53.8752196], [13.926991, 53.8705604], [13.92881, 53.8616], [13.92517, 53.86016], [13.92249, 53.85411], [13.9202783, 53.8532479], [13.9216149, 53.8496135], [13.9145237, 53.8438399], [13.8980233, 53.8399088], [13.8844824, 53.8413241], [13.8819555, 53.8396004], [13.8747156, 53.8425788], [13.8586648, 53.84364], [13.85613, 53.8449844], [13.8583784, 53.8454702], [13.8569034, 53.8469396], [13.8466877, 53.8508476], [13.8262782, 53.8496996], [13.8218011, 53.8571969], [13.8299512, 53.8575167], [13.8292723, 53.862344], [13.8319236, 53.8645061], [13.8299048, 53.8658654], [13.8335217, 53.8667057], [13.8346135, 53.8711801], [13.84073, 53.87282], [13.84033, 53.87167], [13.844363, 53.8708455], [13.8543906, 53.8706811], [13.8757, 53.87828], [13.87878, 53.87664], [13.8919896, 53.876668], [13.9021102, 53.8822349], [13.9015719, 53.8844721], [13.9040055, 53.88579], [13.9214444, 53.8878764], [13.9210402, 53.8895856], [13.9242511, 53.8909481], [13.9233684, 53.8934398], [13.9296, 53.89824], [13.93271, 53.9039], [13.93218, 53.90774], [13.93715, 53.9083], [13.9381, 53.91369], [13.93592, 53.91418], [13.93674, 53.91598], [13.9319182, 53.9202848], [13.9338453, 53.9246092], [13.9317556, 53.9344466], [13.9331798, 53.9349465], [13.9315613, 53.9349096], [13.9298289, 53.9393257], [13.9245647, 53.9419051], [13.924448, 53.947362], [13.91799, 53.95296], [13.8971057, 53.9622262], [13.8937057, 53.9673162], [13.8972557, 53.9729862], [13.8975557, 53.9778562], [13.8996187, 53.9791315], [13.89794, 53.98044], [13.90531, 53.98935], [13.9104314, 53.9912401], [13.9345183, 53.991402], [13.93565, 53.99308], [13.9456, 53.99483], [13.9648, 53.990779], [13.9669613, 53.9854788], [13.96396, 53.98205], [13.9659817, 53.9789202], [13.96332, 53.97334], [13.9726796, 53.9707099], [13.94998, 53.95914], [13.95817, 53.9528], [13.95282, 53.94942], [13.9514, 53.94557], [13.95321, 53.94277], [13.9535121, 53.934847], [13.95973, 53.93386], [13.95936, 53.93975], [13.9672023, 53.9497568], [13.9710862, 53.9489802], [13.9713398, 53.9510254], [13.9629752, 53.9570486], [13.98292, 53.96211], [13.98596, 53.962], [13.9842223, 53.9593035], [13.995446, 53.9629033], [14.0037599, 53.95889], [14.0223783, 53.962313], [14.0246467, 53.9602133], [14.0164201, 53.9597707], [14.0180322, 53.958523], [14.0226548, 53.9599067], [14.0236464, 53.9580605], [14.0108125, 53.9551043], [14.0097584, 53.9527841], [14.01124, 53.94941], [14.0198, 53.94525], [14.0215671, 53.9463349], [14.026217, 53.9438595], [14.0285766, 53.945411], [14.0274116, 53.9436387], [14.02987, 53.94187], [14.0329402, 53.9427962], [14.03337, 53.94088], [14.03989, 53.94054], [14.0437179, 53.9458073], [14.0397302, 53.9484588], [14.0400896, 53.9467113], [14.0370534, 53.9464935], [14.0352644, 53.9506213], [14.043622, 53.9634441], [14.0426421, 53.9682851], [14.0459648, 53.9715525], [14.0489762, 53.9806107], [14.0465577, 53.9932422], [14.0473907, 53.9974406], [14.0425828, 53.9997265], [14.0402842, 53.9989944], [14.0472901, 54.0012478], [14.0408348, 53.9995458], [14.0436708, 54.0015644], [14.0416672, 54.0042409], [14.0416675, 54.0051348], [14.0430848, 54.0052799], [14.043114, 54.0055624], [14.0416267, 54.0051736], [14.041223, 54.0086456], [14.0386011, 54.0102983], [14.0403402, 54.0109386], [14.0386878, 54.0106779], [14.0382204, 54.0100427], [14.038359, 54.0120144], [14.0294861, 54.0179818], [14.0189305, 54.0178476], [14.0109818, 54.0099629], [14.0041067, 54.0109507], [14.0028823, 54.0151358], [14.0048821, 54.019533], [14.003128, 54.0208655], [14.0007556, 54.0312344], [13.9992692, 54.0313608], [13.99733, 54.04023], [13.9913, 54.04658], [13.98343, 54.04818], [13.9801, 54.05084], [13.9807, 54.05303], [13.97723, 54.05236], [13.97539, 54.05657], [13.96836, 54.05894], [13.9722, 54.06218], [13.9783145, 54.0622315], [13.9738781, 54.064676], [13.9676831, 54.0619947], [13.96705, 54.05919], [13.9614, 54.05863], [13.9189902, 54.0626324], [13.9160209, 54.0637107], [13.9160746, 54.0654312], [13.9158661, 54.0637392], [13.9104924, 54.0639204], [13.9122099, 54.0619173], [13.917668, 54.0613791], [13.9074359, 54.0428848], [13.91172, 54.04384], [13.9123633, 54.0473894], [13.915492, 54.0470338], [13.918762, 54.0412757], [13.9236, 54.03882], [13.9241142, 54.036101], [13.9174784, 54.033329], [13.915467, 54.0291652], [13.9101334, 54.0266995], [13.9063579, 54.0215588], [13.9075434, 54.0197026], [13.8993573, 54.0123964], [13.8646579, 54.0067338], [13.8619422, 53.9997858], [13.85341, 54.00359], [13.85313, 54.01384], [13.85669, 54.01861], [13.86378, 54.02214], [13.86541, 54.02599], [13.86402, 54.02905], [13.86736, 54.03472], [13.87055, 54.03654], [13.86976, 54.03398], [13.87193, 54.03425], [13.87373, 54.03196], [13.8788313, 54.0362808], [13.8796075, 54.0403749], [13.8757862, 54.0431184], [13.8740243, 54.0386084], [13.8704592, 54.0435753], [13.8566812, 54.0485585], [13.8536221, 54.0482515], [13.8547474, 54.0466981], [13.8471249, 54.0464545], [13.8451682, 54.044397], [13.8493439, 54.0440876], [13.8347952, 54.0390115], [13.8206082, 54.0373947], [13.81735, 54.03322], [13.8095516, 54.0308803], [13.8017173, 54.0186276], [13.7865948, 54.017342], [13.7808189, 54.0176335], [13.7783043, 54.0196021], [13.7701923, 54.0185132], [13.7638058, 54.0249307], [13.7643049, 54.03062], [13.7712345, 54.0371473], [13.772427, 54.0410086], [13.7776304, 54.0413826], [13.7808766, 54.0383321], [13.7829011, 54.0404361], [13.7820856, 54.0439076], [13.7904739, 54.0486473], [13.7906248, 54.0527019], [13.7877216, 54.0554765], [13.7974676, 54.0615104], [13.79763, 54.06786], [13.8010459, 54.0745774], [13.80836, 54.08103], [13.8080439, 54.0903897], [13.81129, 54.09259], [13.8128463, 54.0985952], [13.80828, 54.10665], [13.8135937, 54.1079266], [13.79133, 54.1111128], [13.7857435, 54.1148906], [13.7863109, 54.1169984], [13.7836327, 54.1192925], [13.7791761, 54.1208255], [13.774998, 54.1205863], [13.7779101, 54.119], [13.7750056, 54.1198214], [13.7744974, 54.1216866], [13.7767263, 54.1271433], [13.7723832, 54.1338529], [13.7584262, 54.1344447], [13.7555912, 54.1374175], [13.7551284, 54.1450481], [13.7517908, 54.1488345], [13.7579422, 54.1505657], [13.75098, 54.14936], [13.75179, 54.1584442]]], [[[13.9170509, 54.025131], [13.9289874, 54.0311966], [13.9330436, 54.029705], [13.9341871, 54.026932], [13.9304316, 54.0240539], [13.9245902, 54.0234155], [13.9238008, 54.0212737], [13.9271086, 54.0183634], [13.9249752, 54.0161515], [13.917459, 54.0193937], [13.9162761, 54.0215834], [13.9170509, 54.025131]]], [[[13.9087184, 54.2441616], [13.9189861, 54.2515796], [13.926418, 54.248852], [13.9173256, 54.2450453], [13.9138062, 54.2416117], [13.9084981, 54.2410857], [13.9100142, 54.2425113], [13.9087184, 54.2441616]]], [[[13.8123026, 54.1699379], [13.809315, 54.1696358], [13.80614, 54.17374], [13.8122427, 54.1731312], [13.8123026, 54.1699379]]], [[[13.8124575, 54.1739907], [13.8110731, 54.1741579], [13.8126467, 54.1744126], [13.8124575, 54.1739907]]], [[[13.8110744, 54.175384], [13.8120744, 54.1746788], [13.8104066, 54.1749809], [13.8110744, 54.175384]]], [[[13.8110416, 54.1756727], [13.8053516, 54.1761227], [13.8039916, 54.1780327], [13.8118616, 54.1776027], [13.8110416, 54.1756727]]], [[[13.8029194, 54.084302], [13.8037619, 54.0836867], [13.8041494, 54.0787693], [13.801825, 54.0814763], [13.8029194, 54.084302]]], [[[13.7818385, 54.0575677], [13.7848822, 54.0547329], [13.7850215, 54.0527389], [13.780482, 54.0544724], [13.7818385, 54.0575677]]], [[[13.7746012, 54.2077491], [13.7733066, 54.2035772], [13.7697272, 54.2004629], [13.7689997, 54.1912415], [13.7688631, 54.208466], [13.7746012, 54.2077491]]], [[[13.1149168, 54.3425711], [13.1225769, 54.3533472], [13.123692, 54.3662162], [13.1293835, 54.3721082], [13.1563629, 54.3749552], [13.1708586, 54.3705211], [13.1836206, 54.3745147], [13.196565, 54.3759157], [13.2019108, 54.3739808], [13.199611, 54.3724413], [13.2028692, 54.3706287], [13.2159412, 54.3715852], [13.21574, 54.3684414], [13.2208064, 54.3675327], [13.2231982, 54.3699057], [13.2345846, 54.3689887], [13.2384288, 54.3705696], [13.2356417, 54.3762292], [13.2368442, 54.3774047], [13.2575338, 54.3795829], [13.2628864, 54.3825343], [13.2573816, 54.3864163], [13.2499975, 54.3858501], [13.2498111, 54.383815], [13.2377724, 54.3872422], [13.2366463, 54.3915437], [13.2300323, 54.399203], [13.230497, 54.4021016], [13.2338149, 54.4031918], [13.232853, 54.4052987], [13.2363907, 54.4083522], [13.2353953, 54.4068081], [13.2377052, 54.4071204], [13.2380201, 54.409429], [13.2321712, 54.4135504], [13.2289336, 54.4125617], [13.2344549, 54.4097623], [13.2205398, 54.4139779], [13.2145703, 54.4210487], [13.2113707, 54.4304538], [13.2064363, 54.4302576], [13.2027311, 54.4265387], [13.1896368, 54.4237662], [13.1722721, 54.4254936], [13.1574239, 54.4206905], [13.1505245, 54.4231147], [13.1500232, 54.428867], [13.1614494, 54.4362062], [13.1648335, 54.4453373], [13.1708774, 54.4538472], [13.1746533, 54.4526719], [13.1803894, 54.4551433], [13.1924021, 54.4551383], [13.1922884, 54.4501564], [13.1992287, 54.4471627], [13.2046989, 54.4529273], [13.2035565, 54.4573458], [13.2057482, 54.460103], [13.2180101, 54.4591229], [13.2230834, 54.4606834], [13.2222752, 54.4627684], [13.2242017, 54.4641213], [13.2305612, 54.4646661], [13.2361182, 54.4622442], [13.2406494, 54.4660181], [13.2520437, 54.4638937], [13.2543154, 54.4654657], [13.2478677, 54.4656595], [13.2483562, 54.4672173], [13.2460931, 54.4678316], [13.2405865, 54.4669266], [13.2394895, 54.4656181], [13.2372863, 54.4675342], [13.2310099, 54.467687], [13.2362842, 54.4684106], [13.2420832, 54.4726876], [13.2531594, 54.4713188], [13.2538499, 54.4736679], [13.2671996, 54.476843], [13.2696812, 54.4801065], [13.257732, 54.4781356], [13.2559526, 54.4858846], [13.2486099, 54.4873202], [13.2365325, 54.4827468], [13.2282498, 54.4856934], [13.2264125, 54.4946967], [13.228729, 54.4958292], [13.2292549, 54.5035697], [13.2338302, 54.5048939], [13.2308911, 54.5066033], [13.2335848, 54.5079668], [13.2314712, 54.5111372], [13.2117328, 54.5086333], [13.2030327, 54.5060458], [13.2006365, 54.503586], [13.1708818, 54.5076117], [13.1675238, 54.5119507], [13.162227, 54.5139626], [13.163732, 54.523868], [13.1571517, 54.5393598], [13.1492354, 54.54262], [13.1398661, 54.5406132], [13.1440852, 54.5467366], [13.1741761, 54.5455402], [13.2286361, 54.553328], [13.2425424, 54.5532494], [13.244566, 54.5553175], [13.2441054, 54.5528251], [13.25573, 54.55181], [13.2594453, 54.5484264], [13.266238, 54.5474554], [13.2758349, 54.5436032], [13.2758902, 54.5421072], [13.2864671, 54.5433064], [13.2904305, 54.5383681], [13.2952863, 54.5372437], [13.294881, 54.5341707], [13.2903135, 54.5324956], [13.2900077, 54.5262885], [13.2872199, 54.5252631], [13.2871202, 54.5224985], [13.2977059, 54.5190464], [13.3010396, 54.5145348], [13.3051776, 54.5138069], [13.3105973, 54.5167869], [13.3063581, 54.51935], [13.3115351, 54.5198018], [13.312274, 54.5246933], [13.3029306, 54.5278482], [13.3076629, 54.5393639], [13.3047008, 54.5407029], [13.3039474, 54.5463191], [13.2973891, 54.5499181], [13.2973462, 54.5520524], [13.3256857, 54.5686541], [13.3329338, 54.5711941], [13.33831, 54.5706068], [13.3441454, 54.5733786], [13.343576, 54.5751163], [13.3462506, 54.5778309], [13.3524066, 54.5804366], [13.3595593, 54.5807522], [13.3693501, 54.5788401], [13.3706215, 54.5769684], [13.35991, 54.5674725], [13.3597559, 54.5624657], [13.3530034, 54.5543397], [13.3540308, 54.5514627], [13.3495635, 54.5515158], [13.3495959, 54.5536952], [13.344537, 54.5506469], [13.3356569, 54.5488126], [13.3611802, 54.5448063], [13.3615074, 54.5378522], [13.3438692, 54.5242036], [13.3454758, 54.5234119], [13.3442071, 54.5213602], [13.3493248, 54.5176744], [13.3543788, 54.5190319], [13.3586673, 54.5230074], [13.3638811, 54.5210901], [13.3710865, 54.5222118], [13.3742425, 54.5203148], [13.374437, 54.5249083], [13.3876991, 54.5316007], [13.3898972, 54.5355241], [13.3890671, 54.5390052], [13.3800159, 54.5406095], [13.3784196, 54.5445259], [13.3542547, 54.5470167], [13.3535509, 54.5488414], [13.3551331, 54.5494654], [13.3538043, 54.5499596], [13.3612015, 54.552172], [13.3642691, 54.5568253], [13.3734646, 54.5604121], [13.3764432, 54.5599089], [13.3791365, 54.5474178], [13.4000938, 54.53527], [13.4146379, 54.5189175], [13.4148511, 54.516762], [13.4065329, 54.5073237], [13.4080155, 54.5019419], [13.4121585, 54.4990529], [13.4107621, 54.4966724], [13.4126852, 54.4965341], [13.4132163, 54.4938805], [13.4417054, 54.4875475], [13.4463958, 54.4767937], [13.4513077, 54.4718246], [13.456998, 54.4774431], [13.4814029, 54.4835933], [13.4909521, 54.482549], [13.4937958, 54.4799535], [13.496169, 54.4809386], [13.4958692, 54.4794367], [13.5052684, 54.481533], [13.5048553, 54.4852447], [13.5005477, 54.4889563], [13.5006152, 54.4924191], [13.5096616, 54.5087362], [13.5138964, 54.5094312], [13.5147998, 54.5139663], [13.5114682, 54.519021], [13.512879, 54.5208077], [13.5111394, 54.5233615], [13.5048902, 54.5245327], [13.5135751, 54.5250874], [13.5112993, 54.5256791], [13.5102185, 54.5251347], [13.5067483, 54.5248838], [13.5052075, 54.5250136], [13.5090652, 54.5252492], [13.51054, 54.5287859], [13.5132815, 54.5281758], [13.5100273, 54.5296666], [13.5067986, 54.5352635], [13.5024199, 54.5485211], [13.49692, 54.5483329], [13.494101, 54.5510903], [13.4894688, 54.5507302], [13.4842836, 54.5536592], [13.4568908, 54.5534208], [13.4462424, 54.5515018], [13.4330453, 54.5601527], [13.4258401, 54.5686938], [13.4065953, 54.5730933], [13.3958765, 54.5729244], [13.3840782, 54.5816071], [13.3827719, 54.5864288], [13.3842943, 54.5885874], [13.384046, 54.5957689], [13.3791321, 54.6034025], [13.3741557, 54.6070397], [13.3712136, 54.6144947], [13.3558564, 54.6128978], [13.352593, 54.6097641], [13.3519062, 54.6072144], [13.3536485, 54.6051659], [13.3481714, 54.6004785], [13.3276311, 54.5935141], [13.3350286, 54.584625], [13.3324778, 54.581918], [13.3147444, 54.5798467], [13.3064562, 54.5730744], [13.2892701, 54.5708427], [13.2775904, 54.5643654], [13.2578641, 54.5633638], [13.2495694, 54.5609175], [13.2476124, 54.5578766], [13.2440691, 54.558984], [13.2435613, 54.5622205], [13.2492948, 54.5701773], [13.2567989, 54.5898823], [13.2799543, 54.6120735], [13.2841843, 54.6192726], [13.2824079, 54.6217544], [13.2845512, 54.620345], [13.2875576, 54.6253371], [13.2881327, 54.6372045], [13.2861212, 54.6388346], [13.2879263, 54.6404598], [13.2819183, 54.6469094], [13.2631239, 54.6435641], [13.2402425, 54.6327215], [13.2308596, 54.6257507], [13.2264715, 54.6250092], [13.2257001, 54.6219954], [13.2299691, 54.6091785], [13.2365432, 54.6005205], [13.2376349, 54.5962521], [13.2370166, 54.5940421], [13.2361731, 54.5975247], [13.2299289, 54.5959771], [13.2270388, 54.5909351], [13.2282897, 54.5874685], [13.2142983, 54.5857122], [13.194632, 54.5719455], [13.1839804, 54.5700147], [13.1834368, 54.5652867], [13.1768748, 54.5632216], [13.1770679, 54.5613864], [13.1750198, 54.5655278], [13.173637, 54.5648409], [13.1750605, 54.5605664], [13.1632181, 54.5580012], [13.1606477, 54.5590091], [13.1606499, 54.5652669], [13.1672141, 54.5723311], [13.1632251, 54.5698784], [13.1626172, 54.5706883], [13.1660544, 54.5730698], [13.1972896, 54.5830405], [13.2185273, 54.5987835], [13.2269377, 54.612881], [13.2210079, 54.6275092], [13.221213, 54.632707], [13.2187094, 54.636132], [13.2203828, 54.640573], [13.2295184, 54.6477715], [13.2375517, 54.6507325], [13.2510191, 54.6598981], [13.2881731, 54.6732819], [13.334947, 54.675102], [13.3766436, 54.6833532], [13.4081429, 54.6820594], [13.4284539, 54.6850775], [13.4378189, 54.6767791], [13.4335059, 54.6736278], [13.4327923, 54.6657739], [13.4307711, 54.6627973], [13.4210283, 54.6566957], [13.3897235, 54.6510355], [13.3842847, 54.6469552], [13.3765841, 54.6345066], [13.3816668, 54.614483], [13.389415, 54.6029288], [13.399474, 54.5927635], [13.4174663, 54.5807926], [13.4339887, 54.5741606], [13.4621881, 54.5700688], [13.4679836, 54.5715626], [13.4701308, 54.5750641], [13.4914464, 54.572296], [13.5002441, 54.5753459], [13.5089005, 54.5736776], [13.5475923, 54.5801011], [13.5906436, 54.5843761], [13.6353223, 54.585383], [13.661344, 54.5756051], [13.6789766, 54.5632396], [13.6761881, 54.5543396], [13.6810294, 54.5417783], [13.6786734, 54.5383884], [13.6782936, 54.5320211], [13.6684694, 54.5207916], [13.6542248, 54.5164634], [13.6509709, 54.5136315], [13.6454164, 54.5106498], [13.6393571, 54.5082368], [13.6374255, 54.5059252], [13.639167, 54.5084882], [13.6506403, 54.5137319], [13.6508215, 54.5150851], [13.643895, 54.5134285], [13.6444544, 54.5114087], [13.6434402, 54.5108985], [13.6437422, 54.5133826], [13.6341416, 54.5091963], [13.6369526, 54.5080916], [13.6328304, 54.5079862], [13.6218545, 54.5023588], [13.6081966, 54.4984122], [13.5977814, 54.4886313], [13.6019091, 54.4834293], [13.5977003, 54.4763777], [13.5988567, 54.4819025], [13.5964095, 54.4843329], [13.5925462, 54.4833236], [13.5890998, 54.4859292], [13.5875102, 54.4849072], [13.5902256, 54.4825905], [13.5871363, 54.484748], [13.5855971, 54.4835639], [13.5879429, 54.4819939], [13.584713, 54.4825985], [13.5868722, 54.4813005], [13.5844627, 54.479966], [13.5809416, 54.4813787], [13.5770844, 54.4791454], [13.5706751, 54.4731295], [13.5691366, 54.4673588], [13.5729975, 54.44966], [13.5795396, 54.4367568], [13.5907461, 54.4222], [13.6028296, 54.4106411], [13.6144141, 54.4028215], [13.6282959, 54.3984663], [13.6336532, 54.4001577], [13.6576606, 54.3992824], [13.6654848, 54.4027178], [13.6723807, 54.4011353], [13.6828991, 54.3926658], [13.7019895, 54.382359], [13.7105888, 54.3688523], [13.7277231, 54.354846], [13.7463883, 54.3450538], [13.7665208, 54.3411669], [13.7396108, 54.3352468], [13.7334921, 54.3292389], [13.7299075, 54.3178234], [13.7253501, 54.3178031], [13.7206784, 54.3142912], [13.714843, 54.2964315], [13.718003, 54.2833666], [13.7242144, 54.2742555], [13.7129303, 54.2714834], [13.7120773, 54.2688802], [13.7084322, 54.2690556], [13.6972959, 54.2794941], [13.6879384, 54.280415], [13.6847573, 54.2835984], [13.686777, 54.2859784], [13.6908472, 54.2872857], [13.6986256, 54.2804119], [13.7093622, 54.2800161], [13.7077467, 54.2808509], [13.709225, 54.281381], [13.7077108, 54.2891478], [13.702115, 54.2955666], [13.6922885, 54.2939028], [13.6901745, 54.2913411], [13.6912688, 54.2897999], [13.6694224, 54.292156], [13.6617995, 54.2880903], [13.6551429, 54.2892918], [13.6464573, 54.2977036], [13.6610519, 54.3051669], [13.6772785, 54.3079924], [13.6818381, 54.3121809], [13.6818308, 54.3099426], [13.6854861, 54.3102457], [13.6864473, 54.3124558], [13.684263, 54.3136975], [13.6870642, 54.3151283], [13.6983024, 54.315569], [13.7005439, 54.317047], [13.6972086, 54.3180125], [13.7033213, 54.3202559], [13.705223, 54.3228409], [13.703397, 54.3236218], [13.7041368, 54.3262463], [13.6952217, 54.3246575], [13.6828409, 54.3264677], [13.6721823, 54.3303922], [13.6553125, 54.326771], [13.6368663, 54.3198946], [13.6207062, 54.3189807], [13.6165593, 54.3158091], [13.6106657, 54.3165218], [13.6134213, 54.3203338], [13.6426086, 54.324934], [13.6758681, 54.3375845], [13.6812635, 54.3411543], [13.6823572, 54.3452184], [13.685143, 54.3466673], [13.6827889, 54.3489708], [13.6846247, 54.3508601], [13.6749905, 54.3509853], [13.6535545, 54.3471251], [13.6515296, 54.3479312], [13.6531988, 54.3535105], [13.6522016, 54.3557473], [13.6505059, 54.3558353], [13.6517439, 54.3497349], [13.6355436, 54.343733], [13.6396346, 54.3397954], [13.629576, 54.3388351], [13.6306314, 54.3373842], [13.6228657, 54.3345711], [13.6243371, 54.3320087], [13.6276413, 54.3320118], [13.614822, 54.3307434], [13.6127463, 54.3309317], [13.6089157, 54.3385274], [13.6002329, 54.3468044], [13.5888528, 54.3517345], [13.5779245, 54.3529363], [13.5721555, 54.351976], [13.5644069, 54.3450758], [13.5512008, 54.3396636], [13.538021, 54.3430157], [13.5306104, 54.3403225], [13.5182506, 54.3407858], [13.5071095, 54.3441404], [13.5042551, 54.3415812], [13.5077695, 54.3403143], [13.5007141, 54.3425904], [13.4996547, 54.3416001], [13.5022052, 54.340177], [13.4835473, 54.3351613], [13.478978, 54.3308944], [13.4675121, 54.3306913], [13.4645475, 54.32911], [13.4616915, 54.3295346], [13.4591899, 54.3346254], [13.4542014, 54.3359544], [13.4545461, 54.334138], [13.4503002, 54.3316668], [13.4571743, 54.3291274], [13.4524506, 54.3260106], [13.4629627, 54.3292198], [13.4660343, 54.3261577], [13.4656602, 54.3213355], [13.4595472, 54.3157196], [13.4444658, 54.3139432], [13.4199543, 54.3029389], [13.4116502, 54.2956788], [13.4137342, 54.2898395], [13.4118132, 54.2901566], [13.4093796, 54.2871545], [13.410733, 54.2862702], [13.3918629, 54.2696557], [13.3844654, 54.2663171], [13.3864002, 54.2725395], [13.3915829, 54.2783831], [13.3866461, 54.2795299], [13.3830625, 54.2771547], [13.3762236, 54.2788757], [13.3718438, 54.278112], [13.3718701, 54.276371], [13.3758081, 54.278469], [13.3789645, 54.2776193], [13.3720908, 54.2756229], [13.3714067, 54.2719463], [13.3691389, 54.2710263], [13.3627981, 54.2716161], [13.3615752, 54.2736611], [13.3587584, 54.272798], [13.3578298, 54.2700167], [13.350531, 54.2697065], [13.3569486, 54.2636341], [13.3538167, 54.2614476], [13.35799, 54.259968], [13.3561774, 54.2583785], [13.3588735, 54.2559447], [13.3522755, 54.2537792], [13.355978, 54.2505273], [13.3598099, 54.2502928], [13.3583929, 54.2465641], [13.3610349, 54.2496041], [13.3661146, 54.2498085], [13.3692062, 54.2537821], [13.3650965, 54.2583576], [13.3628236, 54.2553812], [13.3587718, 54.2574528], [13.3619138, 54.2582384], [13.359837, 54.260421], [13.3603262, 54.2626067], [13.3647229, 54.2642193], [13.3705863, 54.2623003], [13.3790066, 54.2533856], [13.3904181, 54.2588746], [13.39027, 54.26266], [13.3941798, 54.2651079], [13.3980257, 54.2638929], [13.4037962, 54.2652464], [13.4173498, 54.2554775], [13.4234657, 54.2457208], [13.4236611, 54.2380918], [13.4172891, 54.2330681], [13.3989973, 54.2265686], [13.3935446, 54.2208151], [13.3836432, 54.2292524], [13.3289115, 54.2392967], [13.3230706, 54.2376724], [13.3169649, 54.2416648], [13.3151159, 54.2409948], [13.3092284, 54.2484805], [13.2958201, 54.2493082], [13.2909151, 54.2515926], [13.2915958, 54.253201], [13.2955897, 54.2556267], [13.2952341, 54.2537084], [13.2975492, 54.2519203], [13.3103871, 54.2491849], [13.3207181, 54.2449119], [13.3238599, 54.2485613], [13.3231847, 54.2525716], [13.3275395, 54.2552231], [13.3272101, 54.2586003], [13.3232654, 54.2607111], [13.3234928, 54.2660945], [13.3293024, 54.2695263], [13.3349243, 54.2702651], [13.3352228, 54.2740811], [13.3383707, 54.2767981], [13.3368533, 54.2786353], [13.3329416, 54.2784628], [13.3245686, 54.2706226], [13.3093108, 54.2662516], [13.3147082, 54.263809], [13.314323, 54.2594949], [13.3196684, 54.2594446], [13.32196, 54.2584], [13.3208909, 54.2578238], [13.2883401, 54.2591959], [13.2703408, 54.2536757], [13.2499931, 54.258719], [13.2401159, 54.2666298], [13.2271524, 54.2687381], [13.2168908, 54.2729183], [13.2194279, 54.2782038], [13.2174609, 54.2794694], [13.2152645, 54.2795513], [13.2162618, 54.2776298], [13.2140307, 54.2752978], [13.2158206, 54.2710789], [13.1996989, 54.2699665], [13.1967041, 54.2762513], [13.1960895, 54.2840225], [13.1988593, 54.2870455], [13.2031093, 54.2876731], [13.2034784, 54.2905433], [13.2003692, 54.2950177], [13.1922393, 54.2971971], [13.1886422, 54.2940286], [13.1884192, 54.2910803], [13.1818226, 54.2878409], [13.1647772, 54.2894702], [13.1439947, 54.2806682], [13.1412813, 54.2812383], [13.1386366, 54.2855955], [13.1397979, 54.2964562], [13.1490492, 54.2995485], [13.1535712, 54.3030564], [13.1599069, 54.3019215], [13.1541553, 54.3045897], [13.1654203, 54.304143], [13.1639804, 54.3011108], [13.1694022, 54.3023039], [13.179443, 54.2961929], [13.1822524, 54.2965491], [13.1854921, 54.300145], [13.1698632, 54.3097535], [13.1483849, 54.3129803], [13.1373354, 54.3205667], [13.132342, 54.3189492], [13.1369994, 54.3218965], [13.1340967, 54.3252796], [13.114639, 54.3321427], [13.1149168, 54.3425711]], [[13.4723473, 54.451986], [13.4850554, 54.453021], [13.5055948, 54.4518296], [13.5072599, 54.4505813], [13.4993934, 54.4463837], [13.4998055, 54.4446677], [13.5135414, 54.4437241], [13.5039289, 54.4349426], [13.4981103, 54.4366921], [13.4872675, 54.434454], [13.4830878, 54.43576], [13.4852205, 54.4396988], [13.4982211, 54.4463748], [13.4957605, 54.4468771], [13.4826538, 54.4423341], [13.4817219, 54.4394044], [13.4766998, 54.4377112], [13.4776735, 54.4360001], [13.4804902, 54.4387809], [13.4826576, 54.438329], [13.4753744, 54.4321902], [13.4767247, 54.427493], [13.4746394, 54.426266], [13.4759974, 54.4245929], [13.4947029, 54.4206596], [13.5044092, 54.4256766], [13.5104178, 54.418491], [13.5156065, 54.4195409], [13.5215099, 54.4179999], [13.5281079, 54.4200867], [13.5299908, 54.4165957], [13.535009, 54.4164574], [13.5416157, 54.4194015], [13.5423224, 54.4279162], [13.5197303, 54.4295451], [13.5199971, 54.4338518], [13.532529, 54.4348661], [13.5452786, 54.4333358], [13.5542298, 54.4354676], [13.5574798, 54.4400362], [13.5557697, 54.4441798], [13.5522262, 54.4467386], [13.5307647, 54.4454109], [13.5241721, 54.4482419], [13.5261702, 54.4502754], [13.5373937, 54.4515381], [13.545593, 54.4555184], [13.5475505, 54.46164], [13.5459734, 54.4631509], [13.5485792, 54.4689907], [13.5462348, 54.4700162], [13.5486214, 54.4733156], [13.5469965, 54.4754289], [13.5266149, 54.480451], [13.5105218, 54.4803496], [13.5075787, 54.476976], [13.5044182, 54.4789825], [13.4979057, 54.4789556], [13.4860416, 54.4758858], [13.4708567, 54.4579171], [13.470471, 54.454481], [13.4723473, 54.451986]]], [[[13.7517965, 54.1351333], [13.7479425, 54.1350973], [13.747184, 54.1367667], [13.7504435, 54.1382679], [13.7517965, 54.1351333]]], [[[13.521278, 54.3154473], [13.5199808, 54.3158219], [13.5209713, 54.3150652], [13.523425, 54.3160957], [13.5301018, 54.3221878], [13.5304458, 54.3265337], [13.541469, 54.3322196], [13.5455969, 54.3278696], [13.5464499, 54.3256628], [13.5440235, 54.3235169], [13.5367806, 54.3226307], [13.5277575, 54.3180835], [13.5237647, 54.3139085], [13.5243695, 54.3098944], [13.5203179, 54.3117373], [13.5180023, 54.315681], [13.5189698, 54.316396], [13.521278, 54.3154473]]], [[[13.3567563, 54.1845732], [13.3667875, 54.1852094], [13.3718877, 54.1812699], [13.3574829, 54.1833782], [13.3543179, 54.1814186], [13.3472865, 54.1811774], [13.3567563, 54.1845732]]], [[[13.3489754, 54.1770654], [13.3515598, 54.1760427], [13.3500094, 54.1761209], [13.3489754, 54.1770654]]], [[[13.1304566, 54.4576041], [13.1445128, 54.477967], [13.1587023, 54.4883549], [13.1719591, 54.4926845], [13.1924658, 54.4928067], [13.197861, 54.490857], [13.1957894, 54.4885452], [13.1999228, 54.4853296], [13.2182989, 54.4849288], [13.2240899, 54.4868367], [13.2277474, 54.484059], [13.217905, 54.483182], [13.2248269, 54.4817432], [13.2241901, 54.4782336], [13.2268538, 54.4732062], [13.2254981, 54.4703645], [13.2216329, 54.470937], [13.213995, 54.4668884], [13.2272199, 54.4697116], [13.2232271, 54.4674496], [13.2242255, 54.4653251], [13.2220258, 54.4642642], [13.2140081, 54.4640321], [13.2126233, 54.467085], [13.2094088, 54.4672057], [13.210714, 54.468759], [13.2066936, 54.4691272], [13.1928734, 54.4657488], [13.1934694, 54.4642719], [13.1869364, 54.4655847], [13.1860706, 54.4619411], [13.1876174, 54.4598094], [13.184952, 54.4573818], [13.1804877, 54.4557728], [13.1702873, 54.4569066], [13.1642053, 54.4544078], [13.1630545, 54.452153], [13.1645763, 54.4506462], [13.1617708, 54.4493113], [13.154335, 54.4480064], [13.147786, 54.4498111], [13.1335904, 54.4434017], [13.1240829, 54.4439166], [13.1251504, 54.4425267], [13.1224085, 54.4421563], [13.1209654, 54.4444095], [13.1220281, 54.4506768], [13.1304566, 54.4576041]]], [[[13.2161844, 54.4026761], [13.2203058, 54.4012193], [13.2177802, 54.3978206], [13.2071454, 54.397649], [13.2091731, 54.4010287], [13.2161844, 54.4026761]]], [[[13.1575346, 54.5124598], [13.1651124, 54.5124278], [13.1694912, 54.505339], [13.1635922, 54.5039006], [13.1651133, 54.502287], [13.1586909, 54.5044615], [13.1557349, 54.5067704], [13.1575346, 54.5124598]]], [[[13.0688105, 54.5001024], [13.0802836, 54.520635], [13.0854411, 54.5376783], [13.0945149, 54.5497822], [13.0987276, 54.5603624], [13.1023402, 54.5779278], [13.1009929, 54.5879186], [13.0978281, 54.5904493], [13.119038, 54.6033902], [13.1326138, 54.6057131], [13.1469592, 54.603458], [13.1478361, 54.595679], [13.157274, 54.5785294], [13.1559803, 54.5756968], [13.1542716, 54.5782585], [13.1530068, 54.5752956], [13.1499944, 54.5749495], [13.1524933, 54.5791292], [13.1515676, 54.5833764], [13.147482, 54.5879025], [13.1480025, 54.5927665], [13.1460982, 54.5957345], [13.144849, 54.5736463], [13.1409771, 54.5851628], [13.1344713, 54.5886428], [13.1395408, 54.5904637], [13.1412556, 54.5990039], [13.1299375, 54.5908253], [13.1246955, 54.5845328], [13.1256245, 54.5834196], [13.1107997, 54.5847584], [13.1101459, 54.5818092], [13.1125217, 54.578454], [13.1174925, 54.5755151], [13.1161046, 54.5743396], [13.1189971, 54.5741335], [13.1102543, 54.5726651], [13.1112272, 54.5695495], [13.106997, 54.5687237], [13.1137662, 54.5630728], [13.1161127, 54.5571604], [13.1174526, 54.5509621], [13.113832, 54.5451424], [13.1139314, 54.5407532], [13.1170868, 54.5377129], [13.1067983, 54.5319544], [13.1013839, 54.5327371], [13.1062403, 54.5313042], [13.1040183, 54.5289397], [13.0926245, 54.5273324], [13.0938678, 54.5249338], [13.0923263, 54.5238769], [13.094065, 54.5233847], [13.09263, 54.5171551], [13.0843017, 54.5189324], [13.0883007, 54.5147803], [13.0837465, 54.5158618], [13.0816243, 54.513455], [13.0823203, 54.5108073], [13.0794858, 54.5064898], [13.079316, 54.5023162], [13.0728164, 54.4998512], [13.0741416, 54.4911214], [13.0707726, 54.4917494], [13.0732263, 54.4889187], [13.0753349, 54.4897236], [13.0741691, 54.4882288], [13.075713, 54.4828234], [13.0726046, 54.4819305], [13.076589, 54.4791078], [13.0715558, 54.4789968], [13.0739465, 54.476994], [13.0717948, 54.4772], [13.0731627, 54.4739844], [13.071275, 54.4740344], [13.0729168, 54.4691929], [13.0678116, 54.4704557], [13.0714836, 54.4676864], [13.0698094, 54.4674041], [13.0695935, 54.4637455], [13.0679126, 54.464018], [13.0693733, 54.4622843], [13.0649945, 54.456806], [13.0612765, 54.4588297], [13.0598034, 54.4761521], [13.0688105, 54.5001024]]], [[[13.1229464, 54.5499317], [13.1253021, 54.5442243], [13.1216651, 54.5430692], [13.1187787, 54.5388155], [13.115796, 54.5435963], [13.116838, 54.546967], [13.1229464, 54.5499317]]], [[[13.1162231, 54.4308128], [13.1229741, 54.428746], [13.1229753, 54.4271412], [13.1254137, 54.4274203], [13.1184278, 54.4265208], [13.1162231, 54.4308128]]], [[[12.928712, 54.429969], [12.928227, 54.427714], [12.927683, 54.429999], [12.928712, 54.429969]]], [[[12.717263, 54.405017], [12.724554, 54.412618], [12.73745, 54.413168], [12.738623, 54.411258], [12.736438, 54.40721], [12.729648, 54.404415], [12.717263, 54.405017]]], [[[12.675088, 54.418755], [12.679016, 54.423172], [12.691214, 54.424372], [12.691181, 54.427489], [12.695871, 54.430625], [12.711051, 54.425437], [12.724022, 54.425234], [12.729963, 54.421961], [12.73169, 54.416336], [12.720652, 54.415085], [12.693223, 54.418587], [12.682035, 54.414748], [12.677099, 54.415689], [12.675088, 54.418755]]], [[[12.724892, 54.428922], [12.724898, 54.427738], [12.723762, 54.428589], [12.724892, 54.428922]]], [[[12.686404, 54.427106], [12.692175, 54.430901], [12.695473, 54.430855], [12.686404, 54.427106]]], [[[12.668368, 54.418545], [12.669994, 54.421006], [12.670444, 54.416272], [12.668368, 54.418545]]], [[[12.665531, 54.40548], [12.665066, 54.405765], [12.665693, 54.405855], [12.665531, 54.40548]]], [[[12.664123, 54.40515], [12.663635, 54.405205], [12.664772, 54.405268], [12.664123, 54.40515]]], [[[12.658302, 54.404299], [12.660795, 54.405529], [12.663091, 54.405038], [12.658302, 54.404299]]], [[[12.636925, 54.422855], [12.64352, 54.420639], [12.644854, 54.417408], [12.644607, 54.415654], [12.641796, 54.419631], [12.639445, 54.419161], [12.63855, 54.416192], [12.636014, 54.416752], [12.636925, 54.422855]]], [[[12.627588, 54.420572], [12.626812, 54.419786], [12.626365, 54.42041], [12.627588, 54.420572]]], [[[12.609875, 54.409504], [12.613521, 54.409451], [12.616986, 54.407218], [12.609875, 54.409504]]], [[[12.579409, 54.376745], [12.583881, 54.380107], [12.585336, 54.380528], [12.583538, 54.378353], [12.584476, 54.375795], [12.581214, 54.375588], [12.579409, 54.376745]]], [[[12.527286, 54.353387], [12.529761, 54.355782], [12.53011, 54.350544], [12.527286, 54.353387]]], [[[12.526376, 54.353702], [12.529664, 54.350315], [12.528572, 54.346583], [12.527102, 54.34911], [12.529219, 54.350625], [12.526376, 54.353702]]], [[[12.5231891, 54.3684262], [12.5285041, 54.3683952], [12.5290881, 54.3679152], [12.5231891, 54.3684262]]], [[[12.527929, 54.366025], [12.527322, 54.366589], [12.528198, 54.366449], [12.527929, 54.366025]]], [[[12.527419, 54.365312], [12.52692, 54.363208], [12.525221, 54.36347], [12.525917, 54.365385], [12.527419, 54.365312]]], [[[12.5276049, 54.3605818], [12.5277386, 54.3577196], [12.5251222, 54.359296], [12.5276049, 54.3605818]]], [[[12.526093, 54.366137], [12.526478, 54.366536], [12.526666, 54.366416], [12.526093, 54.366137]]], [[[12.520539, 54.370772], [12.523789, 54.371672], [12.524478, 54.371171], [12.520539, 54.370772]]], [[[12.520737, 54.373203], [12.521761, 54.372164], [12.517943, 54.372554], [12.520737, 54.373203]]], [[[12.521015, 54.371972], [12.520366, 54.370793], [12.519283, 54.371826], [12.521015, 54.371972]]], [[[11.499429, 54.032424], [11.5019011, 54.0302252], [11.4980516, 54.0278811], [11.4957851, 54.0234457], [11.4861443, 54.0244497], [11.4920831, 54.0320921], [11.499429, 54.032424]]], [[[11.3772975, 53.9967271], [11.4029392, 54.0083107], [11.454406, 54.0230429], [11.4733746, 54.0243854], [11.4926965, 54.0225576], [11.495883, 54.0196582], [11.4955183, 54.0109275], [11.4925572, 54.0027118], [11.488727, 53.9990293], [11.4866456, 54.0001767], [11.4886948, 54.0013245], [11.487579, 54.0034495], [11.4825388, 54.0014614], [11.4825008, 54.0041029], [11.4841672, 54.0047296], [11.4857526, 54.0068596], [11.4847371, 54.0087416], [11.483341, 54.0086954], [11.4826008, 54.0058453], [11.4844353, 54.0059484], [11.482207, 54.0041921], [11.4816082, 53.9996406], [11.4783099, 53.9979935], [11.480166, 53.9900793], [11.4781275, 53.9853292], [11.4801552, 53.9818342], [11.4728811, 53.979973], [11.4679029, 53.974288], [11.4674412, 53.9726014], [11.4723058, 53.970873], [11.4683422, 53.9704636], [11.4674839, 53.9719151], [11.4669475, 53.9697758], [11.4631924, 53.969902], [11.4638468, 53.9666518], [11.4599737, 53.9648593], [11.4591728, 53.9624642], [11.4551315, 53.9626343], [11.4547059, 53.959747], [11.4572763, 53.9584811], [11.4556286, 53.9575187], [11.4477858, 53.9581689], [11.4431107, 53.9612049], [11.4413812, 53.9651181], [11.4420031, 53.9703879], [11.4464377, 53.9754505], [11.4447716, 53.9879597], [11.445962, 53.9973197], [11.4395033, 53.9952511], [11.4384951, 53.9925204], [11.4273478, 53.9858908], [11.4304484, 53.9849635], [11.4282598, 53.9830015], [11.429611, 53.9778226], [11.4277448, 53.9744269], [11.4298154, 53.970445], [11.4267357, 53.9670877], [11.4286884, 53.9644495], [11.4278193, 53.9621394], [11.4317783, 53.9620636], [11.4331301, 53.9644243], [11.4339026, 53.9649986], [11.4318212, 53.96195], [11.4272936, 53.9606687], [11.4173266, 53.9636606], [11.4101281, 53.9687347], [11.4005472, 53.9687473], [11.3933913, 53.9747673], [11.3883595, 53.9727102], [11.3897543, 53.9709621], [11.3862563, 53.9681222], [11.3926078, 53.9661342], [11.3963307, 53.9678698], [11.4115114, 53.9668537], [11.399603, 53.964077], [11.3870178, 53.966728], [11.3777164, 53.9758276], [11.3757423, 53.981954], [11.3761533, 53.9926322], [11.3743154, 53.9926089], [11.3772975, 53.9967271]]], [[[11.4274986, 53.9378551], [11.4255194, 53.9415969], [11.4281732, 53.9428562], [11.4294725, 53.9429515], [11.4274986, 53.9378551]]]]}}, {"type": "Feature", "properties": {"name": "Sachsen", "verband": "Sachsen"}, "geometry": {"type": "Polygon", "coordinates": [[[11.872254, 50.5395106], [11.884837, 50.5520803], [11.9071417, 50.556188], [11.9140597, 50.5556581], [11.918136, 50.5607236], [11.9197388, 50.5604956], [11.9208987, 50.5558111], [11.9258509, 50.557092], [11.9263998, 50.5583969], [11.9225494, 50.5575649], [11.9249689, 50.5632383], [11.9335306, 50.5686928], [11.9289822, 50.5747581], [11.9304619, 50.575002], [11.9296038, 50.5789288], [11.9238609, 50.5857944], [11.9349643, 50.5871674], [11.9436486, 50.5906837], [11.9560861, 50.5978091], [11.9565395, 50.6013076], [11.9597598, 50.6044947], [11.9627117, 50.6008034], [11.9670745, 50.6000624], [11.9870306, 50.6093207], [11.9888211, 50.6104972], [11.9794253, 50.6211944], [11.9995174, 50.6275094], [12.0036038, 50.6304054], [12.0012478, 50.6332103], [12.0099397, 50.6352523], [12.0220475, 50.6264761], [12.0201383, 50.6237992], [12.0131777, 50.6211726], [12.004988, 50.612768], [12.0219572, 50.5981299], [12.0286792, 50.5970344], [12.0326975, 50.5988179], [12.0323906, 50.5970648], [12.0362196, 50.5938678], [12.031066, 50.5841581], [12.0352191, 50.581228], [12.0174094, 50.5676975], [12.0325074, 50.554758], [12.0280741, 50.554311], [12.0338782, 50.5534192], [12.0298489, 50.5506345], [12.0306548, 50.5492496], [12.0377847, 50.5534327], [12.049186, 50.5535143], [12.0522646, 50.5516105], [12.0598705, 50.5524005], [12.0665634, 50.5562451], [12.0727345, 50.5550363], [12.0770408, 50.558229], [12.0770778, 50.5630434], [12.0744521, 50.566801], [12.0789774, 50.5697687], [12.0776864, 50.5770049], [12.0830056, 50.5793056], [12.1003363, 50.579444], [12.1159817, 50.5669936], [12.1220349, 50.5671876], [12.1293369, 50.5748845], [12.1413012, 50.5725308], [12.156536, 50.5743347], [12.1605413, 50.5799231], [12.1568837, 50.5851645], [12.1523554, 50.5832387], [12.1505896, 50.5852185], [12.1454124, 50.5853824], [12.1404392, 50.5821777], [12.1361171, 50.5821011], [12.1261583, 50.5839126], [12.1321131, 50.5878379], [12.1244021, 50.5843585], [12.1096317, 50.5887487], [12.1121014, 50.5899185], [12.1148676, 50.5967619], [12.1466339, 50.6049552], [12.1447201, 50.6096517], [12.1500242, 50.6144772], [12.1447499, 50.6205424], [12.1451598, 50.6227012], [12.1478484, 50.6229762], [12.1454787, 50.6256079], [12.1506369, 50.6270158], [12.149628, 50.6289765], [12.155978, 50.6306394], [12.1646748, 50.6301555], [12.1666135, 50.6279198], [12.1696691, 50.6292507], [12.1697661, 50.6275038], [12.1757213, 50.6247992], [12.1727658, 50.617277], [12.1749176, 50.6138474], [12.1828754, 50.6117457], [12.1839792, 50.6095823], [12.1841273, 50.6126116], [12.1911412, 50.6142935], [12.1890105, 50.6154383], [12.191887, 50.6194629], [12.1877725, 50.6229225], [12.1990877, 50.6325165], [12.2004355, 50.6354962], [12.1984606, 50.6412335], [12.2063595, 50.6398297], [12.2076414, 50.6364231], [12.2165561, 50.6339475], [12.2169761, 50.6310788], [12.2268922, 50.6295942], [12.2312252, 50.6329035], [12.230792, 50.6290097], [12.2339743, 50.6268524], [12.2405652, 50.6292218], [12.2418959, 50.6325523], [12.2442688, 50.6332473], [12.265564, 50.6304578], [12.2665104, 50.6343013], [12.2642, 50.6434877], [12.2807896, 50.6443078], [12.2802856, 50.6479774], [12.2813324, 50.6465165], [12.284354, 50.6468825], [12.2845049, 50.6483853], [12.2892953, 50.6477525], [12.2990408, 50.651606], [12.3038699, 50.66189], [12.3179388, 50.6632749], [12.3139412, 50.670877], [12.322213, 50.6812574], [12.3189186, 50.6840114], [12.3086328, 50.6824467], [12.2989582, 50.6838085], [12.2972834, 50.6865062], [12.2831575, 50.6851632], [12.2784061, 50.6875969], [12.2757575, 50.686128], [12.2635851, 50.694845], [12.2641579, 50.7026921], [12.2591796, 50.7054808], [12.2526104, 50.7150556], [12.2643255, 50.721288], [12.2648714, 50.7254046], [12.2714874, 50.7281583], [12.2626829, 50.7364455], [12.2380422, 50.7327705], [12.2352726, 50.7331975], [12.2314151, 50.7382449], [12.2267294, 50.7383177], [12.2297192, 50.7434295], [12.2268528, 50.7411332], [12.2263668, 50.7463932], [12.2296659, 50.7503426], [12.2287731, 50.7574787], [12.2341854, 50.7599698], [12.2412551, 50.7678396], [12.2449996, 50.764688], [12.2645187, 50.7604726], [12.2839207, 50.7729964], [12.2900746, 50.783508], [12.2878788, 50.7842445], [12.287445, 50.7896226], [12.2671523, 50.7870187], [12.2631277, 50.7886714], [12.2527331, 50.7885459], [12.2549227, 50.7946949], [12.2511504, 50.7982796], [12.2540621, 50.7992188], [12.2429781, 50.8090267], [12.2507096, 50.8149216], [12.2505841, 50.818514], [12.2598373, 50.8116211], [12.267347, 50.8143574], [12.2686922, 50.8123644], [12.2749481, 50.8138165], [12.2724164, 50.816399], [12.2768842, 50.8179306], [12.2779752, 50.8096217], [12.2852409, 50.8109294], [12.2855799, 50.8206539], [12.2912723, 50.8222795], [12.2915205, 50.8257342], [12.2956905, 50.8169269], [12.2995792, 50.8156514], [12.3025412, 50.8174131], [12.298578, 50.8208787], [12.2958467, 50.8285131], [12.2982438, 50.8300055], [12.3070145, 50.8186244], [12.3221313, 50.8219632], [12.3336113, 50.8204278], [12.3340285, 50.8228661], [12.3471485, 50.8234952], [12.3467024, 50.8324831], [12.3481752, 50.8330441], [12.3484282, 50.8376241], [12.3626119, 50.8424533], [12.3674119, 50.8473618], [12.3751933, 50.8487047], [12.3750873, 50.8535135], [12.3783272, 50.8538039], [12.3765374, 50.8489074], [12.3872218, 50.850594], [12.3923302, 50.848667], [12.4044057, 50.8495265], [12.4068073, 50.8506814], [12.4078165, 50.8559808], [12.4151269, 50.8572265], [12.4175452, 50.8553728], [12.4137607, 50.8499099], [12.4111934, 50.8493013], [12.411098, 50.8470658], [12.4202494, 50.8394675], [12.4294806, 50.8440178], [12.4399195, 50.8422725], [12.4432338, 50.8432429], [12.4409111, 50.846134], [12.44834, 50.8545624], [12.4444775, 50.8628003], [12.4505421, 50.8662071], [12.4500663, 50.8679497], [12.4641164, 50.8701917], [12.4614175, 50.8714711], [12.4646321, 50.8734015], [12.45927, 50.8803283], [12.4804234, 50.8883258], [12.485265, 50.8928197], [12.5104422, 50.8934156], [12.5135157, 50.8961693], [12.5072925, 50.9046613], [12.5234518, 50.9088005], [12.5251758, 50.902773], [12.5351834, 50.8999763], [12.5603484, 50.9062111], [12.5659865, 50.9022741], [12.569836, 50.9046388], [12.5748796, 50.9013532], [12.584692, 50.9040564], [12.5916352, 50.9025745], [12.6101027, 50.906243], [12.6150157, 50.9048196], [12.6201728, 50.909316], [12.6237154, 50.9088576], [12.6262659, 50.9051263], [12.6407945, 50.9024886], [12.6411929, 50.9117477], [12.6463318, 50.9161891], [12.6539178, 50.9190169], [12.6527449, 50.9242066], [12.6420006, 50.9286982], [12.6427198, 50.9332382], [12.6377516, 50.9330638], [12.6316768, 50.9401345], [12.6242189, 50.9397789], [12.6257389, 50.9423849], [12.62976, 50.9425194], [12.6296767, 50.9465952], [12.6238641, 50.9571211], [12.6212182, 50.9770377], [12.6176974, 50.9786183], [12.6179682, 50.983629], [12.6160098, 50.9856551], [12.6088118, 50.9872551], [12.6071089, 50.9899419], [12.6075198, 50.9969911], [12.6012493, 50.9952018], [12.601218, 50.9928284], [12.5924263, 50.9914909], [12.5931554, 50.9930776], [12.5914679, 50.9930448], [12.5916574, 50.9915402], [12.5813116, 50.989373], [12.5791313, 50.9854558], [12.5842074, 50.9826516], [12.5833012, 50.9814187], [12.5761865, 50.9850911], [12.572624, 50.9901402], [12.5648114, 50.9916876], [12.5664572, 50.9940938], [12.5562175, 50.9959164], [12.5556654, 50.9976275], [12.5386236, 50.9962508], [12.5279478, 50.9983886], [12.5259401, 51.0014428], [12.5401669, 51.0056916], [12.5349778, 51.0156999], [12.5365716, 51.0199863], [12.5392773, 51.0206003], [12.537943, 51.021801], [12.5390796, 51.0241247], [12.5312157, 51.025368], [12.5191696, 51.0228657], [12.5182457, 51.0272672], [12.5145576, 51.0269107], [12.5162657, 51.017784], [12.5072456, 51.0174458], [12.509137, 51.0255982], [12.5125697, 51.0264764], [12.5028643, 51.0346776], [12.5054153, 51.0395173], [12.5037207, 51.0421559], [12.5049215, 51.0458216], [12.5018233, 51.0516087], [12.508916, 51.0531444], [12.5066057, 51.0546624], [12.5046158, 51.0604188], [12.49606, 51.066385], [12.4693275, 51.0642906], [12.4679507, 51.0678353], [12.4629651, 51.0668858], [12.460305, 51.0722358], [12.4592433, 51.0846126], [12.4529252, 51.0834174], [12.4492396, 51.0785537], [12.450502, 51.0772381], [12.4243319, 51.078441], [12.4128245, 51.0757951], [12.4105674, 51.072827], [12.3977822, 51.0788169], [12.394039, 51.083868], [12.3865518, 51.0837302], [12.3865049, 51.0805836], [12.3753342, 51.0770343], [12.3607047, 51.0799085], [12.3527018, 51.0850998], [12.3545325, 51.0859697], [12.356413, 51.0942858], [12.3455463, 51.0972559], [12.3347835, 51.1034229], [12.3318072, 51.1034297], [12.3210188, 51.0943942], [12.30746, 51.0941438], [12.3046479, 51.0975065], [12.2939732, 51.0931818], [12.2915695, 51.0902838], [12.2830414, 51.092494], [12.2803134, 51.0959124], [12.278488, 51.0949775], [12.2783343, 51.0993957], [12.2621638, 51.1000535], [12.2619025, 51.097986], [12.2529416, 51.0971713], [12.2523203, 51.0993025], [12.2437061, 51.1000711], [12.2410645, 51.1027648], [12.2320243, 51.1028295], [12.2331336, 51.1039005], [12.2213752, 51.1097247], [12.2237607, 51.1109217], [12.2222506, 51.1117366], [12.2248029, 51.1144562], [12.2243541, 51.119341], [12.2216495, 51.1189171], [12.2229128, 51.1208437], [12.2200325, 51.1208553], [12.2206357, 51.1229788], [12.2260617, 51.1223384], [12.2249199, 51.1205586], [12.2275938, 51.1199985], [12.2311428, 51.1239394], [12.2365529, 51.1239348], [12.2387167, 51.1263864], [12.2371047, 51.1277602], [12.241337, 51.1306087], [12.227905, 51.1369939], [12.1955928, 51.1414605], [12.1980042, 51.1485578], [12.1975393, 51.1601924], [12.2022424, 51.1618825], [12.2024424, 51.1661891], [12.2063527, 51.1709478], [12.211471, 51.1720809], [12.2118591, 51.1753904], [12.208604, 51.1761884], [12.2124195, 51.1792913], [12.2131202, 51.1835499], [12.1900559, 51.1850034], [12.1748015, 51.1811671], [12.1736829, 51.189869], [12.1871069, 51.1916102], [12.1852685, 51.1943672], [12.1917287, 51.1957136], [12.1895347, 51.2039343], [12.2011739, 51.2133808], [12.2048344, 51.21419], [12.2035158, 51.2167505], [12.1978462, 51.2167516], [12.1921189, 51.2357892], [12.1979556, 51.2363083], [12.1970737, 51.2379239], [12.1994802, 51.2385586], [12.1952626, 51.2384427], [12.1936633, 51.2406332], [12.1890777, 51.2577912], [12.173481, 51.257982], [12.1729549, 51.2661572], [12.165869, 51.2659931], [12.165352, 51.2679999], [12.1685045, 51.2696207], [12.1716069, 51.2756791], [12.1718907, 51.285589], [12.1695241, 51.2856389], [12.168747, 51.2935201], [12.1576947, 51.2921201], [12.1553669, 51.3012681], [12.1576307, 51.3021821], [12.1477875, 51.3199287], [12.1665861, 51.3208136], [12.164962, 51.3254684], [12.1671001, 51.3267576], [12.1944372, 51.3303213], [12.1933256, 51.3430962], [12.1913411, 51.3471337], [12.1888952, 51.3472018], [12.1905192, 51.3542551], [12.195675, 51.3543889], [12.1963089, 51.3605144], [12.1902866, 51.3610976], [12.1915984, 51.3642496], [12.189803, 51.3623343], [12.1857493, 51.3623793], [12.1855025, 51.3647118], [12.1877136, 51.3645916], [12.185568, 51.3673237], [12.1930531, 51.3703283], [12.1847917, 51.3671576], [12.1819313, 51.3687614], [12.1834642, 51.374008], [12.1872835, 51.37329], [12.1865886, 51.3758559], [12.1893124, 51.375269], [12.1904292, 51.3779237], [12.1833793, 51.3778937], [12.1793869, 51.375143], [12.1749156, 51.3759248], [12.1777091, 51.3768368], [12.1749435, 51.3792935], [12.178394, 51.3808993], [12.1724328, 51.3840849], [12.1800296, 51.3865877], [12.1796406, 51.3887844], [12.1810345, 51.3866827], [12.1826592, 51.3891124], [12.1774475, 51.3904853], [12.1745344, 51.4012105], [12.1779148, 51.4007316], [12.177802, 51.4044571], [12.1736807, 51.4101552], [12.1832369, 51.4106251], [12.1829285, 51.4141807], [12.1897266, 51.4135962], [12.1942421, 51.4212406], [12.1858628, 51.4207604], [12.1846024, 51.4303795], [12.1572979, 51.4346353], [12.1581097, 51.4429911], [12.1542649, 51.4435943], [12.1543027, 51.4454799], [12.1583894, 51.4453625], [12.1580836, 51.4520972], [12.1532644, 51.4523031], [12.1529803, 51.4575025], [12.1485372, 51.4592933], [12.1487147, 51.4630107], [12.1630499, 51.4655659], [12.1633219, 51.467346], [12.173547, 51.4681305], [12.1765145, 51.472311], [12.1758104, 51.4823099], [12.2031946, 51.4852075], [12.2010476, 51.490224], [12.2052118, 51.4908549], [12.2045236, 51.4975644], [12.2075, 51.4974887], [12.2078606, 51.5024475], [12.1982878, 51.5017011], [12.1980064, 51.5057499], [12.1914202, 51.5057234], [12.1910053, 51.5079255], [12.1940304, 51.5084785], [12.1955712, 51.5174982], [12.1910956, 51.5198753], [12.1911899, 51.5248122], [12.1946791, 51.5252657], [12.1936119, 51.5312405], [12.2019386, 51.5312988], [12.2016157, 51.5345144], [12.2071478, 51.5351892], [12.2067681, 51.5395926], [12.2102665, 51.5397974], [12.2099335, 51.5419048], [12.2228597, 51.5445417], [12.2187797, 51.5467159], [12.2313518, 51.5473596], [12.2308529, 51.5519055], [12.2357582, 51.5530264], [12.2329594, 51.5609455], [12.2441766, 51.5665078], [12.2496041, 51.5631774], [12.2505512, 51.5587489], [12.2546812, 51.5606407], [12.2928404, 51.5604576], [12.2935533, 51.5648471], [12.2970414, 51.5648899], [12.297427, 51.5667542], [12.3010355, 51.5654433], [12.3131682, 51.5683999], [12.3206713, 51.5746206], [12.319798, 51.5779618], [12.3392872, 51.5796112], [12.3437525, 51.5820069], [12.3365825, 51.5848866], [12.3370373, 51.5869598], [12.3478249, 51.5842387], [12.3482758, 51.5869204], [12.3698346, 51.5824705], [12.3702421, 51.5849944], [12.3749251, 51.5845787], [12.3667542, 51.5873616], [12.3900875, 51.5854169], [12.393617, 51.5866228], [12.3912609, 51.5876262], [12.3919474, 51.5880789], [12.3971425, 51.585043], [12.4116914, 51.5819495], [12.4254513, 51.5820946], [12.4256172, 51.5877289], [12.4239904, 51.5880149], [12.4274097, 51.5991807], [12.4334908, 51.5975629], [12.434041, 51.5993804], [12.4367812, 51.5995782], [12.4382304, 51.6024264], [12.433334, 51.6039376], [12.4325388, 51.6064318], [12.4389143, 51.6051423], [12.444229, 51.6103045], [12.4487433, 51.6098466], [12.45141, 51.606333], [12.4601627, 51.6033534], [12.4707031, 51.6051623], [12.485183, 51.6045135], [12.4874087, 51.6008209], [12.4775163, 51.5961894], [12.4828726, 51.5926498], [12.4903443, 51.5982502], [12.4974753, 51.5967275], [12.4976812, 51.6029188], [12.4957224, 51.6047916], [12.5035013, 51.6047076], [12.5067977, 51.6084842], [12.5159784, 51.6057686], [12.5239822, 51.6069515], [12.5278156, 51.6049408], [12.5335787, 51.6063867], [12.5384371, 51.6019962], [12.5445496, 51.6039679], [12.5415306, 51.6074521], [12.5506116, 51.6092411], [12.5615362, 51.60818], [12.5599678, 51.6090456], [12.5627445, 51.6138824], [12.5698161, 51.6166938], [12.5743635, 51.615313], [12.5804932, 51.6259873], [12.5884376, 51.6255213], [12.5871584, 51.6240858], [12.5903168, 51.620085], [12.5892079, 51.6181247], [12.5956249, 51.6182163], [12.6009231, 51.624621], [12.6067984, 51.6269064], [12.6242334, 51.6279561], [12.6292163, 51.6253193], [12.6233736, 51.6209234], [12.6225249, 51.616475], [12.612164, 51.6143657], [12.6087966, 51.6111016], [12.6225691, 51.6155266], [12.6369138, 51.6170668], [12.6394407, 51.6197593], [12.6492247, 51.6208742], [12.6490764, 51.6250056], [12.6533116, 51.626205], [12.6571394, 51.6302951], [12.6658638, 51.631475], [12.667706, 51.6374492], [12.6668871, 51.6418627], [12.6720725, 51.6452603], [12.6692739, 51.6465239], [12.6715542, 51.647606], [12.6729273, 51.6459124], [12.6770374, 51.6488317], [12.679074, 51.6554973], [12.6858929, 51.6611697], [12.6925209, 51.6629546], [12.6995769, 51.6605209], [12.705449, 51.6627217], [12.7162334, 51.6617569], [12.7290388, 51.6571123], [12.7403951, 51.6556656], [12.7492896, 51.6503226], [12.7605889, 51.6496226], [12.7649271, 51.6481971], [12.7643964, 51.6465602], [12.7726995, 51.647405], [12.7820502, 51.6536595], [12.792503, 51.6654303], [12.807167, 51.6670753], [12.818036, 51.670577], [12.8257917, 51.6751383], [12.8320283, 51.6762341], [12.8282991, 51.6822347], [12.841076, 51.6820419], [12.8442199, 51.6848692], [12.8593132, 51.6759715], [12.8569934, 51.6725174], [12.858926, 51.6721172], [12.8603781, 51.6746838], [12.8622607, 51.6736933], [12.860508, 51.6647805], [12.8665165, 51.6639641], [12.8638059, 51.6610084], [12.8677287, 51.6564828], [12.8650205, 51.6556121], [12.8660923, 51.6550417], [12.8726227, 51.6583026], [12.8802957, 51.6590809], [12.8886791, 51.6671803], [12.8951794, 51.663716], [12.8952084, 51.6587148], [12.8913572, 51.6539966], [12.8983352, 51.6474963], [12.9083513, 51.6465581], [12.9135054, 51.6441239], [12.9155247, 51.6457698], [12.9150155, 51.6487621], [12.928178, 51.649523], [12.9362245, 51.6457338], [12.9424486, 51.6382278], [12.9521287, 51.643591], [12.9493189, 51.6492562], [12.9571246, 51.6512051], [12.9629268, 51.6496413], [12.9653024, 51.6523], [12.9718954, 51.6512362], [12.9666849, 51.6653086], [12.97966, 51.6632219], [12.9818977, 51.6648887], [12.9771263, 51.6660176], [12.9771873, 51.6679933], [12.9959165, 51.6691424], [13.0024506, 51.6657928], [13.0052402, 51.6619932], [13.0116742, 51.66477], [13.0180944, 51.6589797], [13.0203272, 51.6533563], [13.0161878, 51.6449196], [13.0209553, 51.6415307], [13.0232621, 51.6370072], [13.0505478, 51.6475053], [13.0767734, 51.6222743], [13.0777493, 51.6210765], [13.0759766, 51.6201115], [13.0808139, 51.6175289], [13.0859304, 51.608095], [13.0945112, 51.6056003], [13.0986345, 51.6075312], [13.0969607, 51.609171], [13.1012911, 51.6102999], [13.1050795, 51.608995], [13.1037077, 51.6114938], [13.0992633, 51.6106738], [13.0971635, 51.6156672], [13.1039955, 51.6163352], [13.1069542, 51.6115288], [13.1111035, 51.6126577], [13.1101726, 51.6148394], [13.1146959, 51.6156144], [13.1148559, 51.6174982], [13.120197, 51.6199859], [13.1313226, 51.6079924], [13.1440719, 51.5998094], [13.14379, 51.5973877], [13.1543774, 51.6002525], [13.1616395, 51.5920504], [13.1545146, 51.5892737], [13.1523911, 51.5811746], [13.1414109, 51.5713936], [13.1425838, 51.567988], [13.1469493, 51.5636695], [13.1578826, 51.5642295], [13.1606204, 51.5587752], [13.1855657, 51.5579855], [13.1907373, 51.5388127], [13.2008416, 51.5257367], [13.2080416, 51.5242717], [13.206341, 51.5178933], [13.2083488, 51.510546], [13.2071251, 51.5048876], [13.2020191, 51.5039887], [13.203905, 51.4986841], [13.2016601, 51.4980599], [13.2026044, 51.4963528], [13.1966024, 51.4938908], [13.2011988, 51.491789], [13.1968691, 51.4884002], [13.1921166, 51.4880718], [13.1869259, 51.4922959], [13.1820917, 51.4919099], [13.1864651, 51.4883363], [13.1869761, 51.4854636], [13.1824979, 51.4759766], [13.182631, 51.4713082], [13.1892232, 51.4649139], [13.2023424, 51.4592267], [13.2032804, 51.4516046], [13.1925512, 51.4416026], [13.1918834, 51.4371471], [13.1880019, 51.4388789], [13.1788714, 51.4351102], [13.175051, 51.4327334], [13.1740322, 51.4282819], [13.1847142, 51.4237163], [13.189259, 51.4270652], [13.1866513, 51.4300858], [13.1872352, 51.4322456], [13.1924553, 51.4359832], [13.2015361, 51.4318748], [13.2039078, 51.4270113], [13.2016263, 51.421106], [13.2020454, 51.4165325], [13.2132411, 51.3976837], [13.2163387, 51.395353], [13.2508521, 51.393781], [13.2509801, 51.3924017], [13.2559036, 51.3920967], [13.2617641, 51.3889722], [13.2636628, 51.3847675], [13.2686862, 51.3845847], [13.2703064, 51.3909114], [13.263891, 51.3909156], [13.2636744, 51.3945871], [13.2590683, 51.3951846], [13.2602114, 51.4014342], [13.2864519, 51.3992967], [13.2856229, 51.4107778], [13.3092358, 51.4175278], [13.3113595, 51.4223401], [13.328584, 51.4264734], [13.325975, 51.4331881], [13.320841, 51.4373839], [13.3332897, 51.4372755], [13.3344919, 51.4324546], [13.3380183, 51.4290951], [13.3489159, 51.4330781], [13.3574294, 51.4324528], [13.357872, 51.4339409], [13.376304, 51.4248801], [13.3786919, 51.4253011], [13.3827193, 51.4272585], [13.3773885, 51.4334613], [13.3785163, 51.4349821], [13.3758982, 51.4351623], [13.3740042, 51.4382295], [13.3817399, 51.4364857], [13.3886541, 51.4436661], [13.3880863, 51.447832], [13.400668, 51.454248], [13.4091149, 51.4495756], [13.4052165, 51.4463789], [13.4111524, 51.4429309], [13.4120718, 51.439536], [13.4199907, 51.4386935], [13.4229385, 51.4336905], [13.4267396, 51.4341065], [13.4289133, 51.4317737], [13.4272134, 51.4303338], [13.4301587, 51.4283221], [13.4231185, 51.4249531], [13.4218932, 51.4215682], [13.4285806, 51.4218119], [13.4338415, 51.4277636], [13.4456304, 51.426024], [13.4436545, 51.4287891], [13.4460338, 51.430853], [13.449995, 51.4263947], [13.4504974, 51.4224534], [13.4628916, 51.4222653], [13.4644762, 51.4271866], [13.475845, 51.4185194], [13.4655392, 51.4219182], [13.4629818, 51.4122143], [13.4916366, 51.407884], [13.4961461, 51.4031126], [13.5207259, 51.4036678], [13.5245583, 51.3855338], [13.523314, 51.3809314], [13.5380504, 51.3808288], [13.5378982, 51.3770466], [13.5425377, 51.3694054], [13.5460872, 51.3692268], [13.5507855, 51.379267], [13.5563599, 51.3790568], [13.5703327, 51.3856587], [13.5900256, 51.3842336], [13.587666, 51.3819788], [13.5919995, 51.3774123], [13.5911526, 51.3748906], [13.595531, 51.3743647], [13.5942643, 51.3694663], [13.5991486, 51.3686734], [13.6172239, 51.3709653], [13.6328816, 51.3685817], [13.6608565, 51.3689479], [13.6690121, 51.3757832], [13.6828072, 51.3677303], [13.6911129, 51.3739866], [13.7078456, 51.3649998], [13.7176042, 51.3634011], [13.7272867, 51.364629], [13.7389873, 51.3612031], [13.7508755, 51.3652994], [13.7555876, 51.3716988], [13.7655188, 51.370244], [13.7677238, 51.3716965], [13.7690994, 51.3694469], [13.7621266, 51.3650223], [13.7633275, 51.359064], [13.765993, 51.3626456], [13.7764595, 51.3609629], [13.7802898, 51.368974], [13.7843122, 51.3701759], [13.8072877, 51.3727739], [13.8197487, 51.3694758], [13.8294492, 51.375712], [13.8353753, 51.3766612], [13.8371091, 51.3786755], [13.8342604, 51.3837519], [13.8632712, 51.3817154], [13.864905, 51.3782588], [13.8691345, 51.376497], [13.8829025, 51.3744294], [13.8906213, 51.3774311], [13.8997239, 51.3763363], [13.9094884, 51.3784232], [13.9081475, 51.3827377], [13.9398287, 51.3891383], [13.9555272, 51.3973285], [13.9723748, 51.3934341], [13.9704635, 51.3756991], [14.0005961, 51.3725367], [13.9990741, 51.3798609], [13.9961445, 51.3830085], [13.9977742, 51.3853813], [14.0060929, 51.388078], [14.0081705, 51.3919886], [14.0037881, 51.3931554], [14.0037841, 51.3955362], [14.0111739, 51.3982829], [14.0281224, 51.3962643], [14.0257477, 51.4016587], [14.0174859, 51.4014297], [14.015904, 51.4044893], [14.0205673, 51.4080439], [14.0274612, 51.408407], [14.0370347, 51.4169165], [14.0448615, 51.4190734], [14.0435114, 51.4245875], [14.038374, 51.4284153], [14.0464888, 51.4281249], [14.0449371, 51.4315355], [14.0368772, 51.4345371], [14.043766, 51.4397486], [14.0625871, 51.4454212], [14.0525035, 51.4514704], [14.0554318, 51.4586506], [14.0547769, 51.4612103], [14.0361324, 51.471464], [14.0327439, 51.475003], [14.0386218, 51.480039], [14.072531, 51.4722072], [14.0889395, 51.4777788], [14.0738063, 51.492216], [14.0863824, 51.493536], [14.0970797, 51.4993414], [14.0967556, 51.503645], [14.099762, 51.5076195], [14.1009687, 51.5143598], [14.1085124, 51.521879], [14.117365, 51.523077], [14.1350755, 51.5211734], [14.1383109, 51.5236831], [14.1422984, 51.5229662], [14.1329736, 51.5282036], [14.1298589, 51.533235], [14.1308617, 51.5379654], [14.1366017, 51.5433329], [14.1427817, 51.5440349], [14.148421, 51.5412722], [14.1664483, 51.5411734], [14.1752361, 51.5392087], [14.2122725, 51.539918], [14.2209103, 51.5380873], [14.2286423, 51.532838], [14.2422603, 51.5330861], [14.2451379, 51.5309654], [14.2424633, 51.5288676], [14.2471797, 51.5278447], [14.2531176, 51.5292091], [14.2534681, 51.5319181], [14.2735365, 51.5322886], [14.2935718, 51.5250197], [14.3016732, 51.5249264], [14.3229393, 51.5193555], [14.327192, 51.507366], [14.3323289, 51.5048989], [14.3382576, 51.506078], [14.3421297, 51.5106214], [14.3410231, 51.5126704], [14.3430817, 51.5177628], [14.3395902, 51.5177858], [14.340523, 51.5210504], [14.3562037, 51.5217945], [14.3746086, 51.5323305], [14.385589, 51.5337725], [14.3871235, 51.5415666], [14.3988708, 51.5417187], [14.4094843, 51.5371793], [14.4413482, 51.5446656], [14.4477149, 51.5420385], [14.4469704, 51.5528579], [14.4506947, 51.5558756], [14.4563739, 51.5565356], [14.4642032, 51.5571141], [14.4634168, 51.5557647], [14.4652763, 51.5552794], [14.4667348, 51.5572601], [14.4998093, 51.5592932], [14.5066919, 51.5569913], [14.5087191, 51.5582885], [14.5163272, 51.5541184], [14.5251987, 51.5585615], [14.5449696, 51.56168], [14.5476931, 51.5636842], [14.5444527, 51.5736141], [14.5515591, 51.5719452], [14.5596045, 51.5729908], [14.567713, 51.5811103], [14.5805948, 51.5805357], [14.5829814, 51.5745567], [14.5969773, 51.5727399], [14.5990374, 51.5711946], [14.6017121, 51.5610955], [14.6061851, 51.5573784], [14.6036464, 51.5551053], [14.6095835, 51.5501429], [14.6310501, 51.5508661], [14.6384557, 51.5543819], [14.6642961, 51.554647], [14.6638382, 51.5529802], [14.6741277, 51.5508515], [14.6834412, 51.5553071], [14.6910492, 51.5620583], [14.6964161, 51.5751704], [14.6927868, 51.576323], [14.6989229, 51.5769662], [14.7019615, 51.5754144], [14.7067647, 51.5767879], [14.698353, 51.5897003], [14.6965327, 51.5966989], [14.7077652, 51.5971992], [14.7205836, 51.588448], [14.7204904, 51.5864081], [14.7298948, 51.5817747], [14.7265936, 51.5746542], [14.7113335, 51.5626406], [14.7164714, 51.5551544], [14.7239916, 51.5536794], [14.7293572, 51.5499481], [14.7311906, 51.5442625], [14.7263875, 51.538663], [14.7292035, 51.5356277], [14.7287381, 51.532007], [14.7356207, 51.5259448], [14.7429201, 51.5252811], [14.7513739, 51.5218238], [14.760826, 51.5232998], [14.7652599, 51.5189293], [14.796295, 51.5178016], [14.7990815, 51.5152416], [14.8051904, 51.514457], [14.8117167, 51.5061133], [14.8188424, 51.5077386], [14.8321801, 51.5038877], [14.8346893, 51.4996512], [14.852136, 51.48934], [14.864509, 51.490456], [14.8717211, 51.4846744], [14.8874452, 51.4879554], [14.897463, 51.482029], [14.916297, 51.483715], [14.924485, 51.480657], [14.926417, 51.473307], [14.947264, 51.472024], [14.952614, 51.468372], [14.956645, 51.462968], [14.955925, 51.458427], [14.9642089, 51.4513326], [14.96664, 51.446194], [14.974269, 51.441572], [14.973596, 51.436556], [14.970615, 51.432367], [14.963733, 51.434261], [14.958703, 51.431343], [14.96618, 51.426768], [14.964113, 51.423281], [14.967154, 51.416987], [14.964792, 51.412395], [14.95866, 51.409909], [14.968004, 51.402593], [14.969201, 51.398255], [14.962139, 51.397703], [14.958181, 51.395326], [14.9624927, 51.3947566], [14.9657714, 51.3915241], [14.964609, 51.386548], [14.968997, 51.38192], [14.9689764, 51.3791289], [14.9837271, 51.3739052], [14.9773762, 51.3692453], [14.977333, 51.36568], [14.9651058, 51.3614289], [14.9664842, 51.3594342], [14.9726946, 51.3598182], [14.9763231, 51.357066], [14.9757159, 51.3544276], [14.9786385, 51.3479443], [14.9771734, 51.346521], [14.977592, 51.3417908], [14.9808053, 51.339769], [14.9815427, 51.334728], [14.9856932, 51.3323742], [14.9860843, 51.3293819], [14.9928209, 51.3287186], [14.9922941, 51.3239155], [14.9942417, 51.3222445], [15.0091725, 51.316712], [15.0067152, 51.3113051], [15.012731, 51.3082569], [15.0139953, 51.3052013], [15.0123701, 51.3009264], [15.021351, 51.3007887], [15.0294845, 51.2965966], [15.0297086, 51.2945301], [15.0334094, 51.2941337], [15.0320653, 51.2876916], [15.0324455, 51.2848771], [15.0353725, 51.2831939], [15.0343876, 51.2773828], [15.0417539, 51.2742402], [15.0416464, 51.2722275], [15.0368367, 51.2703075], [15.038219, 51.2666584], [15.0359545, 51.2644797], [15.0361691, 51.2615185], [15.0381121, 51.2581077], [15.0250645, 51.2539337], [15.0232507, 51.2503728], [15.0263588, 51.2489804], [15.0295841, 51.2513902], [15.0315281, 51.2480819], [15.0380485, 51.2439639], [15.0319172, 51.2405814], [15.0286428, 51.2418072], [15.0268505, 51.2393993], [15.028852, 51.2369857], [15.0235519, 51.2352629], [15.026808, 51.2339652], [15.0258803, 51.2318391], [15.0161473, 51.2274055], [15.0182312, 51.2213481], [15.0159358, 51.2170033], [15.0170231, 51.2149385], [15.0099318, 51.2137499], [15.0099733, 51.2113894], [15.0131161, 51.2108554], [15.0129481, 51.208235], [15.0076061, 51.2044878], [15.0077619, 51.199557], [15.0137278, 51.1984627], [15.014372, 51.1958192], [15.0046925, 51.1907261], [15.0088457, 51.181806], [15.0014106, 51.1722798], [15.0049913, 51.1675283], [14.993121, 51.162464], [14.9943059, 51.1573699], [15.0008386, 51.1501841], [14.9967156, 51.1443133], [14.9904416, 51.1425207], [14.9956297, 51.1362615], [14.9968471, 51.1317405], [14.9948494, 51.1241632], [14.9976733, 51.1223027], [14.988512, 51.1163793], [14.9832257, 51.1179113], [14.9808374, 51.1159595], [14.9825879, 51.1133483], [14.9798793, 51.110497], [14.9812145, 51.1089619], [14.9781104, 51.1080442], [14.98431, 51.1012246], [14.9827257, 51.0993648], [14.9838279, 51.0973671], [14.9800498, 51.0957756], [14.9827789, 51.0950068], [14.9817795, 51.0936231], [14.9839705, 51.0908556], [14.9803189, 51.0902406], [14.9797434, 51.0870144], [14.9762747, 51.0869385], [14.9794348, 51.0771717], [14.9678651, 51.0715598], [14.9681726, 51.0694457], [14.9714782, 51.0694841], [14.9699791, 51.06737], [14.9712476, 51.0657941], [14.9630325, 51.0580741], [14.9647142, 51.0501318], [14.9538612, 51.0468158], [14.9520836, 51.042488], [14.9484828, 51.04265], [14.9499089, 51.0410035], [14.9482943, 51.039371], [14.9517907, 51.0380153], [14.9465577, 51.031627], [14.9491622, 51.0306869], [14.9452691, 51.0264345], [14.9403486, 51.0263317], [14.942454, 51.0235595], [14.9392198, 51.0234997], [14.9400583, 51.0206247], [14.9377965, 51.0222015], [14.9352069, 51.0203253], [14.9356777, 51.0181872], [14.9392772, 51.0171951], [14.9379223, 51.0111615], [14.9290098, 50.9977602], [14.9204631, 50.9976601], [14.9174496, 50.9956062], [14.9172986, 50.9902586], [14.9202334, 50.9879227], [14.9183168, 50.9828916], [14.9196345, 50.9755247], [14.9031637, 50.9717513], [14.9040621, 50.967439], [14.8996898, 50.9636058], [14.9036428, 50.9610303], [14.8981326, 50.9597726], [14.8930416, 50.9501895], [14.8955571, 50.9471949], [14.8964968, 50.9406039], [14.8914844, 50.9354557], [14.8761385, 50.9318777], [14.867916, 50.9176874], [14.851702, 50.9106013], [14.843769, 50.900871], [14.8199591, 50.8856644], [14.8174082, 50.879177], [14.8249927, 50.8675562], [14.8214802, 50.8633771], [14.8213501, 50.8593532], [14.8105344, 50.8511894], [14.8074894, 50.8462474], [14.807929, 50.8443083], [14.8029999, 50.8368229], [14.7994068, 50.8223925], [14.7929831, 50.8199956], [14.7924858, 50.8234453], [14.790676, 50.8240092], [14.7792486, 50.8199621], [14.7664577, 50.8192105], [14.7585958, 50.8246491], [14.7499061, 50.824261], [14.7475541, 50.828834], [14.7447754, 50.8294631], [14.7390936, 50.8289042], [14.7342372, 50.8252725], [14.7223441, 50.822063], [14.7167091, 50.8235435], [14.7161029, 50.8254167], [14.7169617, 50.8298651], [14.7200721, 50.8322805], [14.7086033, 50.8407793], [14.6899559, 50.838002], [14.6650113, 50.8491866], [14.6477945, 50.8487401], [14.6331387, 50.8550372], [14.6189162, 50.857759], [14.6189793, 50.8645527], [14.6240775, 50.8683119], [14.6292862, 50.8801562], [14.6326751, 50.8833042], [14.6366749, 50.8978405], [14.6528318, 50.9054255], [14.6522784, 50.9259173], [14.650201, 50.9315238], [14.6394815, 50.9302449], [14.6281698, 50.9254928], [14.617086, 50.9255741], [14.6122526, 50.9223246], [14.6015478, 50.9208065], [14.5933852, 50.9163463], [14.5888069, 50.9169168], [14.581937, 50.9135484], [14.5643597, 50.9185741], [14.5607296, 50.9253868], [14.5720025, 50.9375186], [14.5817625, 50.9423973], [14.5853311, 50.9516691], [14.5961583, 50.962727], [14.592235, 50.966743], [14.5967832, 50.9691388], [14.5970891, 50.9742299], [14.6006502, 50.9794138], [14.5984159, 50.9807295], [14.5990737, 50.9871755], [14.5933203, 50.9877348], [14.5814985, 50.9935652], [14.5787889, 51.0003584], [14.5683375, 51.0045579], [14.5646001, 51.0101479], [14.5609543, 51.0069479], [14.5347553, 51.003742], [14.5325983, 51.0057599], [14.5346893, 51.008746], [14.5397898, 51.0104159], [14.5321881, 51.0165796], [14.4985984, 51.0220904], [14.5017306, 51.0323665], [14.5084006, 51.0433104], [14.4998277, 51.0465847], [14.4907635, 51.0435549], [14.4943228, 51.0357678], [14.4927169, 51.0234116], [14.4744134, 51.0255385], [14.4753778, 51.0295324], [14.4704296, 51.0309374], [14.4656856, 51.0353481], [14.4538309, 51.0359438], [14.4351629, 51.027023], [14.4320226, 51.0234044], [14.419838, 51.0190564], [14.40857, 51.0187827], [14.3847769, 51.0269881], [14.3832173, 51.0283837], [14.3826844, 51.0385354], [14.3740357, 51.0386249], [14.3619745, 51.0453295], [14.3468343, 51.0414541], [14.3451359, 51.0390248], [14.3369358, 51.0389922], [14.3269541, 51.0470136], [14.3266744, 51.0493439], [14.3170621, 51.0553471], [14.301727, 51.0550051], [14.2921648, 51.046456], [14.2890378, 51.0394872], [14.2738547, 51.039798], [14.273553, 51.0378229], [14.2797914, 51.0363944], [14.2852923, 51.0322167], [14.2863746, 51.0274866], [14.2776673, 51.0189255], [14.2819558, 51.0155897], [14.2801363, 51.0140939], [14.2653513, 51.0081556], [14.2605402, 51.0088257], [14.2622897, 51.0039233], [14.2687274, 51.0000449], [14.258585, 50.9920624], [14.258681, 50.9875391], [14.2775472, 50.9821099], [14.2856987, 50.9769193], [14.2985644, 50.9790732], [14.3118011, 50.9847333], [14.3235066, 50.9853993], [14.329537, 50.9823639], [14.326064, 50.979081], [14.3289536, 50.9747342], [14.3281479, 50.9730779], [14.3155091, 50.9731437], [14.3026203, 50.9653398], [14.3169967, 50.9606204], [14.3175906, 50.9582012], [14.3105512, 50.9549455], [14.3162422, 50.9519159], [14.3265053, 50.9495187], [14.3458833, 50.9485169], [14.3487422, 50.9452063], [14.3572646, 50.9442542], [14.3611865, 50.9427239], [14.3607844, 50.9414182], [14.3694142, 50.942315], [14.3695029, 50.9393912], [14.3738308, 50.9381617], [14.3873208, 50.9419053], [14.3969821, 50.9363781], [14.4007187, 50.9332853], [14.3992699, 50.9301574], [14.4021721, 50.9238384], [14.391386, 50.9205978], [14.3941732, 50.9180755], [14.3886559, 50.9188951], [14.389664, 50.9165663], [14.3856397, 50.9165407], [14.3886934, 50.9084794], [14.3874225, 50.9030986], [14.3857859, 50.9026056], [14.3881414, 50.8992736], [14.3751544, 50.8979924], [14.3738475, 50.8962143], [14.3627518, 50.8973965], [14.3585735, 50.8995501], [14.3543865, 50.8982174], [14.3490936, 50.9007571], [14.3484709, 50.8978413], [14.3504563, 50.8953286], [14.3491475, 50.8927005], [14.3193994, 50.8888732], [14.3047515, 50.8839275], [14.2902971, 50.8856954], [14.2830582, 50.8922185], [14.2674344, 50.8953136], [14.2515787, 50.8878146], [14.2441638, 50.8863972], [14.2333769, 50.8876079], [14.2365193, 50.8822868], [14.2359069, 50.8760525], [14.2235053, 50.8590873], [14.2170662, 50.8602495], [14.2007374, 50.8512177], [14.161547, 50.8476268], [14.1328942, 50.833986], [14.1165783, 50.8323038], [14.1108386, 50.8293953], [14.1071526, 50.8302544], [14.0988982, 50.8262848], [14.0895277, 50.8260803], [14.0789676, 50.8188615], [14.0784658, 50.8124805], [14.0630008, 50.8098801], [14.0580968, 50.8119175], [14.0405061, 50.8107532], [14.0350531, 50.8051686], [14.0299257, 50.8042559], [14.0174294, 50.8109145], [14.0035393, 50.8102433], [14.0030864, 50.8145298], [13.9907782, 50.8200105], [13.9859413, 50.8162927], [13.9543654, 50.8075695], [13.956135, 50.8005752], [13.9390326, 50.7899422], [13.9182512, 50.7891381], [13.9039061, 50.7942416], [13.9007782, 50.7933791], [13.897674, 50.7920527], [13.8964, 50.7884541], [13.9003498, 50.7847869], [13.8947801, 50.7802281], [13.8924083, 50.7739739], [13.8872206, 50.7705402], [13.8898819, 50.7625255], [13.9027764, 50.7529983], [13.900728, 50.7518529], [13.8987986, 50.7451355], [13.8803188, 50.7376805], [13.8681641, 50.7427007], [13.8619566, 50.7428083], [13.8615958, 50.7354625], [13.8582263, 50.7288619], [13.8549716, 50.7269676], [13.8433397, 50.7251742], [13.8351889, 50.7270222], [13.8262734, 50.7241754], [13.8110519, 50.7299186], [13.8074249, 50.7333598], [13.7969705, 50.7344102], [13.7907982, 50.7326159], [13.7900449, 50.7351249], [13.7846521, 50.7336384], [13.7771493, 50.7363306], [13.7689417, 50.7329792], [13.7582971, 50.7358211], [13.750886, 50.7296256], [13.7405583, 50.7272782], [13.7281006, 50.7336511], [13.7137119, 50.7249764], [13.7082512, 50.7253966], [13.7112584, 50.7234095], [13.7123067, 50.7195258], [13.7066827, 50.7166812], [13.688051, 50.7194777], [13.6820689, 50.7246705], [13.6646891, 50.732164], [13.6421449, 50.7294435], [13.6361383, 50.7247613], [13.624938, 50.7230043], [13.6267705, 50.7158179], [13.6107249, 50.71346], [13.6031731, 50.7101523], [13.5883082, 50.7130708], [13.5687261, 50.7122778], [13.5580406, 50.7147574], [13.5455405, 50.7115036], [13.5383709, 50.7057688], [13.5252438, 50.7043865], [13.5279422, 50.6983338], [13.5399238, 50.6906059], [13.5443604, 50.6773275], [13.5389473, 50.6735468], [13.5400683, 50.6679395], [13.5302797, 50.6680884], [13.5127912, 50.6537918], [13.5171359, 50.648431], [13.5259454, 50.6494048], [13.5233782, 50.6442289], [13.5242765, 50.6389844], [13.4976046, 50.6319509], [13.4939721, 50.6244261], [13.482364, 50.6192991], [13.4773512, 50.6152985], [13.4775763, 50.6123594], [13.4664112, 50.6058605], [13.4648527, 50.6017374], [13.4508701, 50.6058983], [13.4412251, 50.6111833], [13.428978, 50.6106644], [13.4249475, 50.6128495], [13.4270851, 50.6153926], [13.4255233, 50.6164363], [13.4150645, 50.6163909], [13.4122378, 50.6185022], [13.4138197, 50.6204162], [13.4071773, 50.6281372], [13.4054727, 50.6345465], [13.3924992, 50.6416977], [13.3919908, 50.6465114], [13.3859434, 50.6467761], [13.3828515, 50.6448486], [13.3756426, 50.6503294], [13.3702501, 50.6508646], [13.3740569, 50.6428213], [13.3735058, 50.6375395], [13.3755092, 50.6365798], [13.3741975, 50.6326481], [13.377139, 50.6272071], [13.3699954, 50.6247249], [13.368686, 50.6203365], [13.3651783, 50.6179045], [13.3603469, 50.6194266], [13.358772, 50.6161062], [13.3517741, 50.6138693], [13.3376935, 50.6126623], [13.3387731, 50.6109541], [13.3357656, 50.6100228], [13.3346372, 50.6067187], [13.3249279, 50.6084992], [13.3258185, 50.6045772], [13.319306, 50.6018568], [13.3229274, 50.5974228], [13.3212067, 50.5895436], [13.3244445, 50.587569], [13.3251081, 50.5828798], [13.3232131, 50.5811033], [13.3003624, 50.5788589], [13.2910634, 50.5749307], [13.2857531, 50.5811153], [13.2840787, 50.5886112], [13.278742, 50.5929778], [13.2599906, 50.5922305], [13.2560233, 50.5953676], [13.2488718, 50.5924946], [13.2475677, 50.5870341], [13.2395314, 50.5845974], [13.2374767, 50.5800121], [13.2331037, 50.5790963], [13.235955, 50.5702201], [13.2230311, 50.5634356], [13.2232332, 50.5584514], [13.2286268, 50.5551984], [13.2294296, 50.5501377], [13.2217419, 50.5460156], [13.2220869, 50.5419493], [13.2097138, 50.5303836], [13.2075589, 50.5216317], [13.1951667, 50.5161179], [13.1954231, 50.5087572], [13.1973204, 50.5058884], [13.195292, 50.5032412], [13.1779081, 50.5029032], [13.1710699, 50.5059741], [13.1533265, 50.5085072], [13.1434391, 50.5057186], [13.1367093, 50.5063763], [13.1387561, 50.5112958], [13.1344018, 50.5143195], [13.1325351, 50.5186066], [13.1199632, 50.5140005], [13.1035078, 50.5035526], [13.0853357, 50.5002241], [13.0561001, 50.501249], [13.0506141, 50.507404], [13.0425053, 50.511566], [13.0392328, 50.5096139], [13.0316956, 50.5097651], [13.0323253, 50.5006013], [13.022621, 50.4870532], [13.0237623, 50.484844], [13.0184394, 50.4669698], [13.0199853, 50.4589535], [13.0240353, 50.4538639], [13.0199704, 50.4466689], [12.995321, 50.433496], [12.9872876, 50.4215618], [12.9834111, 50.4195639], [12.9637903, 50.4145757], [12.9422449, 50.4116934], [12.9412628, 50.4070147], [12.9476897, 50.4071311], [12.948091, 50.4042512], [12.9373793, 50.4062696], [12.9361802, 50.4118183], [12.9121792, 50.423772], [12.902946, 50.4227161], [12.8946301, 50.4297394], [12.8190333, 50.4602915], [12.8167632, 50.4496127], [12.8066513, 50.4433351], [12.8111433, 50.4364763], [12.8104965, 50.4308975], [12.7948534, 50.44943], [12.7341059, 50.4323963], [12.7297402, 50.4216533], [12.7206599, 50.4175571], [12.707863, 50.4083733], [12.7068608, 50.4041641], [12.7090512, 50.4020505], [12.7071154, 50.3971198], [12.69582, 50.4014284], [12.6933114, 50.4051436], [12.6818767, 50.4095948], [12.6732731, 50.4168043], [12.6624869, 50.4123001], [12.646923, 50.4105108], [12.627404, 50.4162099], [12.6168313, 50.4157684], [12.6085705, 50.4110532], [12.6073321, 50.4083758], [12.5999439, 50.4057778], [12.5911567, 50.4076162], [12.5801458, 50.4071474], [12.5749673, 50.4033637], [12.5582291, 50.3993478], [12.5460009, 50.4008876], [12.5420662, 50.3984512], [12.5339509, 50.3997624], [12.5291976, 50.3970125], [12.5120299, 50.3972577], [12.5094818, 50.3914829], [12.4863819, 50.3707856], [12.4882812, 50.3673556], [12.4875392, 50.3622428], [12.4926287, 50.3562184], [12.4895441, 50.3498116], [12.4805146, 50.3471801], [12.4685501, 50.3546054], [12.4423658, 50.3419971], [12.4349546, 50.3325979], [12.4371863, 50.3277689], [12.4309622, 50.3227187], [12.4253433, 50.3245105], [12.4212319, 50.3226783], [12.416666, 50.3244939], [12.4046645, 50.3240458], [12.3983795, 50.3214269], [12.4007332, 50.3187118], [12.3983271, 50.3079623], [12.4030407, 50.3007599], [12.4007705, 50.2989832], [12.3996255, 50.2936624], [12.3941472, 50.289584], [12.3819635, 50.288933], [12.3706736, 50.2851055], [12.3690127, 50.2813917], [12.3650235, 50.2804158], [12.3596458, 50.273524], [12.3613886, 50.269654], [12.3525843, 50.262655], [12.3503171, 50.2534201], [12.3592268, 50.2421282], [12.3567424, 50.2427663], [12.3512637, 50.2392909], [12.3547116, 50.2373379], [12.3500703, 50.2377318], [12.3492962, 50.2362558], [12.3421318, 50.2406005], [12.3312927, 50.2424482], [12.3326403, 50.2387313], [12.3281525, 50.2346643], [12.3342212, 50.2340305], [12.3320263, 50.2332484], [12.3291842, 50.22528], [12.3350137, 50.2213556], [12.3346939, 50.2172891], [12.3267267, 50.218519], [12.3273072, 50.2102374], [12.3233644, 50.2071145], [12.3263927, 50.2021331], [12.3334488, 50.1994347], [12.3328741, 50.1976708], [12.338312, 50.1922862], [12.3362004, 50.188581], [12.3293245, 50.1859816], [12.3277755, 50.1825708], [12.3234712, 50.1820153], [12.3275, 50.1798039], [12.3277446, 50.1758352], [12.337473, 50.1734402], [12.334373, 50.1716472], [12.3195417, 50.1717228], [12.303451, 50.175425], [12.295247, 50.1746424], [12.2893614, 50.1768914], [12.292194, 50.1803438], [12.2901357, 50.1851983], [12.2860863, 50.185657], [12.2847502, 50.1898961], [12.282156, 50.1886422], [12.2774908, 50.1916614], [12.2772438, 50.1950871], [12.2746523, 50.1965482], [12.2777053, 50.1994698], [12.2879648, 50.2031209], [12.2881503, 50.2047855], [12.2855554, 50.20595], [12.2889927, 50.2105147], [12.2824662, 50.208025], [12.2825236, 50.2131132], [12.293904, 50.2210349], [12.2782916, 50.2227951], [12.2868487, 50.2253109], [12.2749662, 50.2332383], [12.2671195, 50.2318317], [12.2630987, 50.2339688], [12.2660123, 50.2344048], [12.2549532, 50.2367763], [12.2518273, 50.2416879], [12.2394751, 50.2461538], [12.2416431, 50.2508398], [12.2458798, 50.2509954], [12.2499778, 50.2545155], [12.2469156, 50.2572447], [12.2550884, 50.2528905], [12.2549504, 50.251136], [12.2594192, 50.252221], [12.2659387, 50.2501782], [12.2645556, 50.252743], [12.2661571, 50.258877], [12.2614153, 50.2613337], [12.2538418, 50.2709754], [12.2505023, 50.2692692], [12.2499894, 50.2708274], [12.24776, 50.2702195], [12.2468601, 50.2681712], [12.2303275, 50.2712618], [12.2131627, 50.2701201], [12.2013237, 50.2728365], [12.2001771, 50.2742296], [12.2018063, 50.2760233], [12.2021387, 50.2880653], [12.1950833, 50.2933323], [12.1987028, 50.302659], [12.1980293, 50.305011], [12.1996393, 50.3063581], [12.2009456, 50.3089474], [12.1995011, 50.3067126], [12.1868368, 50.311674], [12.1827637, 50.3175338], [12.1850762, 50.3191258], [12.1846039, 50.3222212], [12.1466078, 50.3219368], [12.1304232, 50.3190467], [12.1249434, 50.3152298], [12.1178976, 50.3156231], [12.1137082, 50.3165594], [12.114667, 50.3208204], [12.1100593, 50.3203844], [12.1065306, 50.3224735], [12.1010039, 50.318193], [12.0980776, 50.3230825], [12.0961613, 50.3226709], [12.0941014, 50.3251703], [12.0902548, 50.3243133], [12.0929355, 50.3290664], [12.0896432, 50.3308026], [12.0913088, 50.3325205], [12.0823909, 50.3300747], [12.0829989, 50.328661], [12.0799737, 50.3268785], [12.0642772, 50.3329887], [12.0613467, 50.3308008], [12.0630081, 50.3294327], [12.0617906, 50.3289846], [12.0559187, 50.331285], [12.0580984, 50.3264561], [12.0527402, 50.3309508], [12.0537381, 50.3266679], [12.049959, 50.3312769], [12.046056, 50.331194], [12.0488892, 50.3285651], [12.0489462, 50.323751], [12.0456029, 50.3273479], [12.0459759, 50.3296169], [12.0378672, 50.3360935], [12.0414105, 50.3320935], [12.0325797, 50.3298254], [12.0294111, 50.3364743], [12.030851, 50.3391885], [12.0273753, 50.3410156], [12.0215495, 50.3394096], [12.0179522, 50.3409934], [12.0138563, 50.3442288], [12.0147296, 50.3476315], [12.0082335, 50.34571], [11.9967641, 50.3467097], [11.9983674, 50.3524957], [11.9969533, 50.354016], [11.9809499, 50.3492973], [11.9727268, 50.3520634], [11.9817634, 50.3585364], [11.9805894, 50.3618972], [11.9779029, 50.3605534], [11.9771399, 50.3618126], [11.9796763, 50.3648367], [11.9847813, 50.3649423], [11.9787207, 50.3691233], [11.9847197, 50.3753864], [11.978612, 50.3798701], [11.9813097, 50.3822317], [11.9805376, 50.3843233], [11.9836724, 50.3899173], [11.9754731, 50.3887462], [11.9694702, 50.3946229], [11.9691594, 50.3970242], [11.9645778, 50.3997868], [11.9604525, 50.3955441], [11.9573427, 50.3971485], [11.9529413, 50.3965938], [11.9513227, 50.3944226], [11.9490455, 50.3951477], [11.9475201, 50.3977243], [11.9540974, 50.4076087], [11.9433878, 50.4122357], [11.945524, 50.4162739], [11.9391951, 50.4181933], [11.9349229, 50.4236526], [11.9302472, 50.4209658], [11.9199769, 50.4243686], [11.9264, 50.4283505], [11.9278728, 50.4330959], [11.9161585, 50.4329009], [11.9112201, 50.4354186], [11.9089205, 50.4344387], [11.9081806, 50.4362695], [11.9046161, 50.4334617], [11.905458, 50.4353085], [11.9039222, 50.4363264], [11.8978221, 50.4355595], [11.8874255, 50.4425906], [11.8938515, 50.4430866], [11.8950313, 50.4492319], [11.9029591, 50.4516197], [11.9055636, 50.4547174], [11.9094471, 50.4526306], [11.9185777, 50.4540195], [11.9209273, 50.4577231], [11.9199195, 50.4599019], [11.9283422, 50.4591], [11.9316957, 50.4637195], [11.9358482, 50.4589291], [11.9390857, 50.4592831], [11.9462327, 50.4543207], [11.950881, 50.4539808], [11.950984, 50.4560905], [11.9428271, 50.4594021], [11.9484512, 50.4637007], [11.9483172, 50.4650585], [11.94284, 50.4643605], [11.9407993, 50.4674162], [11.9445617, 50.4707128], [11.942526, 50.4717007], [11.9389475, 50.4699989], [11.9374297, 50.4714947], [11.9430608, 50.4739625], [11.9429998, 50.4764882], [11.9460853, 50.4794019], [11.9609431, 50.479482], [11.9642905, 50.4863712], [11.9480057, 50.4982738], [11.9439182, 50.504648], [11.9397268, 50.5027362], [11.9341926, 50.5058188], [11.9300441, 50.512506], [11.9327375, 50.5211431], [11.9311557, 50.5229589], [11.9253285, 50.5263685], [11.9190855, 50.5227338], [11.9175437, 50.5260674], [11.9160119, 50.5227258], [11.9186297, 50.5174464], [11.9013282, 50.5163514], [11.8937083, 50.5183731], [11.8873582, 50.5167363], [11.872254, 50.5395106]]]}}, {"type": "Feature", "properties": {"name": "Brandenburg", "verband": "Brandenburg"}, "geometry": {"type": "MultiPolygon", "coordinates": [[[[12.2160434, 52.1705859], [12.2282561, 52.1862376], [12.2418545, 52.1819554], [12.2475664, 52.1837044], [12.2445662, 52.1861306], [12.241742, 52.1955216], [12.2477105, 52.1979297], [12.2531301, 52.2046776], [12.2534414, 52.2058659], [12.2452231, 52.2074472], [12.2487867, 52.2117823], [12.2601467, 52.2164712], [12.2677035, 52.2145524], [12.281778, 52.2181442], [12.2821931, 52.216681], [12.2821868, 52.2183414], [12.2971344, 52.2289034], [12.2890596, 52.2291355], [12.2831335, 52.234475], [12.2628639, 52.2343232], [12.262803, 52.2369355], [12.2756932, 52.236797], [12.2678579, 52.2407448], [12.2708399, 52.24191], [12.2579588, 52.243246], [12.2621914, 52.2467776], [12.24541, 52.2498632], [12.2474627, 52.2554803], [12.2545811, 52.2616708], [12.250839, 52.2642086], [12.2507017, 52.272325], [12.262923, 52.2950454], [12.2731719, 52.3043852], [12.2811522, 52.3182151], [12.2843238, 52.3213561], [12.2893, 52.3224393], [12.3080899, 52.3446322], [12.29788, 52.3509151], [12.2984005, 52.3531474], [12.2841224, 52.3641988], [12.2842308, 52.3678662], [12.2869478, 52.3695688], [12.3007048, 52.3711112], [12.3065554, 52.3777139], [12.2944996, 52.381179], [12.2917108, 52.386111], [12.2959726, 52.3926495], [12.3035034, 52.397533], [12.3015916, 52.4009196], [12.3022689, 52.4053087], [12.2993157, 52.4091212], [12.291981, 52.4076699], [12.2757938, 52.4120598], [12.2745991, 52.4160343], [12.2972821, 52.4239009], [12.2891822, 52.4306741], [12.3025129, 52.4343574], [12.3023293, 52.4388482], [12.3076879, 52.4446545], [12.3027252, 52.4457641], [12.3048069, 52.447586], [12.3042824, 52.4508321], [12.3167689, 52.45272], [12.3173504, 52.4563137], [12.3146044, 52.4596483], [12.3167911, 52.4619668], [12.3252397, 52.4642097], [12.3252996, 52.4719918], [12.3307866, 52.4782741], [12.3273561, 52.479438], [12.3238707, 52.4763293], [12.3170068, 52.4750554], [12.308522, 52.4791938], [12.3102576, 52.4836264], [12.3092067, 52.4859921], [12.313236, 52.4901876], [12.3277678, 52.4912636], [12.3300764, 52.4942653], [12.3296124, 52.496642], [12.3222045, 52.4959901], [12.3103394, 52.4908216], [12.2972513, 52.4959669], [12.2941387, 52.4923466], [12.2860912, 52.4926311], [12.2798057, 52.487623], [12.2718449, 52.4875012], [12.2699485, 52.4936629], [12.2620771, 52.4952718], [12.2700667, 52.5009127], [12.2592981, 52.5046516], [12.2579581, 52.5181973], [12.2470875, 52.5187139], [12.2452498, 52.5214451], [12.2360702, 52.5238729], [12.2311628, 52.522019], [12.2327908, 52.5191799], [12.2315359, 52.5160361], [12.2237024, 52.5115534], [12.227857, 52.5062332], [12.221768, 52.5002308], [12.2122381, 52.5035823], [12.2032562, 52.497574], [12.1897168, 52.4989302], [12.1846731, 52.4957216], [12.1699914, 52.507195], [12.1671225, 52.5146963], [12.1783148, 52.5239468], [12.1851925, 52.5269001], [12.1887401, 52.532226], [12.1794745, 52.5338574], [12.1736576, 52.538741], [12.1585121, 52.5344939], [12.1544093, 52.5297029], [12.1421717, 52.5282849], [12.1450163, 52.533299], [12.1434739, 52.5370904], [12.1495782, 52.5405838], [12.1588506, 52.5603548], [12.1815198, 52.575218], [12.1766618, 52.576541], [12.1734833, 52.5817073], [12.1734131, 52.5986284], [12.1756554, 52.6067677], [12.1708244, 52.6071544], [12.1701734, 52.6090582], [12.1708307, 52.6124838], [12.1753207, 52.6175582], [12.1677329, 52.6160611], [12.1669392, 52.6274639], [12.1915869, 52.6200481], [12.2029972, 52.6185904], [12.2106639, 52.6245488], [12.2367973, 52.628691], [12.2310775, 52.6297833], [12.2311654, 52.639931], [12.2366442, 52.6413084], [12.2378096, 52.6449983], [12.232689, 52.6536546], [12.235139, 52.654504], [12.2336872, 52.659657], [12.237862, 52.6623629], [12.2347884, 52.6641005], [12.2390328, 52.6655804], [12.2377669, 52.6677811], [12.2392396, 52.6709818], [12.2350412, 52.6762761], [12.2347961, 52.6803087], [12.2268173, 52.6828793], [12.2325903, 52.6887657], [12.2216359, 52.6890216], [12.2173044, 52.6996534], [12.2240333, 52.7028571], [12.2162614, 52.7088883], [12.2103373, 52.7090143], [12.204997, 52.7125088], [12.2052539, 52.7141716], [12.2106141, 52.7157935], [12.2097562, 52.7175783], [12.2037081, 52.719722], [12.1991828, 52.7172123], [12.1973631, 52.7189021], [12.2056477, 52.7250784], [12.2035329, 52.7244755], [12.202981, 52.7257723], [12.2057922, 52.7264233], [12.2015163, 52.7289263], [12.2065454, 52.7306098], [12.2098858, 52.7349124], [12.2194343, 52.7362973], [12.2192423, 52.7380481], [12.2221618, 52.7398259], [12.2177764, 52.7435604], [12.2210759, 52.7448043], [12.219596, 52.7502967], [12.2093945, 52.7528873], [12.2058479, 52.7604904], [12.2092733, 52.7639151], [12.2154984, 52.7635362], [12.2119553, 52.7662677], [12.2135556, 52.7690155], [12.2126626, 52.7732271], [12.2214762, 52.77404], [12.2238108, 52.7762978], [12.2235137, 52.7869486], [12.2200413, 52.7897638], [12.2307379, 52.7897195], [12.2444065, 52.7866058], [12.2492747, 52.7919134], [12.2477609, 52.7962194], [12.2558398, 52.7985358], [12.2524681, 52.8036617], [12.2578968, 52.8049145], [12.2441655, 52.8198612], [12.2372561, 52.8392988], [12.2389298, 52.8446872], [12.2327039, 52.8492094], [12.2313767, 52.8526737], [12.2343106, 52.8576131], [12.2334276, 52.8599224], [12.2228496, 52.8651474], [12.2170811, 52.8659696], [12.2145609, 52.8615405], [12.2097845, 52.8621896], [12.2078254, 52.8670188], [12.2026777, 52.8680169], [12.1993732, 52.8716811], [12.1973348, 52.8777618], [12.1933685, 52.8773121], [12.1858558, 52.8708294], [12.1733097, 52.8645678], [12.1263869, 52.8531006], [12.1239495, 52.8538257], [12.1332833, 52.8657539], [12.1200586, 52.8754442], [12.1229756, 52.889169], [12.1287281, 52.8935722], [12.1253108, 52.8943563], [12.1187597, 52.8882904], [12.1127995, 52.875821], [12.0985654, 52.8777539], [12.0821779, 52.8770099], [12.0816524, 52.8820153], [12.0764022, 52.8864148], [12.0664421, 52.8838118], [12.0665046, 52.8867447], [12.0558911, 52.889048], [12.0486324, 52.8862353], [12.0442381, 52.8893008], [12.0287331, 52.8880694], [12.0225644, 52.8903795], [12.0185311, 52.8882526], [12.0059488, 52.8871819], [12.0069861, 52.8838373], [12.004612, 52.8817871], [11.9931856, 52.8820585], [11.9897057, 52.8809898], [11.9875751, 52.8768465], [11.9799081, 52.8761124], [11.9608676, 52.881315], [11.9597118, 52.8788721], [11.9481414, 52.8874388], [11.9413109, 52.889503], [11.8949539, 52.8941734], [11.8861521, 52.8981268], [11.8754084, 52.9077535], [11.8703649, 52.9093322], [11.8344899, 52.9101449], [11.827191, 52.9139175], [11.8232884, 52.9212496], [11.8293164, 52.9294587], [11.8467207, 52.9400069], [11.849149, 52.945952], [11.8462163, 52.9513204], [11.8288888, 52.9576449], [11.7881341, 52.9602078], [11.7788476, 52.9657705], [11.7690313, 52.977028], [11.7615174, 52.9824405], [11.7430769, 52.987857], [11.728097, 52.9871128], [11.7029117, 52.9774854], [11.6920565, 52.9791611], [11.6853829, 52.9840635], [11.6836987, 52.989109], [11.6841465, 53.0003447], [11.6762964, 53.0082209], [11.6670186, 53.0094355], [11.6533965, 53.0058303], [11.6424521, 53.0053821], [11.6330271, 53.0078816], [11.6270382, 53.0119632], [11.6250735, 53.0154347], [11.6257984, 53.0195836], [11.6418957, 53.0337257], [11.6409546, 53.0372144], [11.6377146, 53.0393676], [11.6307528, 53.0414781], [11.6201218, 53.0415085], [11.5977828, 53.0358094], [11.5847164, 53.035511], [11.5667174, 53.0404517], [11.5519999, 53.0513555], [11.5456481, 53.0526293], [11.5260309, 53.0468937], [11.510955, 53.0473051], [11.4961251, 53.0526872], [11.4609766, 53.0757746], [11.4463465, 53.0784762], [11.4030603, 53.0724857], [11.3534099, 53.0545667], [11.3405373, 53.0547257], [11.3285825, 53.0607113], [11.3104289, 53.0772635], [11.2898194, 53.0856894], [11.2735654, 53.0966781], [11.268322, 53.1026298], [11.2693509, 53.1165544], [11.2662278, 53.1220488], [11.283199, 53.1214611], [11.2838045, 53.1199213], [11.2897737, 53.1188978], [11.2904028, 53.1169138], [11.3098911, 53.1158844], [11.3238881, 53.1193025], [11.3320639, 53.1168493], [11.3302567, 53.1152909], [11.3460175, 53.1121639], [11.3640776, 53.1154177], [11.3724044, 53.1145098], [11.375085, 53.1121561], [11.3777656, 53.113426], [11.381294, 53.1118352], [11.3917344, 53.1119463], [11.3937112, 53.1098405], [11.4023177, 53.11459], [11.392723, 53.1279795], [11.392671, 53.1339826], [11.3954171, 53.1401786], [11.4045833, 53.1371834], [11.4129188, 53.1367978], [11.416183, 53.1370337], [11.4215299, 53.1411056], [11.4377122, 53.1366894], [11.4598562, 53.1402458], [11.4736404, 53.13454], [11.4734805, 53.1267773], [11.4841315, 53.1291134], [11.5004543, 53.1264991], [11.5025587, 53.1210465], [11.5094481, 53.1254459], [11.5346403, 53.1252177], [11.5364255, 53.1292676], [11.5486346, 53.1307084], [11.5468299, 53.1347201], [11.5558495, 53.1387783], [11.5531689, 53.1417744], [11.5501748, 53.1512588], [11.5566724, 53.1504334], [11.5555694, 53.1531379], [11.5576712, 53.1564275], [11.5654391, 53.1646972], [11.5694346, 53.1655016], [11.568598, 53.1703758], [11.5622419, 53.1759342], [11.567015, 53.1824187], [11.5564636, 53.1851268], [11.5592541, 53.1881678], [11.5567854, 53.1943091], [11.5591849, 53.2022552], [11.5509481, 53.2082295], [11.5632371, 53.21294], [11.576497, 53.2119062], [11.5866894, 53.2146], [11.6047714, 53.2279396], [11.6165363, 53.2302648], [11.618961, 53.2367977], [11.6290093, 53.2419972], [11.6398577, 53.2384917], [11.6587888, 53.2402956], [11.6619372, 53.2439882], [11.6908857, 53.2415157], [11.6941362, 53.2439574], [11.6996074, 53.2440914], [11.7026261, 53.2399457], [11.7084438, 53.2374499], [11.7070834, 53.2339706], [11.7261295, 53.231659], [11.7281992, 53.2287444], [11.7284974, 53.2169497], [11.7484343, 53.2195515], [11.7665863, 53.2270468], [11.8161457, 53.2255063], [11.8278508, 53.2274662], [11.8317432, 53.2298469], [11.8316112, 53.233868], [11.8224079, 53.2414101], [11.8173489, 53.2450298], [11.8040287, 53.2467311], [11.7959488, 53.2533115], [11.7993198, 53.2546062], [11.832716, 53.251287], [11.845555, 53.251861], [11.849331, 53.249729], [11.861657, 53.248446], [11.866022, 53.255916], [11.872355, 53.26025], [11.884691, 53.264577], [11.88948, 53.268988], [11.892509, 53.272786], [11.892566, 53.278955], [11.918203, 53.273492], [11.94502, 53.274342], [11.948175, 53.271419], [11.954299, 53.273709], [11.956361, 53.275915], [11.955225, 53.278726], [11.965594, 53.285226], [11.971661, 53.292139], [11.973662, 53.297528], [11.982438, 53.298583], [11.997337, 53.293724], [12.002497, 53.299545], [12.018622, 53.299422], [12.023709, 53.304355], [12.018916, 53.315399], [12.022287, 53.321207], [12.0140259, 53.3342296], [12.0233253, 53.3365937], [12.022755, 53.3378726], [12.0400498, 53.3452612], [12.0557527, 53.3491535], [12.0525163, 53.3519274], [12.0565115, 53.3528113], [12.0545207, 53.3562467], [12.0510919, 53.3601897], [12.0469359, 53.3608207], [12.0478769, 53.3647687], [12.0510329, 53.3667077], [12.0450294, 53.3707565], [12.061792, 53.371256], [12.077534, 53.369266], [12.079668, 53.366857], [12.079191, 53.360076], [12.081924, 53.346194], [12.106835, 53.34353], [12.109063, 53.343974], [12.108434, 53.349974], [12.134724, 53.348606], [12.134907, 53.351464], [12.139216, 53.353801], [12.139637, 53.361395], [12.141279, 53.359144], [12.151788, 53.361457], [12.155851, 53.355873], [12.156826, 53.349601], [12.168702, 53.339156], [12.186751, 53.343462], [12.187568, 53.346376], [12.184621, 53.346978], [12.189266, 53.353346], [12.212093, 53.352971], [12.222506, 53.35764], [12.229785, 53.358135], [12.230373, 53.352925], [12.236312, 53.341718], [12.241749, 53.338434], [12.24534, 53.333017], [12.259128, 53.328041], [12.256958, 53.325342], [12.260042, 53.323897], [12.271411, 53.324067], [12.279356, 53.327427], [12.2916, 53.328976], [12.310277, 53.327242], [12.310646, 53.323211], [12.325393, 53.321278], [12.3319566, 53.3176838], [12.3523264, 53.3129702], [12.3615102, 53.3071894], [12.3746235, 53.3057974], [12.3815145, 53.3025088], [12.3945068, 53.301704], [12.3984732, 53.2944802], [12.3920423, 53.2848889], [12.3996192, 53.2792206], [12.4100432, 53.2795893], [12.4291953, 53.2741094], [12.4321167, 53.2709547], [12.4317337, 53.2627553], [12.4352492, 53.2574923], [12.4399285, 53.2556795], [12.4457584, 53.2497988], [12.4652096, 53.2561837], [12.4987684, 53.255443], [12.5014249, 53.2571259], [12.5010909, 53.2617413], [12.5297914, 53.2646212], [12.5485785, 53.2621267], [12.5718311, 53.2540628], [12.5980782, 53.2483826], [12.6015107, 53.244983], [12.6056451, 53.2443351], [12.6153095, 53.2486307], [12.6172741, 53.2517434], [12.624699, 53.2517814], [12.6279294, 53.2547221], [12.6601754, 53.2546494], [12.6659826, 53.2531696], [12.6677864, 53.2481842], [12.6749053, 53.2486382], [12.6751003, 53.2466084], [12.6660638, 53.241234], [12.665362, 53.2389752], [12.6698993, 53.2372055], [12.6638843, 53.2345087], [12.6649082, 53.232219], [12.6706604, 53.2296943], [12.6831766, 53.22635], [12.6966381, 53.2272004], [12.716098, 53.2245407], [12.7214894, 53.2218841], [12.7422304, 53.2231786], [12.7494653, 53.2256274], [12.757725, 53.2240936], [12.7564904, 53.2178453], [12.7495237, 53.2060546], [12.7392262, 53.1997659], [12.7588395, 53.1951249], [12.7642528, 53.1889716], [12.7819111, 53.187355], [12.7900738, 53.1907497], [12.7956959, 53.1895668], [12.8095516, 53.1972461], [12.8124672, 53.1970781], [12.8099596, 53.1949194], [12.814639, 53.1918487], [12.8162533, 53.1956191], [12.8205583, 53.1932518], [12.8245692, 53.1967702], [12.8379717, 53.1970247], [12.8413738, 53.2001043], [12.8461889, 53.2011856], [12.8548669, 53.1955272], [12.8551457, 53.1912801], [12.8587948, 53.1881285], [12.8675079, 53.1867977], [12.8797182, 53.1793587], [12.8868131, 53.1804196], [12.8895586, 53.1874065], [12.9016425, 53.1896321], [12.9031596, 53.1936445], [12.9132511, 53.1950946], [12.9246909, 53.1959072], [12.930711, 53.1933815], [12.9277191, 53.1899288], [12.9197335, 53.1883496], [12.9201048, 53.1862982], [12.9350465, 53.1882931], [12.9422454, 53.1856139], [12.9443215, 53.1870289], [12.9438976, 53.1904852], [12.9365193, 53.1942324], [12.9422148, 53.1953389], [12.9479612, 53.1991169], [12.9654435, 53.2002456], [12.9768528, 53.1974405], [12.9767409, 53.1941678], [12.9803584, 53.1920811], [12.9797949, 53.1908104], [12.9634527, 53.1857119], [12.960351, 53.1836671], [12.9618981, 53.1811271], [12.9463998, 53.1781626], [12.9421024, 53.1744668], [12.9448303, 53.172275], [12.948503, 53.172605], [12.9610053, 53.1775912], [12.9650601, 53.1759028], [12.9682398, 53.1664809], [12.980444, 53.1627344], [12.985622, 53.1644506], [12.9840996, 53.1670523], [12.9916532, 53.1686858], [12.9999989, 53.1694218], [13.0021637, 53.1690641], [13.0017221, 53.1669736], [13.0070589, 53.1677963], [13.0054021, 53.1698216], [13.0093691, 53.1729753], [13.0131418, 53.1725036], [13.0198856, 53.1760482], [13.0187246, 53.1853212], [13.0288491, 53.1861064], [13.0287019, 53.1887101], [13.0314095, 53.1915886], [13.0391423, 53.1934844], [13.0429467, 53.1968692], [13.0529964, 53.1999921], [13.0635965, 53.2005891], [13.0693703, 53.2036356], [13.0727309, 53.200286], [13.078718, 53.200462], [13.0771451, 53.2043146], [13.0811694, 53.209457], [13.0855777, 53.210067], [13.0840309, 53.2127527], [13.0879842, 53.2134966], [13.0869773, 53.2153314], [13.0934593, 53.2171663], [13.0966079, 53.2130127], [13.1065303, 53.2149576], [13.1050934, 53.21989], [13.1079159, 53.2254294], [13.1041252, 53.2362782], [13.1180484, 53.2412236], [13.1328997, 53.2371758], [13.1327487, 53.2393681], [13.1378228, 53.2451125], [13.1498078, 53.25066], [13.1521234, 53.251033], [13.1524235, 53.2462725], [13.1643476, 53.2501562], [13.1711605, 53.2503732], [13.1740061, 53.2470206], [13.1776766, 53.2473106], [13.180433, 53.2512282], [13.1875151, 53.2463718], [13.1910677, 53.2396426], [13.1907648, 53.2350121], [13.2034882, 53.2212598], [13.2130847, 53.2209089], [13.2297847, 53.2166111], [13.2388731, 53.225434], [13.2373356, 53.2277648], [13.2412206, 53.2319034], [13.2422598, 53.2376283], [13.2400152, 53.2373883], [13.2402211, 53.2386701], [13.2437003, 53.2389499], [13.2478098, 53.2428547], [13.2461831, 53.2440336], [13.25059, 53.2463107], [13.2489732, 53.2484851], [13.2470377, 53.2469559], [13.2438266, 53.2483182], [13.2462288, 53.2498987], [13.2472486, 53.2556307], [13.2536275, 53.2595819], [13.2524432, 53.2621029], [13.2587142, 53.2612471], [13.2624607, 53.2637788], [13.2754716, 53.2651335], [13.2783008, 53.2699127], [13.2837607, 53.2725895], [13.2843346, 53.2751193], [13.288536, 53.2748283], [13.2984543, 53.2809696], [13.3378704, 53.2732806], [13.3410912, 53.2732578], [13.3404276, 53.2762304], [13.3479775, 53.2779837], [13.360916, 53.2777589], [13.3691094, 53.2700227], [13.3704898, 53.261924], [13.3822604, 53.2503689], [13.3858015, 53.2502775], [13.3860713, 53.2447841], [13.3891964, 53.2427328], [13.4057115, 53.2468237], [13.403537, 53.2494315], [13.4085432, 53.2582282], [13.4072568, 53.2594673], [13.4085325, 53.2627059], [13.4134637, 53.2632369], [13.4152758, 53.2664808], [13.4209384, 53.269839], [13.4289234, 53.2800638], [13.4276756, 53.2812726], [13.4316442, 53.2843702], [13.4349316, 53.2827159], [13.4425197, 53.2865195], [13.4341942, 53.2901716], [13.4387458, 53.2919133], [13.4353609, 53.2943957], [13.4378102, 53.299583], [13.456659, 53.2977339], [13.4566209, 53.2929595], [13.4604718, 53.2888422], [13.4835895, 53.2912283], [13.4972398, 53.3018824], [13.4961535, 53.3061619], [13.5073581, 53.3162963], [13.5020686, 53.3241192], [13.5025447, 53.3274279], [13.5083396, 53.3229756], [13.5103506, 53.3177798], [13.523603, 53.3199168], [13.52112, 53.3323565], [13.523225, 53.3347077], [13.5194879, 53.3380213], [13.5205152, 53.3410941], [13.5247035, 53.3434409], [13.5251656, 53.3509481], [13.5163553, 53.3521346], [13.5261371, 53.3672521], [13.5341988, 53.3643553], [13.5430232, 53.3639084], [13.5479467, 53.3723694], [13.5561682, 53.3760389], [13.5564418, 53.3797868], [13.5502196, 53.3809867], [13.5542809, 53.3830947], [13.5560255, 53.3865957], [13.5546785, 53.3896753], [13.5564472, 53.3918037], [13.5470669, 53.3925458], [13.5458728, 53.3943932], [13.5496252, 53.3954708], [13.5503344, 53.3993534], [13.5635561, 53.4003279], [13.5701184, 53.4033652], [13.5692821, 53.4052404], [13.5724394, 53.4078941], [13.5894377, 53.4097171], [13.5932058, 53.4077299], [13.5971283, 53.4105183], [13.6065235, 53.4109576], [13.6100973, 53.4136506], [13.617762, 53.413233], [13.6213229, 53.4089329], [13.6247668, 53.4089757], [13.6364827, 53.4240248], [13.6289212, 53.4320075], [13.637221, 53.4324863], [13.6364388, 53.4341699], [13.6390632, 53.4380251], [13.6339103, 53.4398062], [13.6405896, 53.4471123], [13.6485598, 53.4455056], [13.6513134, 53.4430361], [13.6517725, 53.4458592], [13.6551264, 53.4476132], [13.6542691, 53.4511581], [13.66254, 53.4574036], [13.6708291, 53.4589789], [13.6794465, 53.46484], [13.7013859, 53.4728704], [13.7117843, 53.4813703], [13.7262596, 53.4828822], [13.7384047, 53.4812937], [13.7413444, 53.4861176], [13.7457926, 53.485252], [13.7472109, 53.4812605], [13.7534186, 53.478109], [13.7803652, 53.4741667], [13.8021318, 53.4783886], [13.8121129, 53.4841348], [13.8197361, 53.4903176], [13.8260962, 53.4988664], [13.8077198, 53.5016616], [13.8020292, 53.4978326], [13.7953816, 53.5066153], [13.7918647, 53.5085454], [13.7925803, 53.5109374], [13.7780052, 53.513742], [13.7807475, 53.5216323], [13.7768808, 53.5270008], [13.7763884, 53.5310172], [13.7842376, 53.5517065], [13.7911487, 53.5583617], [13.7999768, 53.5590907], [13.8020449, 53.5554861], [13.7998169, 53.554915], [13.7984233, 53.5461098], [13.823488, 53.5217006], [13.8218497, 53.5180723], [13.8488627, 53.5149082], [13.8797403, 53.5040119], [13.8763897, 53.499959], [13.8769819, 53.4959651], [13.8740551, 53.4941595], [13.8733567, 53.4902729], [13.8764595, 53.4862628], [13.8847668, 53.4853027], [13.8755325, 53.4732915], [13.9181378, 53.4554101], [13.9164523, 53.4546428], [13.9184471, 53.4521878], [13.9174507, 53.4467653], [13.9053447, 53.4448429], [13.911816, 53.43719], [13.9029057, 53.4318102], [13.9076307, 53.4262226], [13.9181551, 53.4219135], [13.924344, 53.4254802], [13.9463155, 53.4308429], [13.9624189, 53.4302361], [14.0012626, 53.4349135], [14.0067483, 53.4305088], [14.0452866, 53.4293777], [14.0509722, 53.4136848], [14.0565855, 53.4124813], [14.0707369, 53.4150252], [14.081912, 53.4108468], [14.0836308, 53.4122959], [14.0817661, 53.4149484], [14.0938854, 53.4220522], [14.1055239, 53.4226764], [14.1090816, 53.4288066], [14.1219294, 53.441704], [14.1341731, 53.4389943], [14.1365399, 53.4409109], [14.1698855, 53.4251135], [14.1793759, 53.4225261], [14.2059029, 53.4230204], [14.2248157, 53.4342922], [14.233107, 53.4280612], [14.2377204, 53.4275345], [14.2423338, 53.4219245], [14.2374489, 53.414219], [14.2415398, 53.4067942], [14.2437564, 53.3946138], [14.2415462, 53.3871126], [14.2271353, 53.3627687], [14.206302, 53.3426041], [14.169088, 53.3182437], [14.1352449, 53.300097], [14.1119183, 53.2842005], [14.1046785, 53.2769056], [14.0990281, 53.2614698], [14.1246834, 53.2602919], [14.142762, 53.2654582], [14.1618566, 53.2677462], [14.1765235, 53.26223], [14.187071, 53.2604841], [14.2001879, 53.2618413], [14.2111712, 53.2547064], [14.2646266, 53.2591029], [14.2659666, 53.2596812], [14.2656812, 53.2660665], [14.2619808, 53.2765023], [14.3020606, 53.2862077], [14.3008149, 53.2884326], [14.3156692, 53.3064815], [14.3163464, 53.3122793], [14.3486176, 53.3099014], [14.3500011, 53.3135766], [14.3623393, 53.3150915], [14.3617508, 53.317564], [14.3748434, 53.3152811], [14.3804823, 53.3198142], [14.3810592, 53.3236622], [14.4022591, 53.3300645], [14.4122208, 53.3295304], [14.4154534, 53.324377], [14.4068027, 53.3087286], [14.4149147, 53.3019391], [14.4212047, 53.2761369], [14.4452493, 53.2744333], [14.4442569, 53.2722057], [14.4493492, 53.2646998], [14.4495511, 53.2599808], [14.435082, 53.2483355], [14.4305278, 53.2391186], [14.4213227, 53.2342443], [14.4094315, 53.2239066], [14.4055868, 53.2105641], [14.3983966, 53.2065893], [14.3807878, 53.2032862], [14.3762473, 53.1991306], [14.3733324, 53.1851759], [14.369322, 53.1793496], [14.3667773, 53.1684511], [14.3706346, 53.1576126], [14.3864198, 53.1406746], [14.3833471, 53.134855], [14.3777081, 53.1112494], [14.3696228, 53.1021499], [14.3680499, 53.0864315], [14.3499848, 53.0573918], [14.3372475, 53.0469444], [14.3194977, 53.0390802], [14.3006064, 53.0252988], [14.257073, 53.0019791], [14.2328945, 52.9924638], [14.2060467, 52.9862379], [14.1727787, 52.9745691], [14.161376, 52.9654914], [14.1439364, 52.961109], [14.140041, 52.950481], [14.1439113, 52.944503], [14.1431128, 52.9349857], [14.1501626, 52.9147926], [14.1528317, 52.9006435], [14.1599728, 52.8912664], [14.1608139, 52.8867713], [14.1566511, 52.8742105], [14.1304236, 52.8529282], [14.123555, 52.8443832], [14.1230052, 52.8377648], [14.129238, 52.8288167], [14.1417447, 52.8240545], [14.2163893, 52.8167731], [14.2488505, 52.7922457], [14.2802902, 52.7742682], [14.305679, 52.7654299], [14.3276688, 52.7603608], [14.3504311, 52.751291], [14.362662, 52.740224], [14.3742491, 52.7358276], [14.3864886, 52.7229372], [14.4009424, 52.7137713], [14.4159285, 52.6996833], [14.4250523, 52.6947366], [14.4327052, 52.6816353], [14.449205, 52.6777908], [14.4566122, 52.6739554], [14.4652296, 52.6614111], [14.512737, 52.6406471], [14.5673192, 52.6236888], [14.5816497, 52.6156018], [14.5962113, 52.6106429], [14.609414, 52.5980025], [14.6114712, 52.5895401], [14.6142877, 52.5862639], [14.6390136, 52.5733174], [14.6395116, 52.5691859], [14.637479, 52.5665272], [14.6153787, 52.5540644], [14.6136653, 52.5447224], [14.6063256, 52.5374131], [14.6038381, 52.5310308], [14.6104905, 52.5188353], [14.6122974, 52.5107862], [14.6323097, 52.5012805], [14.6353494, 52.4959741], [14.6339257, 52.4914836], [14.6242424, 52.4822945], [14.6128203, 52.476832], [14.6087608, 52.4638329], [14.5999918, 52.4590708], [14.5939838, 52.4525545], [14.5856222, 52.4485459], [14.5788254, 52.4415686], [14.5594594, 52.4390887], [14.5481154, 52.4323373], [14.5439612, 52.425505], [14.5465301, 52.4126915], [14.5355281, 52.4007287], [14.5343762, 52.3949997], [14.5514734, 52.375667], [14.5529658, 52.370923], [14.5525283, 52.3519878], [14.5626074, 52.339391], [14.5614399, 52.3278059], [14.5749323, 52.3226189], [14.5777433, 52.3194529], [14.5780759, 52.3128892], [14.5848295, 52.3063473], [14.583445, 52.3016589], [14.5744976, 52.2952201], [14.5752882, 52.2890477], [14.5864567, 52.2843088], [14.5919141, 52.2753664], [14.5986799, 52.2723256], [14.6195197, 52.2707468], [14.6407805, 52.2638597], [14.689475, 52.2567582], [14.6988057, 52.2523481], [14.7051845, 52.2429511], [14.7155504, 52.2361278], [14.7160287, 52.2327561], [14.7128671, 52.2281782], [14.7125452, 52.2222375], [14.708392, 52.2116715], [14.6995983, 52.2037482], [14.6882788, 52.197932], [14.6858141, 52.193906], [14.6879381, 52.1892951], [14.7028631, 52.1784994], [14.7055672, 52.1689142], [14.701957, 52.1630913], [14.680016, 52.1433834], [14.6794487, 52.1402495], [14.6841094, 52.1256432], [14.6818121, 52.1156403], [14.6874394, 52.1076412], [14.7002558, 52.0981084], [14.7208928, 52.094625], [14.741175, 52.0851873], [14.759094, 52.065383], [14.756702, 52.060161], [14.745449, 52.054332], [14.7458683, 52.0465394], [14.7498591, 52.0430343], [14.7475285, 52.0366419], [14.7484224, 52.031928], [14.7402172, 52.0287557], [14.7415102, 52.0235596], [14.7265843, 52.0137258], [14.7252151, 52.0082063], [14.7140288, 52.0036828], [14.7189052, 51.9997147], [14.7216594, 51.9944745], [14.7175619, 51.9887887], [14.7162525, 51.9825599], [14.7114664, 51.979619], [14.7070754, 51.9796121], [14.7048546, 51.976008], [14.7069034, 51.9735673], [14.7072324, 51.9657165], [14.7134859, 51.9575091], [14.7189602, 51.9552818], [14.7212866, 51.9513151], [14.7193663, 51.9419306], [14.712555, 51.9367892], [14.7066454, 51.9354945], [14.7033945, 51.930887], [14.7055167, 51.9236617], [14.702198, 51.9210024], [14.6987665, 51.9132741], [14.691023, 51.907773], [14.6941836, 51.9018952], [14.6808864, 51.8952364], [14.6746104, 51.8944701], [14.6734816, 51.8931884], [14.6749038, 51.8897749], [14.6628032, 51.8902347], [14.6619453, 51.8870717], [14.6548339, 51.8837971], [14.6521474, 51.8737906], [14.6464132, 51.8719786], [14.6438847, 51.8671973], [14.6349672, 51.8655384], [14.6243792, 51.858191], [14.6111046, 51.8571313], [14.6071538, 51.8520417], [14.6124817, 51.845501], [14.6093662, 51.844971], [14.6083503, 51.8474815], [14.6049865, 51.8480951], [14.6032256, 51.8470352], [14.6059347, 51.8426418], [14.6044673, 51.8398661], [14.5962723, 51.8422094], [14.5904025, 51.8384573], [14.5931794, 51.8300591], [14.5898156, 51.8271012], [14.5901069, 51.8213615], [14.5969142, 51.817527], [14.600752, 51.8126702], [14.601181, 51.8086085], [14.6071862, 51.8037926], [14.6133945, 51.804016], [14.6238697, 51.8004281], [14.6321324, 51.8015729], [14.636309, 51.7974683], [14.6454747, 51.7955276], [14.6490911, 51.787129], [14.6538602, 51.78369], [14.652675, 51.779655], [14.654995, 51.774813], [14.654711, 51.767595], [14.650747, 51.76395], [14.6508076, 51.7612483], [14.664145, 51.756807], [14.6573496, 51.7533273], [14.659991, 51.7489946], [14.6561983, 51.7411809], [14.6613004, 51.7374483], [14.6681634, 51.725857], [14.677818, 51.7225847], [14.680634, 51.7171175], [14.6899816, 51.7087743], [14.701237, 51.7048481], [14.7283506, 51.6887282], [14.7378099, 51.6873706], [14.7393902, 51.6838995], [14.7368391, 51.68075], [14.7376744, 51.6784963], [14.7471736, 51.6759453], [14.7493235, 51.6705024], [14.7528679, 51.6680941], [14.7534502, 51.6639321], [14.7575189, 51.6611674], [14.7548951, 51.6555155], [14.750993, 51.6526116], [14.7559339, 51.6455378], [14.7540289, 51.6413198], [14.7561419, 51.6325628], [14.7533399, 51.6278728], [14.7632929, 51.6192498], [14.7653037, 51.6081384], [14.7609069, 51.6023518], [14.7534159, 51.5993038], [14.7521819, 51.5957208], [14.741962, 51.5929382], [14.7307879, 51.5844118], [14.7298948, 51.5817747], [14.7204904, 51.5864081], [14.7205836, 51.588448], [14.7110308, 51.5958535], [14.6965327, 51.5966989], [14.698353, 51.5897003], [14.7067647, 51.5767879], [14.7019615, 51.5754144], [14.6989229, 51.5769662], [14.6927868, 51.576323], [14.6964161, 51.5751704], [14.6910492, 51.5620583], [14.6834412, 51.5553071], [14.6741277, 51.5508515], [14.6638382, 51.5529802], [14.6642961, 51.554647], [14.6384557, 51.5543819], [14.6310501, 51.5508661], [14.6095835, 51.5501429], [14.6036464, 51.5551053], [14.6061851, 51.5573784], [14.6017121, 51.5610955], [14.5990374, 51.5711946], [14.5969773, 51.5727399], [14.5829814, 51.5745567], [14.5805948, 51.5805357], [14.567713, 51.5811103], [14.5596045, 51.5729908], [14.5515591, 51.5719452], [14.5444527, 51.5736141], [14.5476931, 51.5636842], [14.5449696, 51.56168], [14.5251987, 51.5585615], [14.5163272, 51.5541184], [14.5087191, 51.5582885], [14.5066919, 51.5569913], [14.4998093, 51.5592932], [14.4667348, 51.5572601], [14.4652763, 51.5552794], [14.4634168, 51.5557647], [14.4642032, 51.5571141], [14.4563739, 51.5565356], [14.4506947, 51.5558756], [14.4469704, 51.5528579], [14.4477149, 51.5420385], [14.4413482, 51.5446656], [14.4094843, 51.5371793], [14.3988708, 51.5417187], [14.3871235, 51.5415666], [14.385589, 51.5337725], [14.3746086, 51.5323305], [14.3562037, 51.5217945], [14.340523, 51.5210504], [14.3395902, 51.5177858], [14.3430817, 51.5177628], [14.3410231, 51.5126704], [14.3421297, 51.5106214], [14.3382576, 51.506078], [14.3323289, 51.5048989], [14.327192, 51.507366], [14.3229393, 51.5193555], [14.3016732, 51.5249264], [14.2935718, 51.5250197], [14.2735365, 51.5322886], [14.2534681, 51.5319181], [14.2531176, 51.5292091], [14.2471797, 51.5278447], [14.2424633, 51.5288676], [14.2451379, 51.5309654], [14.2422603, 51.5330861], [14.2286423, 51.532838], [14.2209103, 51.5380873], [14.2122725, 51.539918], [14.1752361, 51.5392087], [14.1664483, 51.5411734], [14.148421, 51.5412722], [14.1427817, 51.5440349], [14.1366017, 51.5433329], [14.1308617, 51.5379654], [14.1298589, 51.533235], [14.1329736, 51.5282036], [14.1422984, 51.5229662], [14.1383109, 51.5236831], [14.1350755, 51.5211734], [14.117365, 51.523077], [14.1085124, 51.521879], [14.1009687, 51.5143598], [14.099762, 51.5076195], [14.0967556, 51.503645], [14.0970797, 51.4993414], [14.0863824, 51.493536], [14.0738063, 51.492216], [14.0889395, 51.4777788], [14.072531, 51.4722072], [14.0386218, 51.480039], [14.0327439, 51.475003], [14.0361324, 51.471464], [14.0547769, 51.4612103], [14.0554318, 51.4586506], [14.0525035, 51.4514704], [14.0625871, 51.4454212], [14.043766, 51.4397486], [14.0368772, 51.4345371], [14.0449371, 51.4315355], [14.0464888, 51.4281249], [14.038374, 51.4284153], [14.0435114, 51.4245875], [14.0448615, 51.4190734], [14.0370347, 51.4169165], [14.0274612, 51.408407], [14.0205673, 51.4080439], [14.015904, 51.4044893], [14.0174859, 51.4014297], [14.0257477, 51.4016587], [14.0281224, 51.3962643], [14.0111739, 51.3982829], [14.0037841, 51.3955362], [14.0037881, 51.3931554], [14.0081705, 51.3919886], [14.0060929, 51.388078], [13.9977742, 51.3853813], [13.9961445, 51.3830085], [13.9990741, 51.3798609], [14.0005961, 51.3725367], [13.9704635, 51.3756991], [13.9723748, 51.3934341], [13.9555272, 51.3973285], [13.9398287, 51.3891383], [13.9081475, 51.3827377], [13.9094884, 51.3784232], [13.8997239, 51.3763363], [13.8906213, 51.3774311], [13.8829025, 51.3744294], [13.8691345, 51.376497], [13.864905, 51.3782588], [13.8632712, 51.3817154], [13.8342604, 51.3837519], [13.8371091, 51.3786755], [13.8353753, 51.3766612], [13.8294492, 51.375712], [13.8197487, 51.3694758], [13.8072877, 51.3727739], [13.7843122, 51.3701759], [13.7802898, 51.368974], [13.7764595, 51.3609629], [13.765993, 51.3626456], [13.7633275, 51.359064], [13.7621266, 51.3650223], [13.7690994, 51.3694469], [13.7677238, 51.3716965], [13.7655188, 51.370244], [13.7555876, 51.3716988], [13.7508755, 51.3652994], [13.7389873, 51.3612031], [13.7272867, 51.364629], [13.7176042, 51.3634011], [13.7078456, 51.3649998], [13.6911129, 51.3739866], [13.6828072, 51.3677303], [13.6690121, 51.3757832], [13.6608565, 51.3689479], [13.6328816, 51.3685817], [13.6172239, 51.3709653], [13.5991486, 51.3686734], [13.5942643, 51.3694663], [13.595531, 51.3743647], [13.5911526, 51.3748906], [13.5919995, 51.3774123], [13.587666, 51.3819788], [13.5900256, 51.3842336], [13.5703327, 51.3856587], [13.5563599, 51.3790568], [13.5507855, 51.379267], [13.5460872, 51.3692268], [13.5425377, 51.3694054], [13.5378982, 51.3770466], [13.5380504, 51.3808288], [13.523314, 51.3809314], [13.5245583, 51.3855338], [13.5207259, 51.4036678], [13.4961461, 51.4031126], [13.4916366, 51.407884], [13.4629818, 51.4122143], [13.4655392, 51.4219182], [13.475845, 51.4185194], [13.4644762, 51.4271866], [13.4628916, 51.4222653], [13.4504974, 51.4224534], [13.449995, 51.4263947], [13.4460338, 51.430853], [13.4436545, 51.4287891], [13.4456304, 51.426024], [13.4338415, 51.4277636], [13.4285806, 51.4218119], [13.4218932, 51.4215682], [13.4231185, 51.4249531], [13.4301587, 51.4283221], [13.4272134, 51.4303338], [13.4289133, 51.4317737], [13.4267396, 51.4341065], [13.4229385, 51.4336905], [13.4199907, 51.4386935], [13.4120718, 51.439536], [13.4111524, 51.4429309], [13.4052165, 51.4463789], [13.4091149, 51.4495756], [13.400668, 51.454248], [13.3880863, 51.447832], [13.3886541, 51.4436661], [13.3817399, 51.4364857], [13.3740042, 51.4382295], [13.3758982, 51.4351623], [13.3785163, 51.4349821], [13.3773885, 51.4334613], [13.3827193, 51.4272585], [13.3786919, 51.4253011], [13.376304, 51.4248801], [13.357872, 51.4339409], [13.3574294, 51.4324528], [13.3489159, 51.4330781], [13.3380183, 51.4290951], [13.3344919, 51.4324546], [13.3332897, 51.4372755], [13.320841, 51.4373839], [13.325975, 51.4331881], [13.328584, 51.4264734], [13.3113595, 51.4223401], [13.3092358, 51.4175278], [13.2856229, 51.4107778], [13.2864519, 51.3992967], [13.2602114, 51.4014342], [13.2590683, 51.3951846], [13.2636744, 51.3945871], [13.263891, 51.3909156], [13.2703064, 51.3909114], [13.2686862, 51.3845847], [13.2636628, 51.3847675], [13.2617641, 51.3889722], [13.2559036, 51.3920967], [13.2509801, 51.3924017], [13.2508521, 51.393781], [13.2179195, 51.394949], [13.214107, 51.3967458], [13.2014204, 51.4182753], [13.2033999, 51.429609], [13.1977296, 51.4342095], [13.1929963, 51.4360862], [13.188559, 51.4337864], [13.1866513, 51.4300858], [13.1889251, 51.4261643], [13.1847142, 51.4237163], [13.1740322, 51.4282819], [13.175051, 51.4327334], [13.1788714, 51.4351102], [13.1880019, 51.4388789], [13.1918834, 51.4371471], [13.1925512, 51.4416026], [13.2032804, 51.4516046], [13.2023424, 51.4592267], [13.1892232, 51.4649139], [13.182631, 51.4713082], [13.1824979, 51.4759766], [13.1869761, 51.4854636], [13.1864651, 51.4883363], [13.1820917, 51.4919099], [13.1869259, 51.4922959], [13.1921166, 51.4880718], [13.1968691, 51.4884002], [13.2011988, 51.491789], [13.1966024, 51.4938908], [13.2026044, 51.4963528], [13.2016601, 51.4980599], [13.203905, 51.4986841], [13.2020191, 51.5039887], [13.2071251, 51.5048876], [13.2083488, 51.510546], [13.206341, 51.5178933], [13.2080416, 51.5242717], [13.2008416, 51.5257367], [13.1907373, 51.5388127], [13.1855657, 51.5579855], [13.1606204, 51.5587752], [13.1578826, 51.5642295], [13.1469493, 51.5636695], [13.1425838, 51.567988], [13.1414109, 51.5713936], [13.1523911, 51.5811746], [13.1545146, 51.5892737], [13.1616395, 51.5920504], [13.1543774, 51.6002525], [13.14379, 51.5973877], [13.1440719, 51.5998094], [13.1313226, 51.6079924], [13.120197, 51.6199859], [13.1148559, 51.6174982], [13.1146959, 51.6156144], [13.1101726, 51.6148394], [13.1111035, 51.6126577], [13.1069542, 51.6115288], [13.1039955, 51.6163352], [13.0971635, 51.6156672], [13.0992633, 51.6106738], [13.1037077, 51.6114938], [13.1050795, 51.608995], [13.1012911, 51.6102999], [13.0969607, 51.609171], [13.0986345, 51.6075312], [13.0945112, 51.6056003], [13.0859304, 51.608095], [13.0808139, 51.6175289], [13.0759766, 51.6201115], [13.0777493, 51.6210765], [13.0767734, 51.6222743], [13.0505478, 51.6475053], [13.1543119, 51.6864032], [13.1548573, 51.6888635], [13.1623651, 51.6917172], [13.15643, 51.6947539], [13.1610473, 51.6950669], [13.1605323, 51.6990114], [13.1541889, 51.7104741], [13.1620067, 51.7128849], [13.1697337, 51.7078915], [13.1709884, 51.712301], [13.1669299, 51.7179663], [13.1868819, 51.7156928], [13.1841673, 51.7197973], [13.18584, 51.722239], [13.1830694, 51.7230629], [13.1785798, 51.7312829], [13.1673314, 51.7350374], [13.1677483, 51.7383671], [13.1649866, 51.7414417], [13.1614632, 51.7405988], [13.1520961, 51.7442373], [13.1576477, 51.7451462], [13.1556279, 51.7475529], [13.1579935, 51.7506696], [13.1629137, 51.7507686], [13.1637328, 51.75484], [13.1494448, 51.759313], [13.155597, 51.764308], [13.1473163, 51.7665373], [13.1602685, 51.7754677], [13.1603868, 51.7841254], [13.1694162, 51.7827974], [13.1705286, 51.7871108], [13.1599963, 51.7879853], [13.1635105, 51.7924093], [13.1582884, 51.79754], [13.1611351, 51.7975536], [13.1599382, 51.7994245], [13.1629583, 51.8022352], [13.1621274, 51.8043278], [13.1535536, 51.8150037], [13.1474027, 51.8178022], [13.1496876, 51.8192309], [13.1487787, 51.8202253], [13.1451095, 51.8196886], [13.1400667, 51.8245712], [13.1425511, 51.8279664], [13.1393539, 51.8286287], [13.139029, 51.8308617], [13.135783, 51.832678], [13.1235123, 51.8551714], [13.1232708, 51.8579029], [13.1508301, 51.8596982], [13.1494992, 51.8723767], [13.1433637, 51.8727182], [13.1430672, 51.8759528], [13.140016, 51.8762081], [13.1387661, 51.8795856], [13.1321519, 51.8796], [13.1323568, 51.8824742], [13.1187891, 51.8831338], [13.1188615, 51.8765788], [13.0980307, 51.8730992], [13.0848831, 51.8737745], [13.0803977, 51.8673644], [13.0394518, 51.8708904], [13.0271733, 51.8785404], [13.0269088, 51.8810495], [13.0375713, 51.8802329], [13.0388876, 51.8819367], [13.0374309, 51.8908342], [13.0482244, 51.8917312], [13.0455042, 51.9006867], [13.0226753, 51.9032702], [13.0219174, 51.8966365], [13.0149257, 51.9015442], [13.0094433, 51.9028118], [12.9893944, 51.9041718], [12.9730658, 51.9009989], [12.9765306, 51.919889], [12.9562839, 51.9227233], [12.9606384, 51.9349328], [12.9358177, 51.9361281], [12.9169648, 51.9393281], [12.9149381, 51.9312473], [12.896212, 51.9274525], [12.8902597, 51.9283039], [12.8888155, 51.9348281], [12.8525581, 51.9351164], [12.8501915, 51.9591089], [12.845327, 51.9628504], [12.844325, 51.9675816], [12.812714, 51.9625014], [12.7910188, 51.9625219], [12.7761176, 51.9649351], [12.7765127, 51.9761681], [12.7735453, 51.9785508], [12.7630203, 51.9802439], [12.7562435, 51.9864987], [12.7429935, 51.9892143], [12.7303955, 51.988589], [12.711326, 51.9971397], [12.711667, 51.9997429], [12.6969521, 52.0029434], [12.6823189, 52.0034004], [12.6758183, 52.0067145], [12.6725436, 52.0116102], [12.6682922, 52.01306], [12.6556101, 52.012843], [12.6477494, 52.0075065], [12.644636, 51.9943092], [12.6142555, 51.9917397], [12.6153008, 51.9821731], [12.5972635, 51.98152], [12.539432, 51.9849224], [12.5399759, 51.9912665], [12.5349644, 52.0013828], [12.5358185, 52.0029283], [12.5054386, 52.0071795], [12.4940434, 52.0116148], [12.4846889, 52.0175951], [12.4807278, 52.0331749], [12.4607652, 52.0345856], [12.4516655, 52.024779], [12.4491521, 52.0165009], [12.429478, 52.0183326], [12.4204222, 52.0262326], [12.4103507, 52.0283763], [12.3980974, 52.0355064], [12.3895152, 52.0435958], [12.3597523, 52.0465778], [12.3482209, 52.0593063], [12.331956, 52.0671859], [12.3157201, 52.092546], [12.3013842, 52.0959584], [12.2848331, 52.1037659], [12.2764918, 52.1039277], [12.2697453, 52.114813], [12.2684965, 52.1239222], [12.2650322, 52.1305836], [12.2628551, 52.132729], [12.2474354, 52.1374594], [12.243153, 52.1409383], [12.2397211, 52.1471991], [12.2316977, 52.1548829], [12.2336795, 52.1627983], [12.2213511, 52.1658176], [12.2160434, 52.1705859]], [[13.1645286, 52.5987969], [13.1570558, 52.597627], [13.1435033, 52.589706], [13.1289619, 52.58730480000001], [13.1279616, 52.5831277], [13.1302597, 52.5830385], [13.1324743, 52.5796069], [13.1496095, 52.5833597], [13.1531561, 52.5789454], [13.1535443, 52.5732555], [13.1457959, 52.5606057], [13.1472848, 52.5558341], [13.1455742, 52.5527201], [13.1363322, 52.5527073], [13.1304676, 52.5559749], [13.1195007, 52.5303355], [13.1173799, 52.51706], [13.143181, 52.5196958], [13.1688227, 52.5092271], [13.1283335, 52.4798205], [13.1176933, 52.4773203], [13.1172345, 52.4732799], [13.1105565, 52.4656575], [13.1105027, 52.459997], [13.1126713, 52.45769], [13.109295, 52.4506349], [13.1190111, 52.4440092], [13.1231531, 52.4387089], [13.1120738, 52.4323102], [13.1127834, 52.4291958], [13.1045678, 52.4239826], [13.0993138, 52.4253441], [13.0958391, 52.421975], [13.088345, 52.4196325], [13.0907635, 52.4115602], [13.0973918, 52.4094186], [13.0989774, 52.4109595], [13.096450300000006, 52.41308889999999], [13.1008591, 52.4137605], [13.1010028, 52.4105389], [13.1061868, 52.4095621], [13.1071062, 52.4131811], [13.1096241, 52.4129411], [13.1117975, 52.4104799], [13.1063827, 52.40869], [13.1247813, 52.3968694], [13.1335094, 52.3993665], [13.1381026, 52.3978562], [13.1351269, 52.397375], [13.1389502, 52.3959923], [13.131491, 52.3918818], [13.1301674, 52.3904968], [13.1311979, 52.39183610000001], [13.1272922, 52.3916083], [13.1267317, 52.3895836], [13.1310825, 52.3872512], [13.1339786, 52.3887364], [13.1303736, 52.3903662], [13.1418185, 52.3970996], [13.1588692, 52.393939], [13.1717627, 52.3956432], [13.1711659, 52.3978282], [13.1577955, 52.3963564], [13.1592412, 52.4027742], [13.1972438, 52.4155376], [13.2250586, 52.4210782], [13.2459511, 52.4211746], [13.2497797, 52.4049794], [13.2580731, 52.4063947], [13.2669655, 52.4042812], [13.2742071, 52.40478989999999], [13.2967517, 52.4162514], [13.2959288, 52.4145035], [13.3120638, 52.3991062], [13.3433438, 52.4117204], [13.3430551, 52.407686], [13.3593662, 52.39846889999999], [13.3719482, 52.3937967], [13.3703524, 52.3884274], [13.3872981, 52.3885717], [13.3884283, 52.3778616], [13.4208126, 52.3761384], [13.4274477, 52.3861653], [13.4184228, 52.40707950000001], [13.4187486, 52.4099774], [13.4635491, 52.42107969999999], [13.4680167, 52.4200319], [13.4776104, 52.40342519999999], [13.4797604, 52.3959454], [13.516005, 52.4017887], [13.5296951, 52.39730329999999], [13.5384314, 52.4006334], [13.5351522, 52.3935167], [13.5354896, 52.3889908], [13.5642134, 52.3881399], [13.5926946, 52.39381229999999], [13.5953647, 52.3867633], [13.6063923, 52.3791178], [13.6058187, 52.373621], [13.6285124, 52.3813544], [13.6332204, 52.3762397], [13.6426772, 52.3775054], [13.6421007, 52.3708071], [13.6468285, 52.3701515], [13.6471965, 52.367059], [13.6390837, 52.3609622], [13.6363196, 52.3468193], [13.6428165, 52.3399413], [13.6484243, 52.3382725], [13.6516975, 52.3394659], [13.651154300000002, 52.3426021], [13.6561178, 52.3478165], [13.657088, 52.3516163], [13.6662071, 52.3580878], [13.6666653, 52.3623625], [13.6711913, 52.36648719999999], [13.6821489, 52.3696395], [13.6922028, 52.3672074], [13.6999584, 52.3755917], [13.700405, 52.3775069], [13.6972122, 52.3774414], [13.6988354, 52.38150200000001], [13.6879163, 52.3829554], [13.686831, 52.3853033], [13.6906057, 52.3854968], [13.6982689, 52.3917691], [13.7001513, 52.3911444], [13.715869, 52.3996935], [13.7227897, 52.398257], [13.7311388, 52.4000058], [13.7342706, 52.4021367], [13.7353615, 52.4059831], [13.7390343, 52.4073353], [13.729807, 52.4163459], [13.7310695, 52.4205082], [13.737662, 52.4266934], [13.741277, 52.42676449999999], [13.7417266, 52.4281966], [13.7389408, 52.4288563], [13.7400963, 52.4324723], [13.729727, 52.4339755], [13.7263139, 52.4351868], [13.7228074, 52.4371442], [13.7314302, 52.4338025], [13.7428856, 52.4329383], [13.7440755, 52.4380708], [13.7505078, 52.4414814], [13.756302, 52.4416095], [13.7544459, 52.4366805], [13.7599901, 52.4361695], [13.7611609, 52.4377097], [13.755322, 52.4384193], [13.7570765, 52.4429612], [13.754381900000004, 52.44328060000001], [13.7564462, 52.4461766], [13.7492512, 52.4486702], [13.7290816, 52.45078470000001], [13.7205844, 52.456748], [13.7159638, 52.4629168], [13.7012591, 52.4682238], [13.6990758, 52.46828020000001], [13.7033542, 52.46004469999999], [13.7052552, 52.45986779999999], [13.7046132, 52.4547613], [13.698350400000004, 52.45526120000001], [13.6954345, 52.464186], [13.6827773, 52.4660695], [13.6672387, 52.4742885], [13.6626468, 52.4737597], [13.648307, 52.4787311], [13.6432163, 52.47922450000001], [13.62534, 52.4736998], [13.6252084, 52.4687461], [13.6229041, 52.46878580000001], [13.6227589, 52.4664541], [13.6213851, 52.4666391], [13.6211708, 52.4704639], [13.611367300000014, 52.470652], [13.6164854, 52.4748296], [13.6135519, 52.4756188], [13.6148914, 52.48076129999999], [13.6297148, 52.4930366], [13.6240057, 52.4941989], [13.6324806, 52.5108799], [13.6424576, 52.5185489], [13.6585034, 52.5259465], [13.6569123, 52.5298379], [13.6256871, 52.5301844], [13.6248253, 52.5380997], [13.6339467, 52.5376518], [13.6373759, 52.5422554], [13.5863831, 52.5497862], [13.5876011, 52.5556265], [13.5844341, 52.5598521], [13.5815424, 52.5711074], [13.5778863, 52.5711279], [13.5749716, 52.5738347], [13.5685737, 52.5731061], [13.5618612, 52.5803892], [13.5471255, 52.5878538], [13.5276937, 52.5922366], [13.5081184, 52.5921389], [13.4989735, 52.6051636], [13.4966629, 52.6050279], [13.4971306, 52.6067079], [13.5022591, 52.6173298], [13.5033152, 52.6190008], [13.5037008, 52.6192616], [13.5054583, 52.619974], [13.5058558, 52.6257537], [13.5178192, 52.6295666], [13.523022, 52.6450365], [13.52039, 52.6448809], [13.5192654, 52.646947], [13.512828, 52.6454021], [13.4907625, 52.6547958], [13.4853597, 52.6594285], [13.4884252, 52.67078990000001], [13.4758323, 52.666549], [13.4745877, 52.6680652], [13.4794873, 52.6755087], [13.4772739, 52.6739036], [13.4754875, 52.6750071], [13.4659262, 52.6671206], [13.4595492, 52.6689779], [13.450782, 52.6626681], [13.4623824, 52.6575394], [13.4735092, 52.6565299], [13.4739048, 52.6541195], [13.4597316, 52.6480828], [13.4487809, 52.6500004], [13.4408204, 52.6492654], [13.4397877, 52.6452681], [13.4340061, 52.644282], [13.4342584, 52.6379548], [13.4327165, 52.6373793], [13.42763, 52.6375136], [13.4243513, 52.6354682], [13.4165593, 52.63943], [13.4147347, 52.6423866], [13.4078856, 52.64268450000001], [13.3977731, 52.6482946], [13.3919098, 52.6447511], [13.3892033, 52.6376251], [13.3818112, 52.6363981], [13.3828573, 52.6352183], [13.3767912, 52.6329168], [13.3763755, 52.6283786], [13.3591687, 52.6232847], [13.3366807, 52.62265130000001], [13.3129858, 52.6281856], [13.3026102, 52.6271913], [13.3102758, 52.6300081], [13.305784800000007, 52.63735449999999], [13.3094061, 52.6427257], [13.300432100000004, 52.65350509999999], [13.3182999, 52.662455], [13.3254035, 52.6694264], [13.34212, 52.6723443], [13.348102, 52.671531], [13.346924, 52.6817088], [13.3516876, 52.6824594], [13.3521639, 52.6847735], [13.3495761, 52.6847397], [13.3487994, 52.6868781], [13.3591098, 52.6892063], [13.3595883, 52.6980887], [13.3091298, 52.7004602], [13.3079003, 52.6875977], [13.3002614, 52.6879124], [13.2934233, 52.6838428], [13.2858119, 52.68336], [13.2802483, 52.6855965], [13.2766338, 52.6833953], [13.2762679, 52.6852278], [13.2679447, 52.6866083], [13.2670727, 52.6827638], [13.2561798, 52.6809491], [13.2445277, 52.6816912], [13.2606387, 52.685804], [13.2601559, 52.6879255], [13.2518368, 52.6857169], [13.2475946, 52.6866768], [13.2522329, 52.6963679], [13.2511144, 52.7022705], [13.2556902, 52.7026131], [13.2591492, 52.6980334], [13.2651456, 52.6995048], [13.264968, 52.7018732], [13.2681947, 52.7052752], [13.2827366, 52.7033912], [13.2822447, 52.7063719], [13.2886369, 52.7074516], [13.2882351, 52.7113673], [13.2998281, 52.7082009], [13.3152707, 52.7264866], [13.270675, 52.7416956], [13.2686934, 52.7387564], [13.2646435, 52.7408647], [13.2638645, 52.7397689], [13.2657773, 52.7372805], [13.2635244, 52.7370394], [13.2648033, 52.7349385], [13.2619366, 52.7338933], [13.2631554, 52.7293604], [13.2649836, 52.7292824], [13.2642604, 52.7262852], [13.2600048, 52.727038], [13.2517335, 52.7215307], [13.2500103, 52.7236389], [13.2450397, 52.7196123], [13.243439, 52.7173], [13.2453391, 52.716186], [13.2437855, 52.7136058], [13.2450204, 52.7092412], [13.241893, 52.7118223], [13.2334, 52.7100205], [13.2306717, 52.711576], [13.2075355, 52.7070116], [13.208838, 52.7054131], [13.2060415, 52.7020241], [13.208409, 52.6992473], [13.2222901, 52.7009709], [13.2473714, 52.6993268], [13.2502057, 52.6956491], [13.2477595, 52.6942576], [13.2486972, 52.6910544], [13.2410829, 52.691232], [13.2397948, 52.6878581], [13.2347089, 52.6846903], [13.241658, 52.6838545], [13.2404671, 52.6818376], [13.2375768, 52.6823449], [13.2403491, 52.6810714], [13.2380724, 52.6801777], [13.2394243, 52.6786666], [13.2292456, 52.6758077], [13.2383351, 52.6680926], [13.2431749, 52.6586834], [13.2429635, 52.6492951], [13.2393157, 52.6350508], [13.2411949, 52.628105], [13.2205414, 52.6283185], [13.2167608, 52.6201644], [13.2068807, 52.609137], [13.2016215, 52.6065502], [13.2082024, 52.5989922], [13.2188556, 52.5923678], [13.2173951, 52.5874783], [13.207338, 52.588376], [13.2053736, 52.5868544], [13.1645286, 52.5987969]], [[13.5037765, 52.6192121], [13.5054362, 52.6196852], [13.5054513, 52.6198896], [13.5037765, 52.6192121]], [[12.2851771, 52.2356666], [12.2861293, 52.2364485], [12.2844274, 52.2368518], [12.2851771, 52.2356666]]], [[[12.2862279, 52.2262095], [12.2902622, 52.2253178], [12.2904128, 52.2247673], [12.2862279, 52.2262095]]], [[[12.2862609, 52.2278161], [12.2826831, 52.2272918], [12.2827339, 52.2278058], [12.2862609, 52.2278161]]], [[[12.278971, 52.229471], [12.2805988, 52.2301571], [12.2808714, 52.2302816], [12.2816238, 52.2304667], [12.281941, 52.2304813], [12.2797254, 52.2294522], [12.2789552, 52.2294248], [12.2822633, 52.2280459], [12.2764731, 52.2278101], [12.2770515, 52.2290068], [12.278971, 52.229471]]], [[[12.2647488, 52.2319179], [12.2749605, 52.2305556], [12.2707332, 52.229358], [12.2707788, 52.2290702], [12.2666866, 52.2249011], [12.2706006, 52.2297224], [12.2653175, 52.2295973], [12.2647488, 52.2319179]]], [[[12.2609697, 52.2296954], [12.2608185, 52.2307711], [12.2617397, 52.2305688], [12.2609697, 52.2296954]]]]}}, {"type": "Feature", "properties": {"name": "Berlin", "verband": "Berlin"}, "geometry": {"type": "Polygon", "coordinates": [[[13.088345, 52.4196325], [13.0999756, 52.42544770000001], [13.1045678, 52.4239826], [13.1127834, 52.4291958], [13.1120738, 52.4323102], [13.1231531, 52.4387089], [13.1190111, 52.44400920000001], [13.109295, 52.4506349], [13.1126713, 52.45769], [13.1105027, 52.459997], [13.1105565, 52.4656575], [13.1172345, 52.4732799], [13.1176933, 52.4773203], [13.1283335, 52.4798205], [13.1688227, 52.5092271], [13.143181, 52.51969580000001], [13.1173799, 52.51706], [13.1195007, 52.5303355], [13.1304676, 52.5559749], [13.1363322, 52.5527073], [13.1455742, 52.5527201], [13.1472848, 52.55583410000001], [13.1457959, 52.5606057], [13.1535443, 52.5732555], [13.1531561, 52.5789454], [13.1496095, 52.5833597], [13.1324743, 52.57960690000001], [13.1302597, 52.58303850000001], [13.1279616, 52.5831277], [13.1289619, 52.58730480000001], [13.1435033, 52.589706], [13.1570558, 52.597627], [13.1645286, 52.5987969], [13.2053736, 52.5868544], [13.207338, 52.588376], [13.2173951, 52.5874783], [13.2188556, 52.59236780000001], [13.2082024, 52.5989922], [13.2016215, 52.6065502], [13.2068807, 52.60913699999999], [13.2167608, 52.6201644], [13.2205414, 52.6283185], [13.2411949, 52.628105], [13.2393157, 52.6350508], [13.2429635, 52.6492951], [13.2431749, 52.6586834], [13.2383351, 52.6680926], [13.2292456, 52.6758077], [13.2394243, 52.6786666], [13.2380724, 52.6801777], [13.2403491, 52.6810714], [13.2375768, 52.6823449], [13.2404671, 52.6818376], [13.241658, 52.6838545], [13.2347089, 52.6846903], [13.2397948, 52.6878581], [13.2410829, 52.691232], [13.2486972, 52.6910544], [13.2477595, 52.6942576], [13.2502057, 52.6956491], [13.2473714, 52.6993268], [13.2222901, 52.7009709], [13.208409, 52.6992473], [13.2060415, 52.7020241], [13.208838, 52.7054131], [13.2075355, 52.7070116], [13.2306717, 52.711576], [13.2334, 52.7100205], [13.241893, 52.7118223], [13.2450204, 52.7092412], [13.2437855, 52.7136058], [13.2453391, 52.716186], [13.243439, 52.7173], [13.2450397, 52.7196123], [13.2500103, 52.7236389], [13.2517335, 52.7215307], [13.2600048, 52.727038], [13.2642604, 52.7262852], [13.2649836, 52.7292824], [13.2631554, 52.7293604], [13.2619366, 52.7338933], [13.2648033, 52.7349385], [13.2635244, 52.7370394], [13.2657773, 52.7372805], [13.2638645, 52.7397689], [13.2646435, 52.7408647], [13.2686934, 52.7387564], [13.270675, 52.7416956], [13.3152707, 52.7264866], [13.2998281, 52.7082009], [13.2882351, 52.7113673], [13.2886369, 52.7074516], [13.2822447, 52.7063719], [13.2827366, 52.7033912], [13.2681947, 52.7052752], [13.264968, 52.7018732], [13.2651456, 52.6995048], [13.2591492, 52.6980334], [13.2556902, 52.7026131], [13.2511144, 52.7022705], [13.2522329, 52.6963679], [13.2475946, 52.6866768], [13.2518368, 52.6857169], [13.2601559, 52.6879255], [13.2606387, 52.685804], [13.2445277, 52.6816912], [13.2561798, 52.6809491], [13.2670727, 52.6827638], [13.2679447, 52.6866083], [13.2762679, 52.6852278], [13.2766338, 52.6833953], [13.2802483, 52.6855965], [13.2858119, 52.68336], [13.2934233, 52.6838428], [13.3002614, 52.6879124], [13.3079003, 52.6875977], [13.3091298, 52.7004602], [13.3595883, 52.6980887], [13.3591098, 52.6892063], [13.3487994, 52.6868781], [13.3495761, 52.6847397], [13.3521639, 52.6847735], [13.3516876, 52.6824594], [13.346924, 52.6817088], [13.348102, 52.671531], [13.34212, 52.6723443], [13.3254035, 52.6694264], [13.3182999, 52.662455], [13.3101003, 52.6573953], [13.3004321, 52.65350509999999], [13.3094061, 52.6427257], [13.3057848, 52.63735449999999], [13.3102758, 52.6300081], [13.3026102, 52.6271913], [13.3129858, 52.6281856], [13.3366807, 52.62265130000001], [13.3591687, 52.62328469999999], [13.3763755, 52.62837859999999], [13.3767912, 52.6329168], [13.3828573, 52.6352183], [13.3818112, 52.6363981], [13.3892033, 52.6376251], [13.3919098, 52.6447511], [13.3977731, 52.6482946], [13.4078856, 52.64268450000001], [13.4147347, 52.64238659999999], [13.4165593, 52.63943], [13.4243513, 52.6354682], [13.42763, 52.6375136], [13.4327165, 52.6373793], [13.4342584, 52.6379548], [13.4340061, 52.644282], [13.4397877, 52.6452681], [13.4408204, 52.6492654], [13.4487809, 52.6500004], [13.4597316, 52.6480828], [13.4739048, 52.6541195], [13.4735092, 52.6565299], [13.4623824, 52.6575394], [13.450782, 52.6626681], [13.4595492, 52.6689779], [13.4659262, 52.6671206], [13.4754875, 52.6750071], [13.4772739, 52.6739036], [13.4794873, 52.6755087], [13.4745877, 52.6680652], [13.4758323, 52.666549], [13.4884252, 52.67078990000001], [13.4853597, 52.6594285], [13.4907625, 52.6547958], [13.512828, 52.6454021], [13.5192654, 52.646947], [13.52039, 52.6448809], [13.523022, 52.6450365], [13.5178192, 52.6295666], [13.5058558, 52.6257537], [13.5054583, 52.619974], [13.5022591, 52.6173298], [13.4971306, 52.6067079], [13.4966629, 52.6050279], [13.4989735, 52.6051636], [13.5081184, 52.59213889999999], [13.5276937, 52.5922366], [13.547125499999996, 52.58785379999999], [13.5618612, 52.5803892], [13.5685737, 52.5731061], [13.5749716, 52.5738347], [13.5778863, 52.5711279], [13.5815424, 52.5711074], [13.5844341, 52.5598521], [13.5876011, 52.5556265], [13.5863831, 52.5497862], [13.6373759, 52.54225539999999], [13.6339467, 52.5376518], [13.6248253, 52.5380997], [13.6256871, 52.5301844], [13.6569123, 52.5298379], [13.6585034, 52.5259465], [13.6424576, 52.51854890000001], [13.6324806, 52.5108799], [13.6240057, 52.4941989], [13.6297148, 52.49303660000001], [13.6148914, 52.48076129999999], [13.6135519, 52.4756188], [13.6164854, 52.4748296], [13.6113673, 52.47065199999999], [13.6211708, 52.4704639], [13.6213851, 52.4666391], [13.6227589, 52.4664541], [13.6229041, 52.46878580000001], [13.6252084, 52.4687461], [13.62534, 52.47369979999999], [13.6432163, 52.47922450000001], [13.648307, 52.4787311], [13.6626468, 52.4737597], [13.6672387, 52.4742885], [13.6827773, 52.4660695], [13.6954345, 52.464186], [13.6983504, 52.45526120000001], [13.7046132, 52.4547613], [13.7052552, 52.45986779999999], [13.7033542, 52.46004469999999], [13.6990758, 52.46828020000001], [13.7012591, 52.4682238], [13.7159638, 52.4629168], [13.7205844, 52.456748], [13.7290816, 52.45078470000001], [13.7492512, 52.4486702], [13.7564462, 52.4461766], [13.7543819, 52.44328060000001], [13.7570765, 52.4429612], [13.755322, 52.4384193], [13.7611609, 52.4377097], [13.7599901, 52.4361695], [13.7544459, 52.4366805], [13.756302, 52.4416095], [13.7505078, 52.4414814], [13.7440755, 52.4380708], [13.7428856, 52.4329383], [13.7314302, 52.4338025], [13.7228074, 52.4371442], [13.729727, 52.4339755], [13.7400963, 52.4324723], [13.7389408, 52.4288563], [13.7417266, 52.4281966], [13.741277, 52.42676449999999], [13.737662, 52.4266934], [13.7310695, 52.4205082], [13.729807, 52.4163459], [13.7390343, 52.4073353], [13.7353615, 52.4059831], [13.7342706, 52.4021367], [13.7311388, 52.4000058], [13.7227897, 52.39825700000001], [13.715869, 52.3996935], [13.7001513, 52.39114440000001], [13.6982689, 52.3917691], [13.6906057, 52.3854968], [13.686831, 52.3853033], [13.6879163, 52.3829554], [13.6988354, 52.38150200000001], [13.6972122, 52.3774414], [13.700405, 52.3775069], [13.6999584, 52.3755917], [13.6922028, 52.3672074], [13.6821489, 52.3696395], [13.6711913, 52.36648719999999], [13.6666653, 52.3623625], [13.6662071, 52.3580878], [13.657088, 52.3516163], [13.6561178, 52.3478165], [13.6511543, 52.34260210000001], [13.6516975, 52.3394659], [13.6477328, 52.33824480000001], [13.6428165, 52.33994130000001], [13.6363196, 52.3468193], [13.6390837, 52.3609622], [13.6471965, 52.367059], [13.6468285, 52.3701515], [13.6421007, 52.37080710000001], [13.6426772, 52.3775054], [13.6332204, 52.3762397], [13.6285124, 52.3813544], [13.6058187, 52.373621], [13.6063923, 52.3791178], [13.5953647, 52.38676330000001], [13.5926946, 52.39381229999999], [13.5642134, 52.38813990000001], [13.5354896, 52.3889908], [13.5351522, 52.3935167], [13.5384314, 52.4006334], [13.5296951, 52.39730329999999], [13.516005, 52.4017887], [13.4797604, 52.3959454], [13.4776104, 52.40342519999999], [13.4680167, 52.4200319], [13.4635491, 52.42107969999999], [13.4187486, 52.4099774], [13.4184228, 52.40707950000001], [13.4274477, 52.3861653], [13.4208126, 52.3761384], [13.3884283, 52.3778616], [13.3872981, 52.3885717], [13.3703524, 52.3884274], [13.3719482, 52.3937967], [13.3593662, 52.39846889999999], [13.3430551, 52.407686], [13.3433438, 52.41172040000001], [13.3120638, 52.3991062], [13.2959288, 52.4145035], [13.2967517, 52.4162514], [13.2742071, 52.40478989999999], [13.2669655, 52.4042812], [13.2580731, 52.4063947], [13.2497797, 52.4049794], [13.2459511, 52.4211746], [13.2250586, 52.4210782], [13.1972438, 52.4155376], [13.1592412, 52.4027742], [13.1577955, 52.3963564], [13.1711659, 52.3978282], [13.1717627, 52.39564320000001], [13.1588692, 52.39393900000001], [13.1418185, 52.3970996], [13.1303736, 52.3903662], [13.1339786, 52.3887364], [13.1310825, 52.3872512], [13.1267317, 52.3895836], [13.1272922, 52.3916083], [13.1311979, 52.39183610000001], [13.1301674, 52.3904968], [13.1389502, 52.3959923], [13.1351269, 52.397375], [13.1381026, 52.3978562], [13.1335094, 52.3993665], [13.1247813, 52.3968694], [13.1063827, 52.40869], [13.1117975, 52.4104799], [13.1096241, 52.4129411], [13.1071062, 52.4131811], [13.1061868, 52.4095621], [13.1010028, 52.4105389], [13.1008591, 52.4137605], [13.0964503, 52.41308889999999], [13.0989774, 52.4109595], [13.0973918, 52.4094186], [13.0907635, 52.4115602], [13.088345, 52.4196325]], [[13.3090708, 52.65781839999999], [13.3090708, 52.6578184], [13.3089387, 52.6578843], [13.3090708, 52.65781839999999]], [[13.3078605, 52.65881929999999], [13.3078605, 52.6588193], [13.3076707, 52.6589304], [13.3078605, 52.65881929999999]], [[13.2866073, 52.66006839999999], [13.2866073, 52.6600684], [13.2861534, 52.6601721], [13.2866073, 52.66006839999999]], [[13.2840505, 52.64322009999999], [13.2840505, 52.6432201], [13.284033066666666, 52.6430804], [13.2840505, 52.64322009999999]], [[13.2643886, 52.6403743], [13.2626693, 52.640614], [13.2624098, 52.6406506], [13.2626693, 52.64061399999999], [13.2643886, 52.6403743]], [[13.2643886, 52.6403743], [13.2662138, 52.64011959999999], [13.2665303, 52.6400817], [13.2662138, 52.6401196], [13.2643886, 52.6403743]], [[13.2649519, 52.63255869999999], [13.2649519, 52.6325587], [13.2649324, 52.6323959], [13.2649519, 52.63255869999999]], [[13.264683, 52.63597790000001], [13.264683, 52.6359779], [13.2649773, 52.6351608], [13.264683, 52.63597790000001]], [[13.2646649, 52.63027099999999], [13.2646649, 52.630271], [13.2645911, 52.6296955], [13.2646649, 52.63027099999999]], [[13.2626552, 52.63865060000001], [13.2626552, 52.6386506], [13.2629134, 52.6383568], [13.2626552, 52.63865060000001]], [[13.2632433, 52.63796990000001], [13.2632433, 52.6379699], [13.2633982, 52.6377721], [13.2632433, 52.63796990000001]], [[13.2622267, 52.6399365], [13.262226700000001, 52.63993649999999], [13.2623521, 52.6399495], [13.2622267, 52.6399365]], [[13.2621503, 52.6406872], [13.2622408, 52.6403544], [13.262150300000002, 52.6406872], [13.2621503, 52.6406872]], [[13.2579435, 52.6276989], [13.259625, 52.62770949999999], [13.2603045, 52.627745], [13.259625, 52.6277095], [13.2582566, 52.6277089], [13.2579435, 52.6276989]], [[13.2460674, 52.62728559999999], [13.2460674, 52.6272856], [13.2457248, 52.6273547], [13.2460674, 52.62728559999999]]]}}, {"type": "Feature", "properties": {"name": "Hamburg", "verband": "Hamburg"}, "geometry": {"type": "MultiPolygon", "coordinates": [[[[9.7349314, 53.5658675], [9.734941813369623, 53.567248373298476], [9.73436451, 53.56521606], [9.72644615, 53.56571579], [9.70035648, 53.56854248], [9.69448853, 53.57072067000001], [9.69220448, 53.56935120000001], [9.67228317, 53.57143784], [9.67011452, 53.57354355], [9.6722765, 53.57579803], [9.66342449, 53.57756805], [9.64128304, 53.59022140999999], [9.62282562, 53.59702301], [9.61829948, 53.59602737000001], [9.61273956, 53.59755325], [9.55545521, 53.62073517], [9.55561066, 53.62333298], [9.56617832, 53.63171387], [9.57189751, 53.63023757999999], [9.57409286, 53.62561035], [9.57988071, 53.62354279], [9.57375526, 53.62717056], [9.57425785, 53.63234329], [9.56201649, 53.6403656], [9.55147362, 53.65235138000001], [9.5494566, 53.65887833], [9.5534029, 53.66453170999999], [9.55370808, 53.66858672999999], [9.54848862, 53.67481995], [9.55432606, 53.67356109999999], [9.5481987, 53.67631912], [9.54287815, 53.68268204], [9.52108574, 53.71245955999999], [9.52201939, 53.71337509], [9.51763916, 53.71385956], [9.53226185, 53.71733855999999], [9.55729866, 53.71463013], [9.58288765, 53.72156906], [9.58085728, 53.72734833000001], [9.57773304, 53.72820663], [9.57383156, 53.7378006], [9.564188, 53.75146484], [9.62341595, 53.76732635], [9.64262581, 53.77368546], [9.64582062, 53.77626801], [9.66175556, 53.80261992999999], [9.67474842, 53.84257889], [9.67687798, 53.84486389], [9.67525005, 53.85139465], [9.67668819, 53.85164642], [9.66818047, 53.85634995], [9.65908146, 53.85541916], [9.65608501, 53.85713959], [9.64960766, 53.86896515], [9.6518898, 53.86963654], [9.64546108, 53.87887955], [9.6556673, 53.88644409], [9.66161823, 53.88619614], [9.67015076, 53.88929749], [9.75144482, 53.8930397], [9.7635994, 53.87314987], [9.82448101, 53.84577179], [9.82130623, 53.84093857], [9.8300972, 53.83821106000001], [9.82137299, 53.82593918], [9.83251572, 53.82510757], [9.8448, 53.81710815], [9.84885216, 53.82125854], [9.84233475, 53.82551193], [9.84980392, 53.82964706], [9.87314224, 53.81403732], [9.88083839, 53.81090164], [9.88299656, 53.80108643], [9.86722088, 53.78173447], [9.87278461, 53.78094482], [9.87330818, 53.77830887], [9.89718342, 53.77495956000001], [9.90143013, 53.76947021], [9.900556122421792, 53.766170732618015], [9.9074798, 53.7676165], [9.9078773, 53.7709054], [9.9114545, 53.7687129], [9.9273759, 53.7685513], [9.9411215, 53.7720716], [9.9422989, 53.7700269], [9.948731, 53.7698008], [9.9537774, 53.765605], [9.9657832, 53.7682191], [9.963054180611064, 53.76593549086458], [9.97163773, 53.77005767999999], [9.98467731, 53.75999069], [9.978006606044305, 53.75788630933506], [9.9833486, 53.759467], [9.9960172, 53.748263], [10.0099646, 53.7451383], [10.0226488, 53.749704], [10.0259996, 53.7264484], [10.0305309, 53.7266285], [10.0305609, 53.72343190000001], [10.0341212, 53.7236377], [10.0352092, 53.72021629999999], [10.0316828, 53.7215361], [10.0331936, 53.7187584], [10.0468344, 53.7191634], [10.049457, 53.7168167], [10.0594102, 53.71523070000001], [10.0583057, 53.7104995], [10.069091, 53.70892299999999], [10.0705346, 53.7123631], [10.076875, 53.7137095], [10.0819849, 53.7204444], [10.094176, 53.7193196], [10.1020453, 53.7151344], [10.1120397, 53.7142491], [10.1157539, 53.7160823], [10.1211309, 53.7131603], [10.1282396, 53.7205976], [10.1616007, 53.7332969], [10.1617491, 53.7369726], [10.1647879, 53.7394378], [10.1725643, 53.738212], [10.1865136, 53.7310968], [10.1936896, 53.7310028], [10.1917444, 53.7226967], [10.1764553967629, 53.7076576513054], [10.18401153436849, 53.70322044511268], [10.18985700520133, 53.70323902006881], [10.20905921378923, 53.71285967701906], [10.21630000724785, 53.71020021835349], [10.22942248025069, 53.71466688534268], [10.2331989808082, 53.70976980382661], [10.24264997343285, 53.7096441089816], [10.24437000393529, 53.70774223464863], [10.2377786930992, 53.70541019754926], [10.24665308580401, 53.70426823346885], [10.242793192587056, 53.69139575773859], [10.2421686, 53.6959665], [10.2382125, 53.7006979], [10.2262017, 53.7002473], [10.2247304, 53.6968928], [10.22852, 53.6951561], [10.2263603, 53.6957985], [10.2230695, 53.6934732], [10.2330334, 53.6901766], [10.2250736, 53.689], [10.2271303, 53.6859358], [10.2145424, 53.6851792], [10.2162014, 53.6782907], [10.1977467, 53.6764936], [10.1973847, 53.6797563], [10.1896025, 53.6807396], [10.1756511, 53.6788152], [10.1721897, 53.6809941], [10.1699771, 53.6789989], [10.1718666, 53.676193], [10.1715323, 53.6686937], [10.1743302, 53.6667543], [10.1732097, 53.6649493], [10.1768974, 53.6627455], [10.1837575, 53.6634299], [10.1877947, 53.6586576], [10.1871973, 53.6565371], [10.1958919, 53.6547514], [10.1950501, 53.6523027], [10.1988518, 53.6467302], [10.1896394, 53.6383737], [10.1995585, 53.6361581], [10.2100829, 53.6366661], [10.2225255, 53.6335065], [10.232399357300398, 53.63381296513227], [10.22950191124497, 53.63341643566578], [10.22713078288579, 53.61494421568265], [10.23327411435017, 53.61120687286236], [10.23363880236604, 53.60512823370811], [10.24820556647949, 53.59212392738302], [10.26455376710657, 53.58764423344428], [10.26926948705798, 53.57738323759404], [10.27833906883697, 53.57078627754275], [10.29193460793314, 53.57645136391248], [10.30385928744237, 53.57180423085471], [10.30331485477496, 53.57974162287324], [10.31648546387969, 53.57233445649335], [10.31096237718442, 53.56914771732185], [10.31267270863599, 53.55542059542913], [10.31047078692298, 53.55091924569232], [10.30153563985325, 53.54763920886296], [10.2913928725488, 53.53722168764724], [10.29654477474624, 53.53373043038871], [10.30415431885501, 53.5319297516509], [10.30909442853818, 53.53439832752618], [10.31983474852064, 53.52890872205027], [10.32579631334792, 53.53191814502252], [10.33109605420301, 53.53199381123804], [10.35076915408292, 53.52555068413675], [10.3353681781644, 53.52472409688255], [10.29749063936077, 53.50232973889901], [10.28310557564499, 53.50000932679175], [10.29872118824362, 53.48839229956885], [10.30557486755412, 53.4929921897164], [10.31171859803438, 53.49273660813843], [10.31573004475792, 53.49632939407952], [10.32331300199638, 53.49601329637928], [10.3343343365815, 53.49092887814476], [10.34377738061851, 53.49053400358336], [10.34583122013725, 53.49797888379145], [10.35393218624901, 53.50368211096248], [10.36235625771555, 53.50609925440773], [10.37058516964265, 53.50575386905816], [10.38589471982833, 53.5004972702749], [10.41490146066088, 53.50573682568115], [10.41007147482011, 53.51011763177285], [10.41149706821125, 53.52457328748493], [10.44012863203803, 53.50930923105663], [10.46385116636883, 53.51202822262609], [10.47164121480892, 53.51766843331733], [10.48028738788586, 53.51920454317885], [10.48272459589391, 53.51714959569441], [10.50273117806249, 53.51628733351211], [10.5140413945328, 53.50109317811042], [10.50641150348911, 53.49128546092243], [10.51226628242153, 53.48974727819341], [10.51430736422479, 53.48678614155188], [10.51507269976579, 53.48072084000166], [10.5085903285927, 53.48004314404869], [10.5083391153419, 53.4779033972533], [10.51513361901461, 53.47215303243159], [10.51990029656375, 53.46005048442423], [10.51566545559719, 53.45290869662434], [10.50970260868963, 53.44909235980343], [10.50832702032076, 53.44376944320619], [10.51712282195456, 53.44160686386021], [10.51887596054706, 53.43842834138597], [10.52860574864865, 53.43316910421691], [10.50846717491329, 53.43601551170579], [10.49871036575595, 53.43249904380848], [10.49368553639043, 53.41284968940798], [10.49761981698748, 53.41038207213236], [10.4993753484784, 53.40249771782689], [10.48866626916388, 53.4008954765456], [10.48614406128271, 53.3987134553159], [10.5227919179287, 53.38823887121207], [10.52025691887813, 53.39265556821436], [10.55345153741871, 53.3893124082105], [10.55790802085664, 53.38252191402777], [10.57245445762539, 53.37615813575574], [10.59044543139456, 53.38262460653095], [10.58675812482171, 53.375693129492], [10.59113918539537, 53.37397213460848], [10.58546523889391, 53.36779217115835], [10.58938328992986, 53.36129210861429], [10.57298668703071, 53.35929265485823], [10.55948124256083, 53.36827267871599], [10.52269216294792, 53.36956370100902], [10.51909564931432, 53.37127374616493], [10.51510442368026, 53.37730782437694], [10.52794146231784, 53.38344081108907], [10.52755121139621, 53.38657155123488], [10.47557918192686, 53.39918883697142], [10.47574937910113, 53.4086230930594], [10.46934534826213, 53.41160504448407], [10.46878395861642, 53.40941933610722], [10.46196644112258, 53.40888687051356], [10.46310056737087, 53.40542392099664], [10.45564830225161, 53.40317211688706], [10.43080006196684, 53.40261968889701], [10.43248719390298, 53.40107602745091], [10.43007799993072, 53.39719869459768], [10.40174453534615, 53.40919585704634], [10.37837809524761, 53.42569813131809], [10.36124745742814, 53.42641977418621], [10.32868974779869, 53.42428880519562], [10.31983947298694, 53.43101931197847], [10.30505771344599, 53.43354797119307], [10.2864757, 53.4251514], [10.2580895, 53.4175804], [10.2524734, 53.4126479], [10.2439889, 53.4000363], [10.237398, 53.3961117], [10.2237062, 53.3953327], [10.1977332, 53.3985412], [10.1735499, 53.39698129999999], [10.1552027, 53.4051483], [10.1444382, 53.4167599], [10.1369983, 53.42193630000001], [10.1067973, 53.4265817], [10.0965975, 53.4411724], [10.0849588, 53.45078730000001], [10.0789555, 53.4538737], [10.0669067, 53.4560205], [10.0516115, 53.4639066], [10.0419722, 53.4565508], [10.0441519, 53.4548593], [10.0412382, 53.4515975], [10.0491847, 53.449846], [10.0453939, 53.4463998], [10.0351793, 53.4469102], [10.0323191, 53.44410739999999], [10.0222494, 53.44755750000001], [10.0146452, 53.4420182], [10.0257897, 53.4382085], [10.0292108, 53.4352988], [10.0174291, 53.4287751], [10.0093382, 53.4294975], [10.0007275, 53.4245614], [9.9959107, 53.42587330000001], [9.9927849, 53.4196676], [9.9884162, 53.4205551], [9.9870567, 53.4174201], [9.9825477, 53.4157047], [9.9833463, 53.4146139], [9.9764876, 53.4137737], [9.9748351, 53.4197807], [9.9759265, 53.42189], [9.9712959, 53.4210206], [9.9682946, 53.4237489], [9.9600923, 53.4250056], [9.9603364, 53.4265581], [9.9438393, 53.42945349999999], [9.9428665, 53.4283227], [9.9469459, 53.4268999], [9.9421349, 53.4210198], [9.9299496, 53.42148420000001], [9.916468, 53.4141434], [9.9107751, 53.41407520000001], [9.9114391, 53.415081], [9.9066994, 53.41594969999999], [9.9107272, 53.42138249999999], [9.9162642, 53.4248121], [9.9140659, 53.4300204], [9.9229282, 53.43636140000001], [9.9189998, 53.4427328], [9.9168759, 53.44228069999999], [9.9171665, 53.4465814], [9.9112497, 53.44955], [9.9043015, 53.4567207], [9.9008547, 53.45623839999999], [9.898744, 53.4579631], [9.8979674, 53.4550335], [9.9001996, 53.45404549999999], [9.8941933, 53.4557948], [9.8887215, 53.45058130000001], [9.8733018, 53.442164], [9.8688964, 53.44455870000001], [9.8669182, 53.4400963], [9.8634042, 53.4404301], [9.8607003, 53.4384325], [9.8600366, 53.43629679999999], [9.8647053, 53.4320018], [9.8618269, 53.4296167], [9.8588338, 53.4341348], [9.8365464, 53.4509243], [9.8131009, 53.462484], [9.8072284, 53.46294319999999], [9.8060885, 53.46739179999999], [9.8034685, 53.46684160000001], [9.8031963, 53.4693206], [9.7998057, 53.4694329], [9.8004611, 53.4754267], [9.798592, 53.4751981], [9.8028025, 53.49382870000001], [9.7927101, 53.4944776], [9.7819952, 53.4923185], [9.7846333, 53.50000940000001], [9.7811301, 53.4998113], [9.7814318, 53.5015497], [9.7635785, 53.5082559], [9.7710683, 53.5218512], [9.7812903, 53.5186423], [9.7779817, 53.5250816], [9.7745066, 53.52477999999999], [9.774266, 53.5273808], [9.7698734, 53.5295292], [9.771253, 53.5310944], [9.7655587, 53.54109720000001], [9.7723167, 53.543523], [9.7743919, 53.5543254], [9.7301155, 53.55764200000001], [9.7349314, 53.5658675]], [[10.1161288, 53.7138147], [10.1165903, 53.7142403], [10.1153774, 53.7146646], [10.1161288, 53.7138147]], [[10.0713435, 53.69695730000001], [10.0774659, 53.6994178], [10.0760939, 53.70079369999999], [10.0789872, 53.70390430000001], [10.0693821, 53.7061466], [10.0603216, 53.6969666], [10.0713435, 53.69695730000001]], [[9.977499836154914, 53.754120241022115], [9.98024693295043, 53.752119238264946], [9.9804931, 53.7524568], [9.9799175, 53.7533043], [9.977499836154914, 53.754120241022115]], [[9.979264575795158, 53.75620919776005], [9.97755051, 53.7550087], [9.9771347, 53.75429916], [9.977465305571938, 53.75413716122169], [9.979264575795158, 53.75620919776005]], [[9.97403526, 53.73847960999999], [9.973821934985803, 53.73809633605782], [9.974824895255122, 53.739213957743324], [9.97403526, 53.73847960999999]], [[9.9616403, 53.7298722], [9.96315384, 53.7299614], [9.960108270279433, 53.73032762728101], [9.9616403, 53.7298722]], [[9.94064426, 53.7519989], [9.95188999, 53.75699997], [9.96313572, 53.76340103], [9.93891324603579, 53.753300569321695], [9.94064426, 53.7519989]], [[9.9604933, 53.7222688], [9.960470291032252, 53.722365040558536], [9.960240374704505, 53.721975179684144], [9.9604933, 53.7222688]], [[9.958802280551001, 53.72877767026518], [9.9590984, 53.7285758], [9.959107948326839, 53.728610396628184], [9.958802280551001, 53.72877767026518]], [[9.95845127, 53.73286057], [9.958106284409562, 53.73300967984039], [9.957915243956426, 53.731381665932766], [9.95845127, 53.73286057]], [[9.957510246088875, 53.733267299814464], [9.955485345389677, 53.73245052232607], [9.956463, 53.7325072], [9.957510246088875, 53.733267299814464]], [[9.956042210188205, 53.72487161744997], [9.956074596736942, 53.72569945027996], [9.95597458, 53.72489929], [9.956042210188205, 53.72487161744997]], [[9.956008352389711, 53.726144933971035], [9.9559754, 53.7261787], [9.955875538411417, 53.726181630375535], [9.956008352389711, 53.726144933971035]], [[9.95405293, 53.72952652], [9.9543168, 53.7298929], [9.9556934, 53.73200019999999], [9.955372446050553, 53.73215435160491], [9.95405293, 53.72952652]], [[9.955673084864262, 53.71672754952649], [9.94927406, 53.71087265], [9.947228960167644, 53.708292716548954], [9.955673084864262, 53.71672754952649]], [[9.95438514772733, 53.72832599746441], [9.9544148, 53.728349], [9.954365803260796, 53.72839590182562], [9.95438514772733, 53.72832599746441]], [[9.952947023468658, 53.72721038299505], [9.953212992975752, 53.72741670691228], [9.95294571, 53.72724152], [9.952947023468658, 53.72721038299505]], [[9.953069, 53.7269451], [9.952956729028385, 53.72698030360974], [9.953034067627303, 53.72569634868809], [9.953069, 53.7269451]], [[9.9497758, 53.70513259999999], [9.948548691075532, 53.70642806964522], [9.94396114, 53.70346069], [9.9497758, 53.70513259999999]], [[9.94612344038201, 53.70640015354499], [9.945319662760676, 53.70627336906729], [9.94527435, 53.70623397999999], [9.94612344038201, 53.70640015354499]], [[9.9441498, 53.6994832], [9.945496426399947, 53.700647548379195], [9.943587888077404, 53.69939230985833], [9.9441498, 53.6994832]], [[9.942012224725286, 53.652647737022704], [9.9455012, 53.6527498], [9.9456812, 53.65286740000001], [9.944939618586863, 53.65325019453852], [9.942012224725286, 53.652647737022704]], [[9.9427545, 53.6633232], [9.944086649908266, 53.65920453376381], [9.9443573, 53.6592227], [9.9427545, 53.6633232]], [[9.942275789231696, 53.690955691871686], [9.9426521, 53.6955886], [9.9442558, 53.69706040000001], [9.943529191974234, 53.699354369916044], [9.94104195, 53.69733047], [9.942275789231696, 53.690955691871686]], [[9.942800069579212, 53.68704471419102], [9.9434811, 53.6872755], [9.943044474930474, 53.687799666225715], [9.942800069579212, 53.68704471419102]], [[9.9419587, 53.6579368], [9.942805746350787, 53.654835886457725], [9.9430305, 53.6548592], [9.9419587, 53.6579368]], [[9.942649545955765, 53.68686425802618], [9.9427312, 53.6868716], [9.942771810330205, 53.68701083541784], [9.942649545955765, 53.68686425802618]], [[9.941227092312854, 53.666246427236416], [9.941842355476114, 53.66682357610251], [9.94102573, 53.66666412], [9.941227092312854, 53.666246427236416]], [[9.94154263, 53.68544769], [9.941231016609986, 53.68521953908597], [9.941635326674014, 53.685584952142406], [9.94154263, 53.68544769]], [[9.9407315, 53.6847618], [9.941058825770842, 53.68509346781112], [9.94024445284021, 53.68469063638646], [9.9407315, 53.6847618]], [[9.939538773887858, 53.684052887603485], [9.9398527, 53.6837859], [9.9399966, 53.68394989999999], [9.939538773887858, 53.684052887603485]], [[9.9395367, 53.683255], [9.93917847, 53.68326950000001], [9.9384319, 53.683076], [9.9395367, 53.683255]], [[9.939204366153534, 53.67012304862616], [9.937875777101596, 53.67602979594205], [9.93780708, 53.67111588000001], [9.939204366153534, 53.67012304862616]], [[9.937726, 53.6823131], [9.938133559293476, 53.68276334205199], [9.937359476052057, 53.682105305651426], [9.937726, 53.6823131]], [[9.9366352, 53.6797004], [9.9372291, 53.6806463], [9.9365632, 53.6814052], [9.93775, 53.6819961], [9.93631077, 53.68151474], [9.93720055, 53.68060303000001], [9.9355011, 53.67975616], [9.93487549, 53.67897415], [9.9366352, 53.6797004]], [[9.937522363507343, 53.6523259096402], [9.93721532977114, 53.65259836152865], [9.9374734, 53.6523224], [9.937522363507343, 53.6523259096402]], [[9.93737688765252, 53.6769531435759], [9.9364233, 53.6778576], [9.935375613001115, 53.678168399872824], [9.93737688765252, 53.6769531435759]], [[9.93645763, 53.65327072], [9.9352648, 53.6520221], [9.936534423858882, 53.65320257559303], [9.93645763, 53.65327072]], [[9.932666750987362, 53.65277232696661], [9.933678, 53.6525124], [9.934508611080881, 53.652255752273156], [9.932666750987362, 53.65277232696661]], [[9.932427108864552, 53.65279864389747], [9.930404557395699, 53.65302075571377], [9.930957, 53.65265749999999], [9.932427108864552, 53.65279864389747]], [[9.92859784442929, 53.65321916465647], [9.9216778, 53.65411240000001], [9.9230879, 53.65366920000001], [9.9252064, 53.6530629], [9.92859784442929, 53.65321916465647]], [[9.921208357920564, 53.65492901236895], [9.9210304, 53.6547668], [9.921460540054724, 53.65458720972343], [9.921208357920564, 53.65492901236895]], [[9.9195703, 53.6547906], [9.920648262728369, 53.655405739714396], [9.918457305638901, 53.65456610664752], [9.9195703, 53.6547906]], [[9.905091619252847, 53.647057499760486], [9.9068779, 53.6524844], [9.9142946, 53.6531607], [9.9147637, 53.6548532], [9.9173236, 53.6541871], [9.9175417, 53.6541449], [9.91771154285428, 53.6542803105007], [9.91491508, 53.65519714], [9.90475178, 53.6517868], [9.905091619252847, 53.647057499760486]], [[9.91014576, 53.74853516], [9.9100655, 53.7486125], [9.91006266506648, 53.74861424237648], [9.91014576, 53.74853516]], [[9.90680599, 53.74996567000001], [9.908458599735566, 53.749600115835115], [9.906755974618461, 53.749975404860045], [9.90680599, 53.74996567000001]], [[9.9057398, 53.6417447], [9.90514966796732, 53.64621654784464], [9.9046917, 53.64179610999999], [9.901432803074286, 53.64059521947083], [9.9057398, 53.6417447]], [[9.90092754, 53.7651825], [9.9015206, 53.7650536], [9.900801431159307, 53.76551803842657], [9.90092754, 53.7651825]], [[9.900715802382063, 53.76147397715527], [9.89869499, 53.75775146], [9.89751911, 53.75618362], [9.89680767, 53.75503922], [9.89187145, 53.75244522], [9.8966975, 53.7547997], [9.9001329, 53.7590343], [9.900715802382063, 53.76147397715527]], [[9.8998251, 53.63611983999999], [9.9004291, 53.6363569], [9.900439143898224, 53.636840675662825], [9.8998251, 53.63611983999999]], [[9.899607013156636, 53.75088815884689], [9.898038445957, 53.75077816114706], [9.89879227, 53.75076294000001], [9.899607013156636, 53.75088815884689]], [[9.89671421, 53.7508049], [9.8968246, 53.7510621], [9.895560754856609, 53.75126581705783], [9.89671421, 53.7508049]], [[9.89624119, 53.63207626], [9.89220142, 53.63129044], [9.893590568105951, 53.63040902436958], [9.8964109, 53.6311515], [9.896836768357849, 53.63462832880534], [9.89624119, 53.63207626]], [[9.894360118879694, 53.75169926329597], [9.893946, 53.751947], [9.893561844427264, 53.75193853907279], [9.894360118879694, 53.75169926329597]], [[9.89041519, 53.62866210999999], [9.890198321772612, 53.62852776303274], [9.890440287663663, 53.62865956642619], [9.89041519, 53.62866210999999]], [[9.88830307090228, 53.62268427732703], [9.886120295873285, 53.624856534255244], [9.88507938, 53.6235199], [9.88830307090228, 53.62268427732703]], [[9.884539727140089, 53.62171249871766], [9.88217354, 53.62065125], [9.881822263460833, 53.62055338393665], [9.8819736, 53.62042519999999], [9.884539727140089, 53.62171249871766]], [[9.8780215, 53.6190554], [9.880150522174466, 53.62008763481769], [9.877014905635875, 53.618469828275046], [9.8780215, 53.6190554]], [[9.8681548, 53.6092986], [9.86802387, 53.60934448], [9.864923723256563, 53.60826524365935], [9.8681548, 53.6092986]], [[9.8560392, 53.5988574], [9.857861702993779, 53.59950782548096], [9.855406381108308, 53.598671204963516], [9.8560392, 53.5988574]], [[9.854499983322558, 53.59836236114592], [9.85443660970861, 53.598340767372], [9.8544885, 53.5983333], [9.854499983322558, 53.59836236114592]], [[9.8529588, 53.5974246], [9.854264070372315, 53.59828197673047], [9.852406690285203, 53.59747693141137], [9.8529588, 53.5974246]], [[9.84909534, 53.59781265], [9.849075377989278, 53.59779268798928], [9.849462045446923, 53.597756037929976], [9.84909534, 53.59781265]], [[9.849045546455605, 53.5977628564556], [9.848509612500001, 53.5972269225], [9.849296, 53.5973842], [9.849045546455605, 53.5977628564556]], [[9.84471989, 53.59654617], [9.8456953, 53.596693], [9.845847517189902, 53.59672155378224], [9.84471989, 53.59654617]], [[9.8400381, 53.59298569999999], [9.83988585354627, 53.593402885508056], [9.839968720769836, 53.5927987823198], [9.8400381, 53.59298569999999]], [[9.839683965170805, 53.59472927547381], [9.839652375352083, 53.595000667134045], [9.83963776, 53.59500122], [9.839683965170805, 53.59472927547381]], [[9.839517900824518, 53.59249902702353], [9.8395844, 53.5924818], [9.83966284729282, 53.5925034690942], [9.839517900824518, 53.59249902702353]], [[9.8370893, 53.592031], [9.8386408322604, 53.592472148130994], [9.836590216612839, 53.590935738203285], [9.8370893, 53.592031]], [[9.8368981, 53.5887231], [9.836353571458787, 53.589599565484804], [9.836676200683513, 53.58769789832437], [9.8368981, 53.5887231]], [[9.8323706, 53.5865836], [9.83335495, 53.58728409], [9.82950622668488, 53.585604936777024], [9.8323706, 53.5865836]], [[9.820078203295644, 53.585395123440776], [9.8248382, 53.5842314], [9.82631170953925, 53.58516099559363], [9.820078203295644, 53.585395123440776]], [[9.8046753, 53.593737], [9.80467319, 53.59377289], [9.803703881897217, 53.59329495453029], [9.8046753, 53.593737]], [[9.7897157, 53.6039734], [9.798121236512785, 53.59596997783218], [9.79823589, 53.59684753], [9.7897157, 53.6039734]], [[9.7705486, 53.6160312], [9.7890786, 53.6104666], [9.7912245, 53.60863070000001], [9.795089147058848, 53.60992929874769], [9.79114246, 53.60901642], [9.78923225, 53.61145782], [9.7706337, 53.61623001000001], [9.76889133, 53.62283707], [9.77013315911709, 53.62746503224367], [9.7685244, 53.62257499999999], [9.7705486, 53.6160312]], [[9.7635574, 53.62490620000001], [9.7637478, 53.6273888], [9.76659669897888, 53.627481332937705], [9.76367283, 53.62749481000001], [9.76347446, 53.62492371], [9.760061046326953, 53.6242866786978], [9.7635574, 53.62490620000001]], [[9.756502989584163, 53.61189064539815], [9.75910091, 53.61092376999999], [9.757979933618461, 53.608222131876396], [9.7592222, 53.61100759999999], [9.756502989584163, 53.61189064539815]], [[9.7566391, 53.615979], [9.757797705059478, 53.61788709587234], [9.756185443816431, 53.61604360889264], [9.7566391, 53.615979]], [[9.75531722840951, 53.61233195349245], [9.75626965511481, 53.61197748614838], [9.7563118, 53.6120203], [9.75531722840951, 53.61233195349245]], [[9.75353527, 53.61299515], [9.753604627127165, 53.61296933716157], [9.753946877644882, 53.613468763192444], [9.75353527, 53.61299515]], [[9.74843311, 53.60389709], [9.749693, 53.6036262], [9.751209770418182, 53.60336778358801], [9.74843311, 53.60389709]], [[9.7451376, 53.5996437], [9.74823463026633, 53.60364400122197], [9.744443271033473, 53.59884593768364], [9.7451376, 53.5996437]], [[9.7447536, 53.5945958], [9.74637032, 53.59260941000001], [9.746441873404823, 53.59254222730621], [9.7447536, 53.5945958]], [[9.7436785, 53.5967953], [9.743818309180858, 53.598058200517336], [9.744011747568166, 53.59557182801778], [9.7436785, 53.5967953]], [[9.737967804052806, 53.577606707125824], [9.7425212, 53.5779765], [9.74013424, 53.57807541], [9.737967804052806, 53.577606707125824]], [[9.7403539, 53.58127300000001], [9.739128019518597, 53.580102744987784], [9.741570366270233, 53.579344758248986], [9.7414153, 53.5795679], [9.7403539, 53.58127300000001]], [[9.73696041, 53.57738876], [9.7369424, 53.577145], [9.737307888987893, 53.57746393618998], [9.73696041, 53.57738876]]], [[[10.31580084608931, 53.6972594573936], [10.31510630656744, 53.6911753388471], [10.312592891282039, 53.69015963491669], [10.3148536, 53.6933156], [10.3137803, 53.6962704], [10.31580084608931, 53.6972594573936]]], [[[10.30560913182878, 53.69960366656655], [10.31019368477675, 53.69941404335687], [10.311282111162337, 53.69918583989406], [10.30560913182878, 53.69960366656655]]], [[[10.27963922130079, 53.70453867726207], [10.28149189982502, 53.70562575045838], [10.29666417887259, 53.70461148734179], [10.3042116113844, 53.69971495314593], [10.2982939, 53.7002167], [10.2955931, 53.7044393], [10.27963922130079, 53.70453867726207]]], [[[10.28565524117047, 53.67403448594094], [10.283374603698947, 53.6739451014447], [10.281148904724395, 53.677762729311], [10.28565524117047, 53.67403448594094]]], [[[10.275777159353103, 53.64016708871208], [10.28336659839538, 53.64282184664857], [10.2786474713488, 53.63986736932044], [10.275777159353103, 53.64016708871208]]], [[[10.274433845467, 53.693235040779335], [10.283130233494454, 53.693011236568026], [10.2833514, 53.6925747], [10.274433845467, 53.693235040779335]]], [[[10.282823308509673, 53.693629476093065], [10.28073582168496, 53.6967913753204], [10.280572685560559, 53.697771172884536], [10.282823308509673, 53.693629476093065]]], [[[10.281042341677157, 53.677850892496124], [10.2785324, 53.6793687], [10.278629398884743, 53.679847201044275], [10.281042341677157, 53.677850892496124]]], [[[10.278147890518444, 53.64303668974573], [10.2777664, 53.6428954], [10.277316477798118, 53.64307091057358], [10.278147890518444, 53.64303668974573]]], [[[10.2615559, 53.647944], [10.27145982373687, 53.6471826829578], [10.277219314561703, 53.64310881307157], [10.2683527, 53.6473267], [10.2615559, 53.647944]]], [[[10.270231274632998, 53.6734299779925], [10.2720511, 53.6737474], [10.274410428846842, 53.673593770615746], [10.270231274632998, 53.6734299779925]]], [[[10.25842553150061, 53.672967278236015], [10.2615977, 53.6736064], [10.266303535788648, 53.6732760390336], [10.25842553150061, 53.672967278236015]]], [[[10.25658303292708, 53.64217134884272], [10.2626937, 53.6431987], [10.26599994570291, 53.64118803017474], [10.25658303292708, 53.64217134884272]]], [[[10.25556814165459, 53.69321996736771], [10.2584568064819, 53.6946537942348], [10.262239740715968, 53.694303859300874], [10.25556814165459, 53.69321996736771]]], [[[10.25813141071474, 53.67292061672372], [10.257949860066665, 53.670268191707606], [10.2560966, 53.672747], [10.25813141071474, 53.67292061672372]]], [[[10.2548192, 53.6559491], [10.257772188301452, 53.65129183451653], [10.2544544, 53.6509087], [10.2548192, 53.6559491]]], [[[10.25294924904887, 53.662449406279336], [10.25606649172786, 53.65574714606328], [10.2520067, 53.6614089], [10.25294924904887, 53.662449406279336]]], [[[10.25299125572454, 53.66403812074677], [10.252942512230062, 53.66328425226202], [10.2523121, 53.6641855], [10.25299125572454, 53.66403812074677]]], [[[10.2461483657271, 53.6367736300925], [10.2424679, 53.6370415], [10.2459407, 53.6368461], [10.2465782, 53.6391266], [10.250123153763822, 53.63802411456622], [10.2461483657271, 53.6367736300925]]], [[[10.24596077091999, 53.68947910098574], [10.2432377, 53.6888327], [10.243120591167024, 53.68959561255169], [10.24596077091999, 53.68947910098574]]], [[[9.7831974, 53.3096588], [9.7829248, 53.3125604], [9.7864472, 53.3155614], [9.7807975, 53.3230809], [9.7850763, 53.3268894], [9.7977705, 53.3300209], [9.8117883, 53.3377497], [9.8112466, 53.3404347], [9.8265702, 53.3421022], [9.8308255, 53.3533205], [9.8159339, 53.3541914], [9.8159433, 53.3708329], [9.817797, 53.3760371], [9.834279, 53.3737849], [9.8329259, 53.3702248], [9.8400449, 53.3690432], [9.8413334, 53.3725445], [9.8591646, 53.3731107], [9.8592422, 53.3745659], [9.8691565, 53.3764974], [9.8734511, 53.3793305], [9.8743187, 53.3766312], [9.8822552, 53.3765717], [9.9021959, 53.367101], [9.8926413, 53.3609068], [9.8954484, 53.3584606], [9.8955543, 53.3528641], [9.898418, 53.3512769], [9.9083276, 53.3536424], [9.9132335, 53.352109], [9.9116465, 53.3403328], [9.9280203, 53.3405541], [9.930916, 53.3336113], [9.9138776, 53.3316205], [9.9108434, 53.3292707], [9.9080478, 53.3147982], [9.913009, 53.3146532], [9.9138694, 53.3087696], [9.9078457, 53.3102322], [9.9075549, 53.3033434], [9.898798, 53.300044], [9.8982426, 53.2950371], [9.8938102, 53.2885702], [9.8969216, 53.2880077], [9.8889176, 53.2824514], [9.8865634, 53.2757591], [9.8754029, 53.2775461], [9.8783792, 53.2745251], [9.8862881, 53.2737767], [9.8873674, 53.2720278], [9.8821784, 53.2698978], [9.8821076, 53.2689219], [9.8886526, 53.269249], [9.8930404, 53.2722824], [9.892004, 53.2710822], [9.8955354, 53.2697354], [9.8973319, 53.2662732], [9.8928038, 53.2653526], [9.894203, 53.2614482], [9.9189917, 53.2452493], [9.918144, 53.2432085], [9.9008112, 53.2459773], [9.8837361, 53.244478], [9.8739049, 53.2482711], [9.8640716, 53.2567186], [9.8693093, 53.2565909], [9.8729061, 53.258924], [9.8721418, 53.2603897], [9.8759408, 53.2636034], [9.875671, 53.2664382], [9.8664621, 53.2664419], [9.8651157, 53.269194], [9.8457095, 53.2756542], [9.8491049, 53.2807057], [9.8457365, 53.2815312], [9.8514701, 53.2913912], [9.8442164, 53.2893653], [9.8429308, 53.293195], [9.8181021, 53.2972545], [9.7949577, 53.2943771], [9.7963717, 53.3001643], [9.7921309, 53.3001236], [9.7872681, 53.3037455], [9.7815284, 53.3048763], [9.7885567, 53.3051214], [9.7878201, 53.3090636], [9.7784216, 53.3084786], [9.7831974, 53.3096588]]], [[[9.5984647, 53.4715623], [9.6107658, 53.4768488], [9.6199915, 53.4859691], [9.619599, 53.4889561], [9.6257227, 53.496425], [9.6193623, 53.5002205], [9.6212547, 53.5048967], [9.6245783, 53.5051337], [9.6263292, 53.509454], [9.6825384, 53.4956588], [9.6872528, 53.5016248], [9.7130093, 53.4939648], [9.7142777, 53.4950515], [9.7138969, 53.4922595], [9.7503897, 53.4899989], [9.749203, 53.4847685], [9.7604082, 53.4847345], [9.7602543, 53.480817], [9.7679771, 53.4818849], [9.7681481, 53.4799511], [9.7712056, 53.4803091], [9.7714057, 53.4715431], [9.7686671, 53.4712881], [9.7719698, 53.4584815], [9.7759821, 53.4600724], [9.7797206, 53.4570517], [9.7832451, 53.4478468], [9.7835121, 53.4452831], [9.7810205, 53.4452521], [9.7814715, 53.4433493], [9.7834421, 53.4433563], [9.7832448, 53.4404897], [9.7769813, 53.4399315], [9.7746416, 53.436707], [9.765757, 53.435945], [9.7519346, 53.4372998], [9.7495823, 53.4391898], [9.7405759, 53.4378247], [9.7264034, 53.4225392], [9.7187655, 53.4232953], [9.7054266, 53.4157381], [9.6885023, 53.4146391], [9.6836711, 53.4115224], [9.6835687, 53.4138672], [9.6748503, 53.4188332], [9.6731717, 53.4240392], [9.6678062, 53.426459], [9.6694506, 53.4299254], [9.6670223, 53.4328488], [9.6569682, 53.4369597], [9.6333296, 53.4544857], [9.6132479, 53.4536569], [9.6097316, 53.4561644], [9.6029721, 53.4528425], [9.5997318, 53.4556013], [9.6053579, 53.4594599], [9.6012215, 53.4625626], [9.5980464, 53.4622766], [9.5971845, 53.4655527], [9.6021519, 53.4679356], [9.5984647, 53.4715623]]], [[[9.56452179, 53.63208771], [9.55935192, 53.62646103], [9.55462265, 53.62567902], [9.55084896, 53.63277054], [9.53558826, 53.64430237000001], [9.53464699, 53.64928436], [9.54084206, 53.65642166], [9.54182148, 53.6648674], [9.54406357, 53.66196442], [9.54785538, 53.64485549999999], [9.55371189, 53.63801193], [9.56197739, 53.63539505], [9.56452179, 53.63208771]]], [[[9.5572691, 53.63778305], [9.54981136, 53.64464569], [9.54908085, 53.64694976999999], [9.55601883, 53.6423111], [9.5572691, 53.63778305]]], [[[9.53033447, 53.6725235], [9.52684975, 53.66425705], [9.51197147, 53.68526077], [9.50974464, 53.69432831000001], [9.49614811, 53.70968628], [9.50044823, 53.71051788], [9.51056099, 53.70706558], [9.51954269, 53.69889832], [9.52802277, 53.68527984999999], [9.53033447, 53.6725235]]], [[[7.9213891, 54.1851387], [7.91805506, 54.18069458], [7.90805578, 54.18069458], [7.904722209999999, 54.18375015000001], [7.90027809, 54.18458176], [7.91694498, 54.1898613], [7.91916704, 54.18958282], [7.91805506, 54.18541718000001], [7.9213891, 54.1851387]]], [[[7.86027718, 54.19374847], [7.873055929999999, 54.18763733], [7.88527918, 54.18875121999999], [7.89194489, 54.18402863000001], [7.89138889, 54.17930603000001], [7.89472103, 54.17708206], [7.893610950000001, 54.17569351], [7.897499080000001, 54.17597198], [7.89138889, 54.17263794], [7.89138889, 54.17013931], [7.89805603, 54.17124939], [7.8997221, 54.17013931], [7.893610950000001, 54.16875075999999], [7.88916683, 54.16986084], [7.88805485, 54.17486191], [7.88250017, 54.17708206], [7.87916613, 54.18264007999999], [7.865276810000001, 54.18875121999999], [7.86027718, 54.19374847]]]]}}]}